{"type":"FeatureCollection","retrieved":"2026-09-06","source":"NYC Office of Technology and Innovation","url":"https://services6.arcgis.com/yG5s3afENB5iO9fj/arcgis/rest/services/BUILDING_view/FeatureServer/0","features":[{"type":"Feature","id":4115,"geometry":{"type":"Polygon","coordinates":[[[-73.9837171468429,40.7283691772329],[-73.9837501411936,40.7283234225337],[-73.9837633596341,40.7283289391146],[-73.9837684513499,40.7283218780415],[-73.9837780261411,40.7283085995859],[-73.9837648077034,40.7283030830067],[-73.9837848832582,40.7282752439009],[-73.9838042575912,40.7282833295951],[-73.9838285994982,40.7282495720364],[-73.983809225172,40.7282414863463],[-73.9838461494761,40.7281902822913],[-73.9839299269443,40.7282252445639],[-73.9838930038688,40.7282764495462],[-73.9838834463014,40.7282724607557],[-73.9838591044138,40.7283062183257],[-73.9838762760848,40.7283133842794],[-73.9838728705643,40.7283181060713],[-73.9838260765755,40.7283829991849],[-73.9837988950971,40.7284206933678],[-73.9837075021676,40.7283825529284],[-73.9837171468429,40.7283691772329]]]},"properties":{"OBJECTID":4115,"BASE_BBL":"1004370012","BIN":1005901,"CONSTRUCTION_YEAR":1900,"DOITT_ID":758379,"FEATURE_CODE":2100,"GEOM_SOURCE":"Photogrammetric","GROUND_ELEVATION":22,"HEIGHT_ROOF":61.4,"LAST_EDITED_DATE":1503429487000,"LAST_STATUS_TYPE":"Constructed","MAPPLUTO_BBL":"1004370012","NAME":null,"Shape__Area":333.5703125,"Shape__Length":98.31365810604804}},{"type":"Feature","id":4310,"geometry":{"type":"Polygon","coordinates":[[[-73.9835214677656,40.7293625214025],[-73.9834775651309,40.7293440051546],[-73.9834374926943,40.7293271049535],[-73.9834709044093,40.7292812594489],[-73.9834872751386,40.7292587950038],[-73.9836283406156,40.7293182892458],[-73.9835785582715,40.729386599256],[-73.9835214677656,40.7293625214025]]]},"properties":{"OBJECTID":4310,"BASE_BBL":"1004390001","BIN":1077668,"CONSTRUCTION_YEAR":1910,"DOITT_ID":603312,"FEATURE_CODE":2100,"GEOM_SOURCE":"Photogrammetric","GROUND_ELEVATION":23,"HEIGHT_ROOF":24.63,"LAST_EDITED_DATE":1503429454000,"LAST_STATUS_TYPE":"Constructed","MAPPLUTO_BBL":"1004390001","NAME":null,"Shape__Area":206.0078125,"Shape__Length":58.86939181664552}},{"type":"Feature","id":4616,"geometry":{"type":"Polygon","coordinates":[[[-73.9832696289299,40.7274325252492],[-73.9833575017393,40.727311874276],[-73.9834351184167,40.7273445910536],[-73.9833472457046,40.7274652420854],[-73.9832696289299,40.7274325252492]]]},"properties":{"OBJECTID":4616,"BASE_BBL":"1004360026","BIN":1005878,"CONSTRUCTION_YEAR":1900,"DOITT_ID":672607,"FEATURE_CODE":2100,"GEOM_SOURCE":"Photogrammetric","GROUND_ELEVATION":19,"HEIGHT_ROOF":49.9,"LAST_EDITED_DATE":1503430633000,"LAST_STATUS_TYPE":"Constructed","MAPPLUTO_BBL":"1004360026","NAME":null,"Shape__Area":200.140625,"Shape__Length":60.26020519831799}},{"type":"Feature","id":6434,"geometry":{"type":"Polygon","coordinates":[[[-73.9850419955986,40.7274036259173],[-73.9850487779454,40.7273942975247],[-73.9850798739386,40.7273515309815],[-73.9850960607333,40.7273583427266],[-73.9852401560194,40.7274189799489],[-73.9852022777664,40.7274710749369],[-73.9850419955986,40.7274036259173]]]},"properties":{"OBJECTID":6434,"BASE_BBL":"1004350009","BIN":1005820,"CONSTRUCTION_YEAR":1900,"DOITT_ID":10771,"FEATURE_CODE":2100,"GEOM_SOURCE":"Photogrammetric","GROUND_ELEVATION":24,"HEIGHT_ROOF":49.83,"LAST_EDITED_DATE":1503424098000,"LAST_STATUS_TYPE":"Constructed","MAPPLUTO_BBL":"1004350009","NAME":null,"Shape__Area":178.31640625,"Shape__Length":58.29218183238535}},{"type":"Feature","id":8113,"geometry":{"type":"Polygon","coordinates":[[[-73.9873676206147,40.7283582908865],[-73.9874072193406,40.7283033740864],[-73.9874169556157,40.7282898720198],[-73.9874364712453,40.7282980156512],[-73.987471703076,40.7283127184958],[-73.9874965426741,40.7283230842515],[-73.9875301801848,40.7283371214289],[-73.9875746514602,40.7283556785195],[-73.9876297541172,40.7283786735424],[-73.9875681847036,40.7284640594683],[-73.9875092553229,40.7284394682995],[-73.9873553860114,40.7283752578329],[-73.9873676206147,40.7283582908865]]]},"properties":{"OBJECTID":8113,"BASE_BBL":"1004490007","BIN":1006313,"CONSTRUCTION_YEAR":1954,"DOITT_ID":731068,"FEATURE_CODE":2100,"GEOM_SOURCE":"Photogrammetric","GROUND_ELEVATION":33,"HEIGHT_ROOF":31.83,"LAST_EDITED_DATE":1503430644000,"LAST_STATUS_TYPE":"Constructed","MAPPLUTO_BBL":"1004490007","NAME":null,"Shape__Area":386.53125,"Shape__Length":82.6722207521309}},{"type":"Feature","id":8264,"geometry":{"type":"Polygon","coordinates":[[[-73.9871214170156,40.7287155621229],[-73.9871730304721,40.7286448049972],[-73.9871430988553,40.7286321693215],[-73.9871067204283,40.7286820399374],[-73.9870767201567,40.7286693754206],[-73.986927534489,40.7286063968058],[-73.986977239393,40.7285382564289],[-73.9869927744874,40.7285448147895],[-73.9870814328864,40.7285822418121],[-73.9870886198741,40.7285852755319],[-73.987173715657,40.7286211991344],[-73.9871978640612,40.72863139288],[-73.9872495129323,40.7286531963268],[-73.9873348467987,40.7286892197928],[-73.9873656105708,40.7287022067083],[-73.9873006709355,40.7287912337754],[-73.9871214170156,40.7287155621229]]]},"properties":{"OBJECTID":8264,"BASE_BBL":"1004500003","BIN":1079104,"CONSTRUCTION_YEAR":1938,"DOITT_ID":436600,"FEATURE_CODE":2100,"GEOM_SOURCE":"Photogrammetric","GROUND_ELEVATION":33,"HEIGHT_ROOF":71.52,"LAST_EDITED_DATE":1503425951000,"LAST_STATUS_TYPE":"Constructed","MAPPLUTO_BBL":"1004500003","NAME":null,"Shape__Area":614.16015625,"Shape__Length":145.6045390152371}},{"type":"Feature","id":10321,"geometry":{"type":"Polygon","coordinates":[[[-73.9842587814534,40.7293285790049],[-73.9842747567781,40.7293352944802],[-73.9844586703164,40.7294126056102],[-73.9844196476297,40.7294663264911],[-73.9842197598384,40.7293823007194],[-73.9842263696215,40.7293732019839],[-73.9842587814534,40.7293285790049]]]},"properties":{"OBJECTID":10321,"BASE_BBL":"1004520030","BIN":1006449,"CONSTRUCTION_YEAR":1900,"DOITT_ID":542218,"FEATURE_CODE":2100,"GEOM_SOURCE":"Photogrammetric","GROUND_ELEVATION":23,"HEIGHT_ROOF":41.02,"LAST_EDITED_DATE":1503424902000,"LAST_STATUS_TYPE":"Constructed","MAPPLUTO_BBL":"1004520030","NAME":null,"Shape__Area":229.21484375,"Shape__Length":68.90772621166505}},{"type":"Feature","id":12012,"geometry":{"type":"Polygon","coordinates":[[[-73.9847713883031,40.7296141839446],[-73.9848983571074,40.7294393830997],[-73.9849360555606,40.7293874836123],[-73.9850146010467,40.7294205020079],[-73.9849769038199,40.7294724006203],[-73.9848499339751,40.729647201551],[-73.9847713883031,40.7296141839446]]]},"properties":{"OBJECTID":12012,"BASE_BBL":"1004520024","BIN":1006445,"CONSTRUCTION_YEAR":1900,"DOITT_ID":786920,"FEATURE_CODE":2100,"GEOM_SOURCE":"Photogrammetric","GROUND_ELEVATION":26,"HEIGHT_ROOF":54.84,"LAST_EDITED_DATE":1503424901000,"LAST_STATUS_TYPE":"Constructed","MAPPLUTO_BBL":"1004520024","NAME":null,"Shape__Area":380.08984375,"Shape__Length":96.0247793348146}},{"type":"Feature","id":12322,"geometry":{"type":"Polygon","coordinates":[[[-73.9865587741342,40.7284383248073],[-73.9866091837979,40.7283692184238],[-73.9866243069167,40.7283756029882],[-73.9866344352491,40.7283617192176],[-73.9866193109487,40.7283553346544],[-73.9866633515137,40.7282949597411],[-73.9866892076849,40.7283058750991],[-73.9867388605531,40.728326835669],[-73.9867247266282,40.7283462120914],[-73.9866948200355,40.728387210611],[-73.9866780066961,40.7283801135578],[-73.9866678795537,40.7283939973324],[-73.9866846917116,40.7284010952874],[-73.986634283286,40.7284702008032],[-73.9866173937145,40.7284712875572],[-73.9865872253243,40.7285126462211],[-73.9865240234457,40.7284859648699],[-73.9865379691945,40.7284668468965],[-73.9865519253437,40.728466544155],[-73.9865646941352,40.7284490406532],[-73.9865587741342,40.7284383248073]]]},"properties":{"OBJECTID":12322,"BASE_BBL":"1004500049","BIN":1006397,"CONSTRUCTION_YEAR":1920,"DOITT_ID":23180,"FEATURE_CODE":2100,"GEOM_SOURCE":"Photogrammetric","GROUND_ELEVATION":29,"HEIGHT_ROOF":63.07,"LAST_EDITED_DATE":1503424043000,"LAST_STATUS_TYPE":"Constructed","MAPPLUTO_BBL":"1004500049","NAME":null,"Shape__Area":282.1015625,"Shape__Length":92.17723478816548}},{"type":"Feature","id":12323,"geometry":{"type":"Polygon","coordinates":[[[-73.9859524032307,40.7285611610968],[-73.9860162906268,40.7284735799761],[-73.986083256411,40.7283817776053],[-73.9861256133278,40.7283996587176],[-73.9861609324754,40.7284145690907],[-73.9860300794397,40.7285939535702],[-73.9859524032307,40.7285611610968]]]},"properties":{"OBJECTID":12323,"BASE_BBL":"1004500021","BIN":1006372,"CONSTRUCTION_YEAR":1910,"DOITT_ID":392540,"FEATURE_CODE":2100,"GEOM_SOURCE":"Photogrammetric","GROUND_ELEVATION":26,"HEIGHT_ROOF":62.37,"LAST_EDITED_DATE":1503424043000,"LAST_STATUS_TYPE":"Constructed","MAPPLUTO_BBL":"1004500021","NAME":null,"Shape__Area":298.01953125,"Shape__Length":80.01409920611272}},{"type":"Feature","id":14235,"geometry":{"type":"Polygon","coordinates":[[[-73.9845028598018,40.7263711633033],[-73.9845335021677,40.7263290389036],[-73.9845516856927,40.7263249530328],[-73.9845694335873,40.726300554316],[-73.9845577884563,40.7262956512838],[-73.984579873553,40.7262652899751],[-73.9846034076249,40.726275197824],[-73.9846235910959,40.7262474513313],[-73.9846080768865,40.7262409196669],[-73.9846463977371,40.7261882377927],[-73.9847138161231,40.7262166200037],[-73.9846754941256,40.7262693028006],[-73.9846626263656,40.7262638854256],[-73.9846424429059,40.7262916319251],[-73.9846553106696,40.7262970493023],[-73.9846332255967,40.7263274106253],[-73.9846224574809,40.7263228778259],[-73.9846047095997,40.7263472765509],[-73.9846089393343,40.7263607982609],[-73.9845782981852,40.7264029226806],[-73.9845028598018,40.7263711633033]]]},"properties":{"OBJECTID":14235,"BASE_BBL":"1004340021","BIN":1077636,"CONSTRUCTION_YEAR":1900,"DOITT_ID":816665,"FEATURE_CODE":2100,"GEOM_SOURCE":"Photogrammetric","GROUND_ELEVATION":20,"HEIGHT_ROOF":69.8,"LAST_EDITED_DATE":1503423293000,"LAST_STATUS_TYPE":"Constructed","MAPPLUTO_BBL":"1004340021","NAME":null,"Shape__Area":255.7578125,"Shape__Length":92.93060797323498}},{"type":"Feature","id":15386,"geometry":{"type":"Polygon","coordinates":[[[-73.9851152778499,40.7294268573468],[-73.9851512047109,40.7293773961378],[-73.9851661125708,40.7293727280204],[-73.9851819096623,40.7293509809663],[-73.9851898174786,40.7293543048609],[-73.9851952100865,40.7293565721347],[-73.9852201507803,40.7293222362373],[-73.9852068491774,40.729316644171],[-73.9852249433936,40.7292917339186],[-73.9852216799824,40.7292803708801],[-73.9852606711274,40.7292266902449],[-73.9853374636333,40.7292589706799],[-73.9852984725312,40.7293126513409],[-73.9852834595594,40.7293163316039],[-73.9852539613039,40.7293569416767],[-73.9852406762617,40.7293513577211],[-73.9852271396359,40.7293699938154],[-73.9852404246806,40.7293755777726],[-73.985224628786,40.7293973257353],[-73.9852279973374,40.7294096766451],[-73.9851905844674,40.7294611845432],[-73.9851835170153,40.7294582137563],[-73.9851137917997,40.7294289040112],[-73.9851152778499,40.7294268573468]]]},"properties":{"OBJECTID":15386,"BASE_BBL":"1004520043","BIN":1006459,"CONSTRUCTION_YEAR":1900,"DOITT_ID":761951,"FEATURE_CODE":2100,"GEOM_SOURCE":"Photogrammetric","GROUND_ELEVATION":26,"HEIGHT_ROOF":57.79,"LAST_EDITED_DATE":1503429348000,"LAST_STATUS_TYPE":"Constructed","MAPPLUTO_BBL":"1004520043","NAME":null,"Shape__Area":281.71484375,"Shape__Length":95.87176749205841}},{"type":"Feature","id":18445,"geometry":{"type":"Polygon","coordinates":[[[-73.9878771381363,40.7289939301921],[-73.987911094758,40.7289477484655],[-73.9880367382111,40.7290012103848],[-73.988002781649,40.7290473930487],[-73.9878771381363,40.7289939301921]]]},"properties":{"OBJECTID":18445,"BASE_BBL":"1004640039","BIN":1079842,"CONSTRUCTION_YEAR":1884,"DOITT_ID":176051,"FEATURE_CODE":2100,"GEOM_SOURCE":"Photogrammetric","GROUND_ELEVATION":35,"HEIGHT_ROOF":33.46,"LAST_EDITED_DATE":1234569600000,"LAST_STATUS_TYPE":"Constructed","MAPPLUTO_BBL":"1004640039","NAME":null,"Shape__Area":124.5703125,"Shape__Length":47.61338046366993}},{"type":"Feature","id":20128,"geometry":{"type":"Polygon","coordinates":[[[-73.9833104464054,40.7265918627407],[-73.9833518400314,40.7265349358444],[-73.9835112496616,40.7266020214936],[-73.9834698561301,40.7266589484467],[-73.9833104464054,40.7265918627407]]]},"properties":{"OBJECTID":20128,"BASE_BBL":"1004350031","BIN":1005838,"CONSTRUCTION_YEAR":1900,"DOITT_ID":2739,"FEATURE_CODE":2100,"GEOM_SOURCE":"Photogrammetric","GROUND_ELEVATION":18,"HEIGHT_ROOF":41.84,"LAST_EDITED_DATE":1503424008000,"LAST_STATUS_TYPE":"Constructed","MAPPLUTO_BBL":"1004350031","NAME":null,"Shape__Area":193.8046875,"Shape__Length":59.69127264676821}},{"type":"Feature","id":22828,"geometry":{"type":"Polygon","coordinates":[[[-73.9861073195891,40.7289075372013],[-73.986159294304,40.7288359169872],[-73.9862394838102,40.7288695948203],[-73.9861589339998,40.7289805917905],[-73.9861287934677,40.7290221250336],[-73.9861245118635,40.729028023751],[-73.9860876528539,40.7290788152049],[-73.986041222629,40.7290593162728],[-73.9860958676159,40.7289840169335],[-73.986104175064,40.7289725697676],[-73.986075933709,40.7289607084566],[-73.9860704156382,40.7289583907802],[-73.9860719975585,40.7289562117401],[-73.9861073195891,40.7289075372013]]]},"properties":{"OBJECTID":22828,"BASE_BBL":"1004510052","BIN":1006427,"CONSTRUCTION_YEAR":1900,"DOITT_ID":199845,"FEATURE_CODE":2100,"GEOM_SOURCE":"Photogrammetric","GROUND_ELEVATION":28,"HEIGHT_ROOF":45.92,"LAST_EDITED_DATE":1503426886000,"LAST_STATUS_TYPE":"Constructed","MAPPLUTO_BBL":"1004510052","NAME":null,"Shape__Area":295.484375,"Shape__Length":90.56139127838343}},{"type":"Feature","id":23023,"geometry":{"type":"Polygon","coordinates":[[[-73.9827988434825,40.7283921805099],[-73.9828574915868,40.7283114586323],[-73.9829122378204,40.7282361067802],[-73.9829910874956,40.7282692607826],[-73.982910735519,40.7283798556936],[-73.9828647115508,40.7284432014561],[-73.9827858629164,40.7284100473682],[-73.9827988434825,40.7283921805099]]]},"properties":{"OBJECTID":23023,"BASE_BBL":"1004380041","BIN":1005953,"CONSTRUCTION_YEAR":1900,"DOITT_ID":191813,"FEATURE_CODE":2100,"GEOM_SOURCE":"Photogrammetric","GROUND_ELEVATION":20,"HEIGHT_ROOF":55.16,"LAST_EDITED_DATE":1503424851000,"LAST_STATUS_TYPE":"Constructed","MAPPLUTO_BBL":"1004380041","NAME":null,"Shape__Area":292.7890625,"Shape__Length":78.41211192207224}},{"type":"Feature","id":27526,"geometry":{"type":"Polygon","coordinates":[[[-73.9877786630147,40.7291126923929],[-73.9877495170292,40.7291002901908],[-73.9877251292902,40.7290899137329],[-73.9876961158923,40.729077567363],[-73.9876276766528,40.7290484456813],[-73.9875660990245,40.7290222441493],[-73.987656078245,40.7288998674767],[-73.9877310060478,40.728931749893],[-73.9877053836866,40.7289665968518],[-73.9877848378261,40.7290004050037],[-73.9878104589749,40.7289655580273],[-73.9878771381363,40.7289939301921],[-73.9877871591946,40.7291163079364],[-73.9877786630147,40.7291126923929]]]},"properties":{"OBJECTID":27526,"BASE_BBL":"1004640037","BIN":1079843,"CONSTRUCTION_YEAR":1900,"DOITT_ID":329798,"FEATURE_CODE":2100,"GEOM_SOURCE":"Photogrammetric","GROUND_ELEVATION":35,"HEIGHT_ROOF":50.05,"LAST_EDITED_DATE":1503430509000,"LAST_STATUS_TYPE":"Constructed","MAPPLUTO_BBL":"1004640037","NAME":null,"Shape__Area":521.33203125,"Shape__Length":109.32254946509683}},{"type":"Feature","id":31537,"geometry":{"type":"Polygon","coordinates":[[[-73.9856960145214,40.7280591093372],[-73.9857922313395,40.7279272065941],[-73.9858713791386,40.7279606207102],[-73.9857857420231,40.7280780194274],[-73.9857653429986,40.7281059840135],[-73.9856861950801,40.7280725698251],[-73.9856960145214,40.7280591093372]]]},"properties":{"OBJECTID":31537,"BASE_BBL":"1004500038","BIN":1006386,"CONSTRUCTION_YEAR":1900,"DOITT_ID":235480,"FEATURE_CODE":2100,"GEOM_SOURCE":"Photogrammetric","GROUND_ELEVATION":26,"HEIGHT_ROOF":42.22,"LAST_EDITED_DATE":1503424785000,"LAST_STATUS_TYPE":"Constructed","MAPPLUTO_BBL":"1004500038","NAME":null,"Shape__Area":246.07421875,"Shape__Length":68.96846216074118}},{"type":"Feature","id":33348,"geometry":{"type":"Polygon","coordinates":[[[-73.9854407868521,40.7286972770078],[-73.9854506609181,40.728683671567],[-73.9855315134893,40.7285722590905],[-73.9856083953334,40.7286045483641],[-73.9855111362169,40.7287385679067],[-73.9855086567491,40.7287419841253],[-73.9854567503255,40.7287201834673],[-73.9854317759787,40.7287096938854],[-73.9854407868521,40.7286972770078]]]},"properties":{"OBJECTID":33348,"BASE_BBL":"1004510043","BIN":1006420,"CONSTRUCTION_YEAR":1900,"DOITT_ID":664659,"FEATURE_CODE":2100,"GEOM_SOURCE":"Photogrammetric","GROUND_ELEVATION":26,"HEIGHT_ROOF":62.11,"LAST_EDITED_DATE":1503425723000,"LAST_STATUS_TYPE":"Constructed","MAPPLUTO_BBL":"1004510043","NAME":null,"Shape__Area":225.44140625,"Shape__Length":65.65057854053036}},{"type":"Feature","id":34884,"geometry":{"type":"Polygon","coordinates":[[[-73.9831339310025,40.7289218238329],[-73.9832151263693,40.7288100681414],[-73.9832953356522,40.7288437930534],[-73.9832141403787,40.7289555497015],[-73.9831339310025,40.7289218238329]]]},"properties":{"OBJECTID":34884,"BASE_BBL":"1004380015","BIN":1076968,"CONSTRUCTION_YEAR":1900,"DOITT_ID":443871,"FEATURE_CODE":2100,"GEOM_SOURCE":"Photogrammetric","GROUND_ELEVATION":21,"HEIGHT_ROOF":34.17,"LAST_EDITED_DATE":1503423932000,"LAST_STATUS_TYPE":"Constructed","MAPPLUTO_BBL":"1004380015","NAME":null,"Shape__Area":191.36328125,"Shape__Length":57.903225595456384}},{"type":"Feature","id":35694,"geometry":{"type":"Polygon","coordinates":[[[-73.9817216745048,40.72820396311],[-73.9816392439897,40.7281694298885],[-73.9816212654022,40.7281618978656],[-73.9815758218474,40.7281428601492],[-73.9816109703253,40.7280943031217],[-73.9816369297694,40.7281051782077],[-73.9817972422186,40.7281723383998],[-73.9818213115427,40.728182421598],[-73.981786161988,40.728230978689],[-73.9817776236219,40.7282274023179],[-73.9817216745048,40.72820396311]]]},"properties":{"OBJECTID":35694,"BASE_BBL":"1004040002","BIN":1005120,"CONSTRUCTION_YEAR":1910,"DOITT_ID":548180,"FEATURE_CODE":2100,"GEOM_SOURCE":"Photogrammetric","GROUND_ELEVATION":18,"HEIGHT_ROOF":39.08,"LAST_EDITED_DATE":1503429171000,"LAST_STATUS_TYPE":"Constructed","MAPPLUTO_BBL":"1004040002","NAME":null,"Shape__Area":217.65234375,"Shape__Length":69.78053243158186}},{"type":"Feature","id":37296,"geometry":{"type":"Polygon","coordinates":[[[-73.9854031943286,40.7298797654412],[-73.9854371046929,40.7298330801587],[-73.9854523697988,40.7298299122973],[-73.9854786390989,40.7297937475807],[-73.9854936829151,40.7297902041737],[-73.985511151948,40.7297661546854],[-73.9855055655466,40.7297566752278],[-73.9855192975496,40.7297377698741],[-73.9855133833015,40.7297280634474],[-73.985545738791,40.7296835193462],[-73.9855488754652,40.7296792018004],[-73.9856280098668,40.7297124656889],[-73.9855925189269,40.7297613282607],[-73.9855792144593,40.7297629556159],[-73.9855654824681,40.7297818609766],[-73.9855511387807,40.7297829632016],[-73.9855336697579,40.7298070126959],[-73.9855385548599,40.7298189333432],[-73.9855122855824,40.7298550980734],[-73.9855162392215,40.7298663441233],[-73.9854823288957,40.7299130294289],[-73.9854031943286,40.7298797654412]]]},"properties":{"OBJECTID":37296,"BASE_BBL":"1004520015","BIN":1084904,"CONSTRUCTION_YEAR":1900,"DOITT_ID":711409,"FEATURE_CODE":2100,"GEOM_SOURCE":"Photogrammetric","GROUND_ELEVATION":28,"HEIGHT_ROOF":56.3,"LAST_EDITED_DATE":1503425709000,"LAST_STATUS_TYPE":"Constructed","MAPPLUTO_BBL":"1004520015","NAME":null,"Shape__Area":285.33984375,"Shape__Length":91.98428317078576}},{"type":"Feature","id":37560,"geometry":{"type":"Polygon","coordinates":[[[-73.9855247513302,40.7279924043518],[-73.9855044087044,40.727983816341],[-73.985516649585,40.727967036897],[-73.9855224645342,40.727959064522],[-73.9855095111629,40.7279535959031],[-73.9854741853037,40.727938682627],[-73.9854900458739,40.7279169409374],[-73.98555546899,40.7278272530672],[-73.9856321440028,40.7278596233482],[-73.9855328045829,40.7279958038845],[-73.9855311558203,40.7279951075839],[-73.9855247513302,40.7279924043518]]]},"properties":{"OBJECTID":37560,"BASE_BBL":"1004500035","BIN":1006383,"CONSTRUCTION_YEAR":1987,"DOITT_ID":590081,"FEATURE_CODE":2100,"GEOM_SOURCE":"Photogrammetric","GROUND_ELEVATION":26,"HEIGHT_ROOF":62.65,"LAST_EDITED_DATE":1503423919000,"LAST_STATUS_TYPE":"Constructed","MAPPLUTO_BBL":"1004500035","NAME":null,"Shape__Area":197.76953125,"Shape__Length":65.25587181793787}},{"type":"Feature","id":38284,"geometry":{"type":"Polygon","coordinates":[[[-73.9861845432761,40.7290927496349],[-73.9861849328357,40.7290922129784],[-73.9862065208229,40.7290624654568],[-73.9862180335401,40.7290466007704],[-73.9862332088208,40.7290417101211],[-73.9862486123789,40.7290204842673],[-73.9862582339613,40.7290194849504],[-73.9862779072544,40.7289923774784],[-73.9862736471359,40.7289859869602],[-73.986288921605,40.7289649384857],[-73.9862821505139,40.7289541540864],[-73.9863192153334,40.728903079834],[-73.9863976307408,40.7289360126251],[-73.986360565963,40.7289870869024],[-73.986347511266,40.7289895446452],[-73.9863292837473,40.7290146621762],[-73.9863174249565,40.7290096818547],[-73.9862979778306,40.7290364813863],[-73.9863098354411,40.7290414608091],[-73.9862917985288,40.7290663163086],[-73.98629417176,40.7290785770184],[-73.9862606815327,40.7291247259048],[-73.9861857434774,40.7290932540638],[-73.9861845432761,40.7290927496349]]]},"properties":{"OBJECTID":38284,"BASE_BBL":"1004510054","BIN":1006428,"CONSTRUCTION_YEAR":1900,"DOITT_ID":834126,"FEATURE_CODE":2100,"GEOM_SOURCE":"Photogrammetric","GROUND_ELEVATION":29,"HEIGHT_ROOF":68.33,"LAST_EDITED_DATE":1503430426000,"LAST_STATUS_TYPE":"Constructed","MAPPLUTO_BBL":"1004510054","NAME":null,"Shape__Area":266.44921875,"Shape__Length":88.82951438968885}},{"type":"Feature","id":41328,"geometry":{"type":"Polygon","coordinates":[[[-73.9823274342667,40.7296084939303],[-73.9822540935458,40.7297091289118],[-73.9821760403141,40.7296762095676],[-73.9822493811166,40.7295755746353],[-73.9823274342667,40.7296084939303]]]},"properties":{"OBJECTID":41328,"BASE_BBL":"1004400047","BIN":1076988,"CONSTRUCTION_YEAR":1900,"DOITT_ID":226418,"FEATURE_CODE":2100,"GEOM_SOURCE":"Photogrammetric","GROUND_ELEVATION":18,"HEIGHT_ROOF":43.48,"LAST_EDITED_DATE":1503430398000,"LAST_STATUS_TYPE":"Constructed","MAPPLUTO_BBL":"1004400047","NAME":null,"Shape__Area":167.9296875,"Shape__Length":53.66333486898045}},{"type":"Feature","id":43069,"geometry":{"type":"Polygon","coordinates":[[[-73.9835227872139,40.726299837496],[-73.9835660371221,40.7262403551411],[-73.9837254462633,40.7263074404964],[-73.9836821964538,40.7263669229107],[-73.9835227872139,40.726299837496]]]},"properties":{"OBJECTID":43069,"BASE_BBL":"1004350036","BIN":1005843,"CONSTRUCTION_YEAR":1900,"DOITT_ID":615925,"FEATURE_CODE":2100,"GEOM_SOURCE":"Photogrammetric","GROUND_ELEVATION":19,"HEIGHT_ROOF":50.35,"LAST_EDITED_DATE":1503423898000,"LAST_STATUS_TYPE":"Constructed","MAPPLUTO_BBL":"1004350036","NAME":null,"Shape__Area":202.49609375,"Shape__Length":60.54801654243584}},{"type":"Feature","id":43077,"geometry":{"type":"Polygon","coordinates":[[[-73.9833518400314,40.7265349358444],[-73.9833945585869,40.7264761855929],[-73.9835539681196,40.7265432711835],[-73.9835112496616,40.7266020214936],[-73.9833518400314,40.7265349358444]]]},"properties":{"OBJECTID":43077,"BASE_BBL":"1004350032","BIN":1005839,"CONSTRUCTION_YEAR":1900,"DOITT_ID":832669,"FEATURE_CODE":2100,"GEOM_SOURCE":"Photogrammetric","GROUND_ELEVATION":19,"HEIGHT_ROOF":41.47,"LAST_EDITED_DATE":1503423898000,"LAST_STATUS_TYPE":"Constructed","MAPPLUTO_BBL":"1004350032","NAME":null,"Shape__Area":200,"Shape__Length":60.30274652652223}},{"type":"Feature","id":43924,"geometry":{"type":"Polygon","coordinates":[[[-73.9875270759422,40.7295354795016],[-73.9875365258309,40.729522388028],[-73.9873442221963,40.7294420569856],[-73.9873347722813,40.7294551484435],[-73.9872845880702,40.7294341844732],[-73.9873500329369,40.729343519453],[-73.9873578438054,40.7293467828539],[-73.9874507634907,40.7293855986401],[-73.9876550953284,40.7294709538329],[-73.987589649568,40.7295616190248],[-73.9875270759422,40.7295354795016]]]},"properties":{"OBJECTID":43924,"BASE_BBL":"1004650055","BIN":1006800,"CONSTRUCTION_YEAR":1920,"DOITT_ID":35822,"FEATURE_CODE":2100,"GEOM_SOURCE":"Photogrammetric","GROUND_ELEVATION":34,"HEIGHT_ROOF":76.09,"LAST_EDITED_DATE":1503429117000,"LAST_STATUS_TYPE":"Constructed","MAPPLUTO_BBL":"1004650055","NAME":null,"Shape__Area":535.08203125,"Shape__Length":112.30031827671696}},{"type":"Feature","id":43990,"geometry":{"type":"Polygon","coordinates":[[[-73.9841359838372,40.7277977051869],[-73.9841422216624,40.7277891404048],[-73.9842243872171,40.7276763251197],[-73.9842491927744,40.7276422658624],[-73.9843673707688,40.7276920774096],[-73.9843244095751,40.7277510657136],[-73.9842789842052,40.7278134368769],[-73.9842541620225,40.7278475177498],[-73.9841359838372,40.7277977051869]]]},"properties":{"OBJECTID":43990,"BASE_BBL":"1004360012","BIN":1005867,"CONSTRUCTION_YEAR":1920,"DOITT_ID":634647,"FEATURE_CODE":2100,"GEOM_SOURCE":"Photogrammetric","GROUND_ELEVATION":22,"HEIGHT_ROOF":55.75,"LAST_EDITED_DATE":1503425677000,"LAST_STATUS_TYPE":"Constructed","MAPPLUTO_BBL":"1004360012","NAME":null,"Shape__Area":392.6015625,"Shape__Length":82.2674644446532}},{"type":"Feature","id":43999,"geometry":{"type":"Polygon","coordinates":[[[-73.9851229776368,40.7281348424806],[-73.9851641444729,40.7280784101955],[-73.9853714471322,40.7281659274588],[-73.9853302804176,40.7282223598174],[-73.9851229776368,40.7281348424806]]]},"properties":{"OBJECTID":43999,"BASE_BBL":"1004500030","BIN":1006380,"CONSTRUCTION_YEAR":1900,"DOITT_ID":637700,"FEATURE_CODE":2100,"GEOM_SOURCE":"Photogrammetric","GROUND_ELEVATION":26,"HEIGHT_ROOF":49.81,"LAST_EDITED_DATE":1503425677000,"LAST_STATUS_TYPE":"Constructed","MAPPLUTO_BBL":"1004500030","NAME":null,"Shape__Area":250.2109375,"Shape__Length":71.77640394435933}},{"type":"Feature","id":44535,"geometry":{"type":"Polygon","coordinates":[[[-73.9868387028,40.7273426988989],[-73.986864748935,40.7273069399581],[-73.9869271195938,40.7272213113483],[-73.9870060457993,40.7272545814817],[-73.9869428677084,40.7273413194693],[-73.9869176279212,40.7273759699928],[-73.9868387028,40.7273426988989]]]},"properties":{"OBJECTID":44535,"BASE_BBL":"1004480018","BIN":1006275,"CONSTRUCTION_YEAR":1839,"DOITT_ID":142400,"FEATURE_CODE":2100,"GEOM_SOURCE":"Photogrammetric","GROUND_ELEVATION":30,"HEIGHT_ROOF":49.39,"LAST_EDITED_DATE":1580232126000,"LAST_STATUS_TYPE":"Constructed","MAPPLUTO_BBL":"1004480018","NAME":null,"Shape__Area":204.7578125,"Shape__Length":60.84207821957179}},{"type":"Feature","id":44738,"geometry":{"type":"Polygon","coordinates":[[[-73.9848867261417,40.7273335730599],[-73.9849268945536,40.7272783302949],[-73.9849702231755,40.7272187411708],[-73.9850498431811,40.7272522459676],[-73.9849637223421,40.7273706886124],[-73.9848841022386,40.7273371828562],[-73.9848867261417,40.7273335730599]]]},"properties":{"OBJECTID":44738,"BASE_BBL":"1004350011","BIN":1005822,"CONSTRUCTION_YEAR":1900,"DOITT_ID":61487,"FEATURE_CODE":2100,"GEOM_SOURCE":"Photogrammetric","GROUND_ELEVATION":24,"HEIGHT_ROOF":50.52,"LAST_EDITED_DATE":1503426742000,"LAST_STATUS_TYPE":"Constructed","MAPPLUTO_BBL":"1004350011","NAME":null,"Shape__Area":201.39453125,"Shape__Length":60.00593968096165}},{"type":"Feature","id":47897,"geometry":{"type":"Polygon","coordinates":[[[-73.9855035483663,40.7301107937146],[-73.9854109584125,40.7302372197432],[-73.9853764771676,40.7302843011667],[-73.9852492117914,40.7302303633794],[-73.9851219478051,40.7301764254511],[-73.9852490182772,40.7300029182772],[-73.9853762832187,40.7300568560664],[-73.9855035483663,40.7301107937146]]]},"properties":{"OBJECTID":47897,"BASE_BBL":"1004530061","BIN":1088706,"CONSTRUCTION_YEAR":2008,"DOITT_ID":1238507,"FEATURE_CODE":2100,"GEOM_SOURCE":"Photogrammetric","GROUND_ELEVATION":26,"HEIGHT_ROOF":78.2988129,"LAST_EDITED_DATE":1503428651000,"LAST_STATUS_TYPE":"Constructed","MAPPLUTO_BBL":"1004537501","NAME":null,"Shape__Area":946.3515625,"Shape__Length":123.22981670049424}},{"type":"Feature","id":52248,"geometry":{"type":"Polygon","coordinates":[[[-73.9842541620225,40.7278475177498],[-73.9842789842052,40.7278134368769],[-73.9843244095751,40.7277510657136],[-73.984348048287,40.7277610294584],[-73.9843637682842,40.7277394445929],[-73.9844062935917,40.7277573695867],[-73.9843564717582,40.7278257780977],[-73.9843552556948,40.7278274483766],[-73.9843203261178,40.7278754065342],[-73.9842541620225,40.7278475177498]]]},"properties":{"OBJECTID":52248,"BASE_BBL":"1004360011","BIN":1005866,"CONSTRUCTION_YEAR":1900,"DOITT_ID":757812,"FEATURE_CODE":2100,"GEOM_SOURCE":"Photogrammetric","GROUND_ELEVATION":22,"HEIGHT_ROOF":38.52,"LAST_EDITED_DATE":1503426345000,"LAST_STATUS_TYPE":"Constructed","MAPPLUTO_BBL":"1004367501","NAME":null,"Shape__Area":156.00390625,"Shape__Length":56.46529482866908}},{"type":"Feature","id":55506,"geometry":{"type":"Polygon","coordinates":[[[-73.9837120556158,40.7290377944285],[-73.9836788008876,40.7290238120227],[-73.9837094876366,40.7289815734991],[-73.9837602408497,40.7290029128203],[-73.9838327974061,40.7290334196602],[-73.9840105500647,40.7291081569901],[-73.9839798622646,40.729150395593],[-73.9838019651269,40.7290755978618],[-73.9837295529394,40.7290451513572],[-73.9837120556158,40.7290377944285]]]},"properties":{"OBJECTID":55506,"BASE_BBL":"1004380006","BIN":1077664,"CONSTRUCTION_YEAR":1900,"DOITT_ID":830930,"FEATURE_CODE":2100,"GEOM_SOURCE":"Other (Manual)","GROUND_ELEVATION":21,"HEIGHT_ROOF":51,"LAST_EDITED_DATE":1503429451000,"LAST_STATUS_TYPE":"Constructed","MAPPLUTO_BBL":"1004380006","NAME":null,"Shape__Area":271.47265625,"Shape__Length":90.81995403778018}},{"type":"Feature","id":56409,"geometry":{"type":"Polygon","coordinates":[[[-73.9827881606863,40.7299403597482],[-73.9828648401991,40.7298351431383],[-73.9828749376488,40.7298394022454],[-73.9830177697707,40.7298996404129],[-73.9829396753469,40.7300067993114],[-73.9829330144132,40.7300159402887],[-73.982940618832,40.7300899010941],[-73.9828720975222,40.7300939783328],[-73.9828737884271,40.7301104281763],[-73.9828581295201,40.7301113596741],[-73.9828628444496,40.7301572160785],[-73.9827663434587,40.7301629586305],[-73.9826791019085,40.7301681495822],[-73.982675837085,40.7301364007574],[-73.982668515156,40.7300651901309],[-73.9826664688907,40.730045292183],[-73.9827537102811,40.7300401012408],[-73.9827929462923,40.7300377666876],[-73.9827941613228,40.7300495761401],[-73.9828880093215,40.7300439916601],[-73.9828813956533,40.7299796808491],[-73.9827881606863,40.7299403597482]]]},"properties":{"OBJECTID":56409,"BASE_BBL":"1004400055","BIN":1086103,"CONSTRUCTION_YEAR":1900,"DOITT_ID":651834,"FEATURE_CODE":2100,"GEOM_SOURCE":"Other (Manual)","GROUND_ELEVATION":21,"HEIGHT_ROOF":68,"LAST_EDITED_DATE":1503424678000,"LAST_STATUS_TYPE":"Constructed","MAPPLUTO_BBL":"1004407502","NAME":null,"Shape__Area":818.16015625,"Shape__Length":172.44962182270078}},{"type":"Feature","id":57243,"geometry":{"type":"Polygon","coordinates":[[[-73.9872483513508,40.7283085192236],[-73.9872597405696,40.7282927237571],[-73.9872976864376,40.7282400995069],[-73.9873045218683,40.7282429521723],[-73.9873380421192,40.7282569407656],[-73.987345674133,40.7282601258039],[-73.9873574973646,40.7282650591896],[-73.9873081623207,40.7283334789318],[-73.9872483513508,40.7283085192236]]]},"properties":{"OBJECTID":57243,"BASE_BBL":"1004490009","BIN":1006315,"CONSTRUCTION_YEAR":1900,"DOITT_ID":249837,"FEATURE_CODE":2100,"GEOM_SOURCE":"Other (Manual)","GROUND_ELEVATION":32,"HEIGHT_ROOF":55,"LAST_EDITED_DATE":1503423224000,"LAST_STATUS_TYPE":"Constructed","MAPPLUTO_BBL":"1004497501","NAME":null,"Shape__Area":87.0546875,"Shape__Length":38.10818322367378}},{"type":"Feature","id":58896,"geometry":{"type":"Polygon","coordinates":[[[-73.9885346543387,40.7282618671475],[-73.9884475450754,40.7283813010416],[-73.9881320562485,40.7282481323263],[-73.9882194062558,40.7281283700076],[-73.9885346543387,40.7282618671475]]]},"properties":{"OBJECTID":58896,"BASE_BBL":"1004630035","BIN":1090776,"CONSTRUCTION_YEAR":2022,"DOITT_ID":1292454,"FEATURE_CODE":2100,"GEOM_SOURCE":"Other (Manual)","GROUND_ELEVATION":35,"HEIGHT_ROOF":94,"LAST_EDITED_DATE":1714754992000,"LAST_STATUS_TYPE":"Constructed","MAPPLUTO_BBL":"1004637502","NAME":null,"Shape__Area":806.95703125,"Shape__Length":120.5480946013085}},{"type":"Feature","id":63015,"geometry":{"type":"Polygon","coordinates":[[[-73.987911094758,40.7289477484655],[-73.9876964881577,40.7288564312551],[-73.9877798624375,40.7287430363529],[-73.9879944687869,40.7288343534094],[-73.9879986779746,40.7288286275124],[-73.9881594801275,40.7288970504084],[-73.9881426895881,40.7289198864852],[-73.9880739430959,40.7290133873214],[-73.9879131407501,40.728944964307],[-73.987911094758,40.7289477484655]]]},"properties":{"OBJECTID":63015,"BASE_BBL":"1004640040","BIN":1006748,"CONSTRUCTION_YEAR":1920,"DOITT_ID":164317,"FEATURE_CODE":2100,"GEOM_SOURCE":"Photogrammetric","GROUND_ELEVATION":35,"HEIGHT_ROOF":58.26,"LAST_EDITED_DATE":1503425206000,"LAST_STATUS_TYPE":"Constructed","MAPPLUTO_BBL":"1004647503","NAME":null,"Shape__Area":924.0546875,"Shape__Length":135.9178958063499}},{"type":"Feature","id":63746,"geometry":{"type":"Polygon","coordinates":[[[-73.9835304857836,40.7258454276832],[-73.9833660771457,40.7257774291156],[-73.9834439463903,40.7256772820996],[-73.9834551393708,40.7256813693186],[-73.9835320467029,40.7255737667876],[-73.9835219559888,40.7255686468497],[-73.9835530609915,40.7255186694314],[-73.9837107854236,40.7255848927861],[-73.9835304857836,40.7258454276832]]]},"properties":{"OBJECTID":63746,"BASE_BBL":"1004020003","BIN":1090420,"CONSTRUCTION_YEAR":2016,"DOITT_ID":1282896,"FEATURE_CODE":2100,"GEOM_SOURCE":"Other (Manual)","GROUND_ELEVATION":16,"HEIGHT_ROOF":82,"LAST_EDITED_DATE":1510955855000,"LAST_STATUS_TYPE":"Constructed","MAPPLUTO_BBL":"1004027503","NAME":null,"Shape__Area":844.83203125,"Shape__Length":130.03808092892655}},{"type":"Feature","id":65404,"geometry":{"type":"Polygon","coordinates":[[[-73.9858982792004,40.7287262951989],[-73.9859608076041,40.728752556273],[-73.9858522185548,40.7289021868406],[-73.9857896912373,40.7288759257083],[-73.9858982792004,40.7287262951989]]]},"properties":{"OBJECTID":65404,"BASE_BBL":"1004510048","BIN":1088696,"CONSTRUCTION_YEAR":2017,"DOITT_ID":1286969,"FEATURE_CODE":2100,"GEOM_SOURCE":"Other (Manual)","GROUND_ELEVATION":28,"HEIGHT_ROOF":60,"LAST_EDITED_DATE":1538497168000,"LAST_STATUS_TYPE":"Constructed","MAPPLUTO_BBL":"1004510048","NAME":null,"Shape__Area":199.62890625,"Shape__Length":66.0860095574093}},{"type":"Feature","id":65471,"geometry":{"type":"Polygon","coordinates":[[[-73.9829474618789,40.7275602525434],[-73.9828601315657,40.7275234537865],[-73.9829053695147,40.7274624177067],[-73.9829917373897,40.7274993369558],[-73.9829474618789,40.7275602525434]]]},"properties":{"OBJECTID":65471,"BASE_BBL":"1004370132","BIN":1089855,"CONSTRUCTION_YEAR":1900,"DOITT_ID":1286988,"FEATURE_CODE":2100,"GEOM_SOURCE":"Other (Manual)","GROUND_ELEVATION":19,"HEIGHT_ROOF":56,"LAST_EDITED_DATE":1538587384000,"LAST_STATUS_TYPE":"Constructed","MAPPLUTO_BBL":"1004370132","NAME":null,"Shape__Area":113.57421875,"Shape__Length":42.660890139246035}},{"type":"Feature","id":65472,"geometry":{"type":"Polygon","coordinates":[[[-73.9828601315657,40.7275234537865],[-73.9827728012566,40.7274870124652],[-73.9828172976462,40.7274237736638],[-73.9828925172547,40.7274562275004],[-73.9829053695147,40.7274624177067],[-73.9828601315657,40.7275234537865]]]},"properties":{"OBJECTID":65472,"BASE_BBL":"1004370133","BIN":1089856,"CONSTRUCTION_YEAR":1900,"DOITT_ID":1286989,"FEATURE_CODE":2100,"GEOM_SOURCE":"Other (Manual)","GROUND_ELEVATION":19,"HEIGHT_ROOF":57,"LAST_EDITED_DATE":1538588020000,"LAST_STATUS_TYPE":"Constructed","MAPPLUTO_BBL":"1004370133","NAME":null,"Shape__Area":117.0546875,"Shape__Length":43.239325421677336}},{"type":"Feature","id":65473,"geometry":{"type":"Polygon","coordinates":[[[-73.9827728012566,40.7274870124652],[-73.9826848686963,40.7274499595413],[-73.982732346051,40.7273854028753],[-73.9828172976462,40.7274237736638],[-73.9827728012566,40.7274870124652]]]},"properties":{"OBJECTID":65473,"BASE_BBL":"1004370134","BIN":1089857,"CONSTRUCTION_YEAR":1900,"DOITT_ID":1286990,"FEATURE_CODE":2100,"GEOM_SOURCE":"Other (Manual)","GROUND_ELEVATION":19,"HEIGHT_ROOF":56,"LAST_EDITED_DATE":1538588119000,"LAST_STATUS_TYPE":"Alteration","MAPPLUTO_BBL":"1004370134","NAME":null,"Shape__Area":118.68359375,"Shape__Length":43.59297858721713}},{"type":"Feature","id":66911,"geometry":{"type":"Polygon","coordinates":[[[-73.982718694116,40.7298561139602],[-73.9827242229982,40.7298485271033],[-73.9827444533937,40.7298570588542],[-73.9827491569081,40.7298506047124],[-73.9827849732163,40.7298014603062],[-73.9828648401991,40.7298351431383],[-73.9828247751427,40.7298901177294],[-73.9828187891801,40.7298983321775],[-73.9827430849309,40.729866399626],[-73.9827389245134,40.7298646448116],[-73.982718694116,40.7298561139602]]]},"properties":{"OBJECTID":66911,"BASE_BBL":"1004400054","BIN":1076984,"CONSTRUCTION_YEAR":1900,"DOITT_ID":515952,"FEATURE_CODE":2100,"GEOM_SOURCE":"Other (Manual)","GROUND_ELEVATION":20,"HEIGHT_ROOF":49,"LAST_EDITED_DATE":1503429775000,"LAST_STATUS_TYPE":"Constructed","MAPPLUTO_BBL":"1004400054","NAME":null,"Shape__Area":111.17578125,"Shape__Length":46.71162332026676}},{"type":"Feature","id":67064,"geometry":{"type":"Polygon","coordinates":[[[-73.9837094876366,40.7289815734991],[-73.9837136072247,40.7289759026771],[-73.9837393158531,40.7289405181144],[-73.9837900690445,40.7289618574226],[-73.9838385023909,40.7289822211319],[-73.9838623166474,40.7289922336267],[-73.9840403781524,40.7290671015281],[-73.9840105500647,40.7291081569901],[-73.9838327974061,40.7290334196602],[-73.9837602408497,40.7290029128203],[-73.9837094876366,40.7289815734991]]]},"properties":{"OBJECTID":67064,"BASE_BBL":"1004380006","BIN":1082526,"CONSTRUCTION_YEAR":1900,"DOITT_ID":65351,"FEATURE_CODE":2100,"GEOM_SOURCE":"Other (Manual)","GROUND_ELEVATION":22,"HEIGHT_ROOF":40,"LAST_EDITED_DATE":1503426122000,"LAST_STATUS_TYPE":"Constructed","MAPPLUTO_BBL":"1004380006","NAME":null,"Shape__Area":263.86328125,"Shape__Length":90.4232627995101}},{"type":"Feature","id":67742,"geometry":{"type":"Polygon","coordinates":[[[-73.9847517813489,40.7292133198757],[-73.9847773166396,40.7291781655896],[-73.9848203233846,40.7291189565095],[-73.9848451280108,40.72908480798],[-73.9849252804535,40.7291185002299],[-73.9849153991137,40.7291321047235],[-73.9848868349739,40.7291714288991],[-73.9848693528463,40.7291954972036],[-73.9848355229281,40.7292420715709],[-73.9848319338988,40.7292470130905],[-73.9847517813489,40.7292133198757]]]},"properties":{"OBJECTID":67742,"BASE_BBL":"1004520038","BIN":1066662,"CONSTRUCTION_YEAR":1987,"DOITT_ID":545861,"FEATURE_CODE":2100,"GEOM_SOURCE":"Photogrammetric","GROUND_ELEVATION":25,"HEIGHT_ROOF":57.5,"LAST_EDITED_DATE":1503423593000,"LAST_STATUS_TYPE":"Constructed","MAPPLUTO_BBL":"1004527501","NAME":null,"Shape__Area":219.8671875,"Shape__Length":63.50493065321897}},{"type":"Feature","id":71143,"geometry":{"type":"Polygon","coordinates":[[[-73.9837336898389,40.726296104251],[-73.9837686817859,40.7262479805762],[-73.9837957119746,40.7262593560123],[-73.9838133115464,40.7262667624737],[-73.9837871800951,40.7263027008193],[-73.9837695260489,40.7262953699892],[-73.9837561884827,40.7262897570362],[-73.983747382473,40.7263018676418],[-73.9837336898389,40.726296104251]]]},"properties":{"OBJECTID":71143,"BASE_BBL":"1004350037","BIN":1077646,"CONSTRUCTION_YEAR":1900,"DOITT_ID":1281274,"FEATURE_CODE":2100,"GEOM_SOURCE":"Photogrammetric","GROUND_ELEVATION":19,"HEIGHT_ROOF":49.32,"LAST_EDITED_DATE":1503428467000,"LAST_STATUS_TYPE":"Constructed","MAPPLUTO_BBL":"1004350037","NAME":null,"Shape__Area":37.84765625,"Shape__Length":27.495349845577437}},{"type":"Feature","id":86931,"geometry":{"type":"Polygon","coordinates":[[[-73.98518756999,40.727232488586],[-73.9851545928157,40.7272186110976],[-73.9851203882734,40.7272042174496],[-73.9851200414819,40.7272040715223],[-73.9850916448227,40.7271921225975],[-73.9851340650666,40.7271337777971],[-73.9851624628921,40.7271457276122],[-73.985175625577,40.7271512665373],[-73.9851828146931,40.7271542913719],[-73.9852168026264,40.7271685940222],[-73.985217149418,40.7271687399492],[-73.9852403347457,40.7271784963364],[-73.985363135783,40.7272301724113],[-73.9853207133109,40.7272885172952],[-73.98518756999,40.727232488586]]]},"properties":{"OBJECTID":86931,"BASE_BBL":"1004350006","BIN":1005817,"CONSTRUCTION_YEAR":1920,"DOITT_ID":412765,"FEATURE_CODE":2100,"GEOM_SOURCE":"Photogrammetric","GROUND_ELEVATION":23,"HEIGHT_ROOF":65.2,"LAST_EDITED_DATE":1503429775000,"LAST_STATUS_TYPE":"Constructed","MAPPLUTO_BBL":"1004350006","NAME":null,"Shape__Area":285.40625,"Shape__Length":77.90576549178651}},{"type":"Feature","id":87314,"geometry":{"type":"Polygon","coordinates":[[[-73.9879479618247,40.7291847302246],[-73.9879010634894,40.7291647745354],[-73.9879279826206,40.7291331109686],[-73.9878113074559,40.7290834653368],[-73.9878519787814,40.7290281495773],[-73.9878771381363,40.7289939301921],[-73.988002781649,40.7290473930487],[-73.9880379405632,40.7290623532564],[-73.9880261216522,40.7290784270108],[-73.9879479618247,40.7291847302246]]]},"properties":{"OBJECTID":87314,"BASE_BBL":"1004640037","BIN":1079844,"CONSTRUCTION_YEAR":1900,"DOITT_ID":147896,"FEATURE_CODE":2100,"GEOM_SOURCE":"Photogrammetric","GROUND_ELEVATION":28,"HEIGHT_ROOF":17.82308705,"LAST_EDITED_DATE":1503428444000,"LAST_STATUS_TYPE":"Constructed","MAPPLUTO_BBL":"1004640037","NAME":null,"Shape__Area":341.1796875,"Shape__Length":82.58064900500626}},{"type":"Feature","id":87830,"geometry":{"type":"Polygon","coordinates":[[[-73.9852905397507,40.7271214456066],[-73.9854127347235,40.7271728667076],[-73.9853692087895,40.7272327279272],[-73.985363135783,40.7272301724113],[-73.9852403347457,40.7271784963364],[-73.985217149418,40.7271687399492],[-73.9852168026264,40.7271685940222],[-73.9851828146931,40.7271542913719],[-73.985175625577,40.7271512665373],[-73.9851624628921,40.7271457276122],[-73.9851340650666,40.7271337777971],[-73.9851012287994,40.7271199588445],[-73.9851447549007,40.7270600968248],[-73.985260327472,40.7271087319591],[-73.9852905397507,40.7271214456066]]]},"properties":{"OBJECTID":87830,"BASE_BBL":"1004350005","BIN":1005816,"CONSTRUCTION_YEAR":1910,"DOITT_ID":297901,"FEATURE_CODE":2100,"GEOM_SOURCE":"Photogrammetric","GROUND_ELEVATION":26,"HEIGHT_ROOF":49.63,"LAST_EDITED_DATE":1503429775000,"LAST_STATUS_TYPE":"Constructed","MAPPLUTO_BBL":"1004350005","NAME":null,"Shape__Area":342.58203125,"Shape__Length":88.32377768110906}},{"type":"Feature","id":87951,"geometry":{"type":"Polygon","coordinates":[[[-73.9826777289565,40.7299123247634],[-73.9827156898805,40.7298602360382],[-73.9827181280834,40.7298568910142],[-73.982718694116,40.7298561139602],[-73.9827389245134,40.7298646448116],[-73.9827430849309,40.729866399626],[-73.9828187891801,40.7298983321775],[-73.9828182243327,40.7298991065307],[-73.982816382953,40.7299016339839],[-73.9827881606863,40.7299403597482],[-73.9827778264472,40.7299545403148],[-73.9827126587276,40.7299270569312],[-73.9826979593652,40.7299208574229],[-73.9826777289565,40.7299123247634]]]},"properties":{"OBJECTID":87951,"BASE_BBL":"1004400054","BIN":1076985,"CONSTRUCTION_YEAR":1900,"DOITT_ID":1116991,"FEATURE_CODE":2100,"GEOM_SOURCE":"Photogrammetric","GROUND_ELEVATION":19,"HEIGHT_ROOF":43.43,"LAST_EDITED_DATE":1420070400000,"LAST_STATUS_TYPE":"Constructed","MAPPLUTO_BBL":"1004400054","NAME":null,"Shape__Area":120.2890625,"Shape__Length":44.36973922575004}},{"type":"Feature","id":110507,"geometry":{"type":"Polygon","coordinates":[[[-73.9829423221658,40.7302012339353],[-73.9829137376139,40.730189179091],[-73.9829469168409,40.7301436515888],[-73.9830343453174,40.7301805232217],[-73.983166430973,40.7302362291592],[-73.9831775771973,40.7302409296421],[-73.9831645099423,40.7302588604621],[-73.9831443980794,40.7302864572101],[-73.9829423221658,40.7302012339353]]]},"properties":{"OBJECTID":110507,"BASE_BBL":"1004400005","BIN":1005979,"CONSTRUCTION_YEAR":1910,"DOITT_ID":690541,"FEATURE_CODE":2100,"GEOM_SOURCE":"Other (Manual)","GROUND_ELEVATION":22,"HEIGHT_ROOF":66,"LAST_EDITED_DATE":1503422813000,"LAST_STATUS_TYPE":"Constructed","MAPPLUTO_BBL":"1004407501","NAME":null,"Shape__Area":224.5078125,"Shape__Length":74.05153108456747}},{"type":"Feature","id":111508,"geometry":{"type":"Polygon","coordinates":[[[-73.9850167757677,40.727050126919],[-73.9850542608181,40.7269985722433],[-73.9850717563566,40.7269963151353],[-73.9850875754075,40.7269745599854],[-73.9850968239376,40.7269784522822],[-73.9851150797705,40.7269533448486],[-73.9850936912202,40.7269443432951],[-73.9851124088279,40.7269186001621],[-73.9851231877258,40.7269231365186],[-73.9851532781867,40.726881753005],[-73.9851424992936,40.7268772166512],[-73.9851709486205,40.7268380904972],[-73.985248301709,40.7268706412274],[-73.9852204527298,40.7269089426111],[-73.9852110231138,40.7269049737577],[-73.9851804519508,40.7269470181981],[-73.9851898827549,40.7269509861537],[-73.9851710443941,40.7269768949773],[-73.9851480710084,40.7269672277536],[-73.9851298151842,40.7269923351925],[-73.9851425446438,40.7269976921628],[-73.9851267256053,40.7270194473202],[-73.9851316140357,40.7270311239518],[-73.9850941290268,40.7270826786523],[-73.9850167757677,40.727050126919]]]},"properties":{"OBJECTID":111508,"BASE_BBL":"1004350056","BIN":1005856,"CONSTRUCTION_YEAR":1891,"DOITT_ID":698826,"FEATURE_CODE":2100,"GEOM_SOURCE":"Photogrammetric","GROUND_ELEVATION":23,"HEIGHT_ROOF":58.24,"LAST_EDITED_DATE":1580231962000,"LAST_STATUS_TYPE":"Constructed","MAPPLUTO_BBL":"1004350056","NAME":null,"Shape__Area":296.3203125,"Shape__Length":105.72130331755842}},{"type":"Feature","id":113426,"geometry":{"type":"Polygon","coordinates":[[[-73.9854572143958,40.7267235183106],[-73.9856105749197,40.7267880806628],[-73.9856741701563,40.7268148535222],[-73.985646648245,40.7268526894867],[-73.9855552754185,40.7268142227227],[-73.9854296935827,40.7267613542239],[-73.9854572143958,40.7267235183106]]]},"properties":{"OBJECTID":113426,"BASE_BBL":"1004340009","BIN":1005776,"CONSTRUCTION_YEAR":1920,"DOITT_ID":203440,"FEATURE_CODE":2100,"GEOM_SOURCE":"Photogrammetric","GROUND_ELEVATION":25,"HEIGHT_ROOF":56.79,"LAST_EDITED_DATE":1503424257000,"LAST_STATUS_TYPE":"Constructed","MAPPLUTO_BBL":"1004340009","NAME":null,"Shape__Area":175.3359375,"Shape__Length":67.94794596544124}},{"type":"Feature","id":113997,"geometry":{"type":"Polygon","coordinates":[[[-73.9824778723407,40.7282721753313],[-73.9825317658644,40.72829483582],[-73.9825523390111,40.7283034865258],[-73.9825099666683,40.7283618069603],[-73.9824628408616,40.7283419912994],[-73.9824724147058,40.7283288129087],[-73.9824450749842,40.7283173173503],[-73.9824778723407,40.7282721753313]]]},"properties":{"OBJECTID":113997,"BASE_BBL":"1004380032","BIN":1088383,"CONSTRUCTION_YEAR":1917,"DOITT_ID":806203,"FEATURE_CODE":2100,"GEOM_SOURCE":"Photogrammetric","GROUND_ELEVATION":19,"HEIGHT_ROOF":100.09,"LAST_EDITED_DATE":1234569600000,"LAST_STATUS_TYPE":"Constructed","MAPPLUTO_BBL":"1004380032","NAME":null,"Shape__Area":85.0234375,"Shape__Length":38.51949902053475}},{"type":"Feature","id":116595,"geometry":{"type":"Polygon","coordinates":[[[-73.9867880507629,40.7288307705831],[-73.9868380342283,40.7287622484845],[-73.9868831535301,40.7287003940777],[-73.9869853729203,40.7287435463513],[-73.9869865534123,40.7287419291708],[-73.9870618559773,40.7287737175123],[-73.9872542139951,40.7288549207324],[-73.9871579324249,40.7289869147239],[-73.9870397465133,40.7289370232023],[-73.9867880507629,40.7288307705831]]]},"properties":{"OBJECTID":116595,"BASE_BBL":"1004500006","BIN":1006362,"CONSTRUCTION_YEAR":1920,"DOITT_ID":405736,"FEATURE_CODE":2100,"GEOM_SOURCE":"Photogrammetric","GROUND_ELEVATION":30,"HEIGHT_ROOF":64.99,"LAST_EDITED_DATE":1503424257000,"LAST_STATUS_TYPE":"Constructed","MAPPLUTO_BBL":"1004500006","NAME":"Ukrainian National Home","Shape__Area":1040.6640625,"Shape__Length":138.5747068560035}},{"type":"Feature","id":121433,"geometry":{"type":"Polygon","coordinates":[[[-73.982911349894,40.7276318489363],[-73.9829811610839,40.7276609835357],[-73.9829883548959,40.727663985995],[-73.9829427031899,40.7277272949289],[-73.9828656981372,40.7276951569395],[-73.982911349894,40.7276318489363]]]},"properties":{"OBJECTID":121433,"BASE_BBL":"1004370029","BIN":1076871,"CONSTRUCTION_YEAR":1900,"DOITT_ID":479428,"FEATURE_CODE":2100,"GEOM_SOURCE":"Photogrammetric","GROUND_ELEVATION":19,"HEIGHT_ROOF":44.87,"LAST_EDITED_DATE":1234569600000,"LAST_STATUS_TYPE":"Constructed","MAPPLUTO_BBL":"1004370029","NAME":null,"Shape__Area":103.70703125,"Shape__Length":40.767502170114554}},{"type":"Feature","id":123268,"geometry":{"type":"Polygon","coordinates":[[[-73.9861076847081,40.7286267144647],[-73.9861142467881,40.7286177182721],[-73.9861468381095,40.7285730407484],[-73.9861682261352,40.7285820700199],[-73.9861855008204,40.7285792084752],[-73.986194233268,40.7285672381575],[-73.9861833498758,40.7285626433566],[-73.9862620874152,40.7284547033745],[-73.9863377657013,40.7284866516257],[-73.9862571207268,40.7285972074097],[-73.986249091037,40.7285938178364],[-73.9862422673003,40.728603172408],[-73.9862451591602,40.7286145479813],[-73.9862518643792,40.7286173781807],[-73.9862670620883,40.7286237943185],[-73.986227908754,40.7286774680753],[-73.9861076847081,40.7286267144647]]]},"properties":{"OBJECTID":123268,"BASE_BBL":"1004500018","BIN":1006370,"CONSTRUCTION_YEAR":1900,"DOITT_ID":544982,"FEATURE_CODE":2100,"GEOM_SOURCE":"Photogrammetric","GROUND_ELEVATION":28,"HEIGHT_ROOF":62.05,"LAST_EDITED_DATE":1503428387000,"LAST_STATUS_TYPE":"Constructed","MAPPLUTO_BBL":"1004500018","NAME":null,"Shape__Area":338.81640625,"Shape__Length":94.83101209854516}},{"type":"Feature","id":124547,"geometry":{"type":"Polygon","coordinates":[[[-73.9838404734581,40.7276731444222],[-73.9839358420761,40.7275422012455],[-73.9839947704694,40.7275670400853],[-73.9838994019316,40.7276979833103],[-73.9838404734581,40.7276731444222]]]},"properties":{"OBJECTID":124547,"BASE_BBL":"1004360018","BIN":1005871,"CONSTRUCTION_YEAR":1900,"DOITT_ID":326934,"FEATURE_CODE":2100,"GEOM_SOURCE":"Photogrammetric","GROUND_ELEVATION":21,"HEIGHT_ROOF":57.6,"LAST_EDITED_DATE":1503427169000,"LAST_STATUS_TYPE":"Constructed","MAPPLUTO_BBL":"1004360018","NAME":null,"Shape__Area":164.9140625,"Shape__Length":58.95289017697832}},{"type":"Feature","id":132196,"geometry":{"type":"Polygon","coordinates":[[[-73.9834453646224,40.729569866137],[-73.9833022984654,40.7295095276061],[-73.9832972101005,40.7295073818564],[-73.9833417352153,40.7294462869854],[-73.983346758478,40.7294484057084],[-73.9834898896434,40.7295087703085],[-73.9835505204652,40.7295343417264],[-73.9836620682791,40.7295813866741],[-73.9836175433677,40.729642481668],[-73.9835127918235,40.7295983030695],[-73.9834453646224,40.729569866137]]]},"properties":{"OBJECTID":132196,"BASE_BBL":"1004390004","BIN":1005968,"CONSTRUCTION_YEAR":1900,"DOITT_ID":568847,"FEATURE_CODE":2100,"GEOM_SOURCE":"Photogrammetric","GROUND_ELEVATION":22,"HEIGHT_ROOF":56.94,"LAST_EDITED_DATE":1503430866000,"LAST_STATUS_TYPE":"Constructed","MAPPLUTO_BBL":"1004390004","NAME":null,"Shape__Area":418.40234375,"Shape__Length":102.12480150724811}},{"type":"Feature","id":134126,"geometry":{"type":"Polygon","coordinates":[[[-73.9873656105708,40.7287022067083],[-73.9873348467987,40.7286892197928],[-73.9873534456114,40.7286637221276],[-73.9873360245001,40.7286461683953],[-73.9872948010196,40.7286287660241],[-73.9872681117677,40.7286276986752],[-73.9872495129323,40.7286531963268],[-73.9871978640612,40.72863139288],[-73.9872596505953,40.7285466879627],[-73.9873963053469,40.728604375188],[-73.9874435511539,40.7286243203162],[-73.9873817635978,40.7287090253311],[-73.9873695118219,40.7287038532663],[-73.9873656105708,40.7287022067083]]]},"properties":{"OBJECTID":134126,"BASE_BBL":"1004500001","BIN":1006360,"CONSTRUCTION_YEAR":1900,"DOITT_ID":203774,"FEATURE_CODE":2100,"GEOM_SOURCE":"Photogrammetric","GROUND_ELEVATION":33,"HEIGHT_ROOF":63.72,"LAST_EDITED_DATE":1503426138000,"LAST_STATUS_TYPE":"Constructed","MAPPLUTO_BBL":"1004500001","NAME":null,"Shape__Area":276.08203125,"Shape__Length":84.44225705646159}},{"type":"Feature","id":134153,"geometry":{"type":"Polygon","coordinates":[[[-73.9877215064596,40.7282514270463],[-73.9876735352282,40.7282314081118],[-73.9876780617436,40.7282251311486],[-73.9876195030086,40.7282006949626],[-73.9876046091091,40.7282026447633],[-73.987595425356,40.7281988121091],[-73.987566265556,40.72818664399],[-73.9875755222526,40.7281738055329],[-73.9875295857714,40.7281546359375],[-73.9875203290686,40.7281674743909],[-73.9874806374082,40.7281509106248],[-73.9874774232512,40.7281402554539],[-73.9874259072218,40.7281187573947],[-73.9874203607639,40.7281164433816],[-73.9874151984092,40.728123602764],[-73.9873675895502,40.7281037350267],[-73.9874126879217,40.7280411915153],[-73.9874448066853,40.728054594594],[-73.9874602967494,40.7280610592342],[-73.9874553676561,40.7280678953611],[-73.9875072304573,40.7280895384268],[-73.9875217977906,40.7280867241147],[-73.9875601613973,40.7281027330098],[-73.9875526049646,40.7281132123161],[-73.9876094295878,40.7281369252413],[-73.9876169848305,40.7281264459312],[-73.9876229621354,40.7281289400828],[-73.987653083024,40.7281415099178],[-73.9876555528655,40.7281510078501],[-73.987713323275,40.7281751152481],[-73.9877180167296,40.7281686068703],[-73.9877701625814,40.7281903678141],[-73.9877250644445,40.7282529114643],[-73.9877215064596,40.7282514270463]]]},"properties":{"OBJECTID":134153,"BASE_BBL":"1004490004","BIN":1006310,"CONSTRUCTION_YEAR":1920,"DOITT_ID":286207,"FEATURE_CODE":2100,"GEOM_SOURCE":"Photogrammetric","GROUND_ELEVATION":34,"HEIGHT_ROOF":68.08,"LAST_EDITED_DATE":1503424246000,"LAST_STATUS_TYPE":"Constructed","MAPPLUTO_BBL":"1004490004","NAME":null,"Shape__Area":415.8203125,"Shape__Length":125.95214679783172}},{"type":"Feature","id":136043,"geometry":{"type":"Polygon","coordinates":[[[-73.9859999766919,40.7293464583034],[-73.986032914246,40.729301072158],[-73.9861063767778,40.7291998431453],[-73.986134338708,40.7291613110426],[-73.9862091537176,40.7291927315731],[-73.9861618546918,40.7292579083272],[-73.9860747918461,40.7293778789203],[-73.9859999766919,40.7293464583034]]]},"properties":{"OBJECTID":136043,"BASE_BBL":"1004510017","BIN":1006408,"CONSTRUCTION_YEAR":1900,"DOITT_ID":709579,"FEATURE_CODE":2100,"GEOM_SOURCE":"Photogrammetric","GROUND_ELEVATION":28,"HEIGHT_ROOF":70,"LAST_EDITED_DATE":1503427155000,"LAST_STATUS_TYPE":"Constructed","MAPPLUTO_BBL":"1004510017","NAME":null,"Shape__Area":295.546875,"Shape__Length":81.12218140036717}},{"type":"Feature","id":138056,"geometry":{"type":"Polygon","coordinates":[[[-73.983500745184,40.7303621272254],[-73.9835335416321,40.7303170488543],[-73.9837404479201,40.7304041610394],[-73.983707651569,40.7304492394689],[-73.983500745184,40.7303621272254]]]},"properties":{"OBJECTID":138056,"BASE_BBL":"1004540042","BIN":1006495,"CONSTRUCTION_YEAR":1920,"DOITT_ID":707436,"FEATURE_CODE":2100,"GEOM_SOURCE":"Photogrammetric","GROUND_ELEVATION":22,"HEIGHT_ROOF":39.64,"LAST_EDITED_DATE":1503429658000,"LAST_STATUS_TYPE":"Constructed","MAPPLUTO_BBL":"1004540042","NAME":null,"Shape__Area":199.23828125,"Shape__Length":67.8213289145724}},{"type":"Feature","id":138242,"geometry":{"type":"Polygon","coordinates":[[[-73.9856776663972,40.7299951397561],[-73.9857174012067,40.7299404351856],[-73.9857342982005,40.7299396628423],[-73.9857648029031,40.7298976659907],[-73.9857721935619,40.7299007727585],[-73.9857862179902,40.7298814657826],[-73.985778827333,40.7298783590158],[-73.98579441476,40.729856898215],[-73.9858130654273,40.7298312216077],[-73.9858045471107,40.7298204585785],[-73.9858237483676,40.7297940220079],[-73.9859211927939,40.7298349827936],[-73.9859082246243,40.7298528364941],[-73.9858976956777,40.729867332495],[-73.9858825604477,40.7298609703478],[-73.9858040928748,40.7299690010345],[-73.9858148457818,40.7299813960605],[-73.985775111028,40.7300360997637],[-73.9856776663972,40.7299951397561]]]},"properties":{"OBJECTID":138242,"BASE_BBL":"1004520011","BIN":1006437,"CONSTRUCTION_YEAR":1900,"DOITT_ID":719009,"FEATURE_CODE":2100,"GEOM_SOURCE":"Photogrammetric","GROUND_ELEVATION":28,"HEIGHT_ROOF":59.91,"LAST_EDITED_DATE":1503426111000,"LAST_STATUS_TYPE":"Constructed","MAPPLUTO_BBL":"1004520011","NAME":null,"Shape__Area":348.88671875,"Shape__Length":99.02621253885624}},{"type":"Feature","id":141283,"geometry":{"type":"Polygon","coordinates":[[[-73.9856873817418,40.7276509345725],[-73.9857014614024,40.7276314087842],[-73.9857200073256,40.7276056898473],[-73.9857814800377,40.7275204408643],[-73.9858595136606,40.7275530065736],[-73.9857764994478,40.7276681291256],[-73.9857654154715,40.7276835003448],[-73.9856873817418,40.7276509345725]]]},"properties":{"OBJECTID":141283,"BASE_BBL":"1004490028","BIN":1079759,"CONSTRUCTION_YEAR":1920,"DOITT_ID":146262,"FEATURE_CODE":2100,"GEOM_SOURCE":"Photogrammetric","GROUND_ELEVATION":27,"HEIGHT_ROOF":53.02,"LAST_EDITED_DATE":1503430852000,"LAST_STATUS_TYPE":"Constructed","MAPPLUTO_BBL":"1004490028","NAME":null,"Shape__Area":216.62109375,"Shape__Length":63.52186203770803}},{"type":"Feature","id":147214,"geometry":{"type":"Polygon","coordinates":[[[-73.9832415248018,40.7281741227113],[-73.9833228720398,40.7280613142596],[-73.983401695735,40.7280942095318],[-73.9833301744894,40.7281933920599],[-73.9833222538535,40.7282043762214],[-73.9833203485904,40.7282070180386],[-73.9832721325252,40.7281868963776],[-73.9832415248018,40.7281741227113]]]},"properties":{"OBJECTID":147214,"BASE_BBL":"1004370018","BIN":1005906,"CONSTRUCTION_YEAR":1900,"DOITT_ID":575598,"FEATURE_CODE":2100,"GEOM_SOURCE":"Photogrammetric","GROUND_ELEVATION":18,"HEIGHT_ROOF":56.76,"LAST_EDITED_DATE":1503429685000,"LAST_STATUS_TYPE":"Constructed","MAPPLUTO_BBL":"1004370018","NAME":null,"Shape__Area":189.15625,"Shape__Length":57.8022036628141}},{"type":"Feature","id":148291,"geometry":{"type":"Polygon","coordinates":[[[-73.9812630262779,40.7294046125831],[-73.9813096788173,40.7293406002938],[-73.9814581258217,40.7294032096496],[-73.9814114733811,40.7294672219985],[-73.9812630262779,40.7294046125831]]]},"properties":{"OBJECTID":148291,"BASE_BBL":"1004400036","BIN":1005998,"CONSTRUCTION_YEAR":1900,"DOITT_ID":39491,"FEATURE_CODE":2100,"GEOM_SOURCE":"Photogrammetric","GROUND_ELEVATION":18,"HEIGHT_ROOF":35.6,"LAST_EDITED_DATE":1503428367000,"LAST_STATUS_TYPE":"Constructed","MAPPLUTO_BBL":"1004400036","NAME":null,"Shape__Area":203.15234375,"Shape__Length":59.30832856032978}},{"type":"Feature","id":149321,"geometry":{"type":"Polygon","coordinates":[[[-73.9848045353673,40.7272989863002],[-73.9848447038268,40.7272437426631],[-73.9848613339954,40.7272421734621],[-73.984890064268,40.7272026592969],[-73.9849015687356,40.7272075010419],[-73.9849170954276,40.7271861466042],[-73.9849055921463,40.7271813048609],[-73.9849225444486,40.7271579893006],[-73.9849140973953,40.7271483050207],[-73.9849541034561,40.7270932846493],[-73.9850351471587,40.7271273884813],[-73.9849951423279,40.7271824097813],[-73.9849836518635,40.7271837041161],[-73.9849666995758,40.7272070205859],[-73.9849532871603,40.7272013762446],[-73.9849377592926,40.727222730687],[-73.984951171711,40.72722837503],[-73.9849224414638,40.7272678883098],[-73.9849268945536,40.7272783302949],[-73.9848867261417,40.7273335730599],[-73.9848045353673,40.7272989863002]]]},"properties":{"OBJECTID":149321,"BASE_BBL":"1004350012","BIN":1005823,"CONSTRUCTION_YEAR":1900,"DOITT_ID":457599,"FEATURE_CODE":2100,"GEOM_SOURCE":"Photogrammetric","GROUND_ELEVATION":23,"HEIGHT_ROOF":59.05,"LAST_EDITED_DATE":1503425111000,"LAST_STATUS_TYPE":"Constructed","MAPPLUTO_BBL":"1004350012","NAME":null,"Shape__Area":307.83984375,"Shape__Length":98.83065405942487}},{"type":"Feature","id":149634,"geometry":{"type":"Polygon","coordinates":[[[-73.983153778096,40.7272990092247],[-73.9831392798159,40.7273189155564],[-73.9831065639248,40.7273638353559],[-73.9830212044371,40.7273278546714],[-73.983025456599,40.7273220154972],[-73.9830684186658,40.7272630285748],[-73.983153778096,40.7272990092247]]]},"properties":{"OBJECTID":149634,"BASE_BBL":"1004360129","BIN":1077642,"CONSTRUCTION_YEAR":1888,"DOITT_ID":264514,"FEATURE_CODE":2100,"GEOM_SOURCE":"Photogrammetric","GROUND_ELEVATION":20,"HEIGHT_ROOF":48.5,"LAST_EDITED_DATE":1697483726000,"LAST_STATUS_TYPE":"Constructed","MAPPLUTO_BBL":"1004360129","NAME":null,"Shape__Area":118.265625,"Shape__Length":43.49979422027929}},{"type":"Feature","id":149636,"geometry":{"type":"Polygon","coordinates":[[[-73.9838137326362,40.7291388944788],[-73.9839473887608,40.7291950914271],[-73.9839036174301,40.7292553392611],[-73.9837699600379,40.7291991422622],[-73.9838137326362,40.7291388944788]]]},"properties":{"OBJECTID":149636,"BASE_BBL":"1004380009","BIN":1077666,"CONSTRUCTION_YEAR":1900,"DOITT_ID":805680,"FEATURE_CODE":2100,"GEOM_SOURCE":"Photogrammetric","GROUND_ELEVATION":22,"HEIGHT_ROOF":54.56,"LAST_EDITED_DATE":1503424235000,"LAST_STATUS_TYPE":"Constructed","MAPPLUTO_BBL":"1004380009","NAME":null,"Shape__Area":171.8984375,"Shape__Length":54.23662616532576}},{"type":"Feature","id":150708,"geometry":{"type":"Polygon","coordinates":[[[-73.981891570951,40.7279522206856],[-73.9819687909439,40.7278455423021],[-73.9819730352522,40.7278473205713],[-73.9820507454305,40.7278798762027],[-73.9819735255293,40.7279865537401],[-73.9819204147679,40.727964303744],[-73.981891570951,40.7279522206856]]]},"properties":{"OBJECTID":150708,"BASE_BBL":"1004040059","BIN":1077612,"CONSTRUCTION_YEAR":1846,"DOITT_ID":352214,"FEATURE_CODE":2100,"GEOM_SOURCE":"Photogrammetric","GROUND_ELEVATION":17,"HEIGHT_ROOF":53.09,"LAST_EDITED_DATE":1653585539000,"LAST_STATUS_TYPE":"Constructed","MAPPLUTO_BBL":"1004040059","NAME":null,"Shape__Area":186.3203125,"Shape__Length":56.59542909173356}},{"type":"Feature","id":150751,"geometry":{"type":"Polygon","coordinates":[[[-73.9816109703253,40.7280943031217],[-73.9816456545585,40.7280463889725],[-73.9816515002528,40.7280488383878],[-73.9817805565814,40.7281029038217],[-73.9818267884324,40.7281222720685],[-73.9818559944869,40.7281345073859],[-73.9818213115427,40.728182421598],[-73.9817972422186,40.7281723383998],[-73.9816369297694,40.7281051782077],[-73.9816109703253,40.7280943031217]]]},"properties":{"OBJECTID":150751,"BASE_BBL":"1004040001","BIN":1005119,"CONSTRUCTION_YEAR":1900,"DOITT_ID":16205,"FEATURE_CODE":2100,"GEOM_SOURCE":"Photogrammetric","GROUND_ELEVATION":16,"HEIGHT_ROOF":49.25,"LAST_EDITED_DATE":1503423463000,"LAST_STATUS_TYPE":"Constructed","MAPPLUTO_BBL":"1004040001","NAME":null,"Shape__Area":214.7890625,"Shape__Length":69.56505440231899}},{"type":"Feature","id":151922,"geometry":{"type":"Polygon","coordinates":[[[-73.9851058325643,40.7309428453524],[-73.9851946942697,40.7308206983187],[-73.9851960560142,40.730818827237],[-73.985257098237,40.7308445256764],[-73.9851718754429,40.7309616700008],[-73.9851668748657,40.7309685447398],[-73.9851058325643,40.7309428453524]]]},"properties":{"OBJECTID":151922,"BASE_BBL":"1004540066","BIN":1077711,"CONSTRUCTION_YEAR":1920,"DOITT_ID":763141,"FEATURE_CODE":2100,"GEOM_SOURCE":"Photogrammetric","GROUND_ELEVATION":27,"HEIGHT_ROOF":62.58,"LAST_EDITED_DATE":1503430865000,"LAST_STATUS_TYPE":"Constructed","MAPPLUTO_BBL":"1004540066","NAME":null,"Shape__Area":161.71484375,"Shape__Length":57.15412118869057}},{"type":"Feature","id":152564,"geometry":{"type":"Polygon","coordinates":[[[-73.9845774506324,40.7279837841871],[-73.984607033922,40.7279431643857],[-73.9846540772209,40.7279629935672],[-73.9846833691691,40.7279227744337],[-73.9847185019217,40.7279375834679],[-73.9848246258205,40.7279823140732],[-73.9847657507214,40.7280631530916],[-73.9847069742867,40.7280383786045],[-73.9845774506324,40.7279837841871]]]},"properties":{"OBJECTID":152564,"BASE_BBL":"1004360005","BIN":1005862,"CONSTRUCTION_YEAR":1910,"DOITT_ID":502574,"FEATURE_CODE":2100,"GEOM_SOURCE":"Photogrammetric","GROUND_ELEVATION":23,"HEIGHT_ROOF":43.84,"LAST_EDITED_DATE":1503429657000,"LAST_STATUS_TYPE":"Constructed","MAPPLUTO_BBL":"1004360005","NAME":null,"Shape__Area":284.890625,"Shape__Length":75.09821950994275}},{"type":"Feature","id":154696,"geometry":{"type":"Polygon","coordinates":[[[-73.984816979142,40.7309385131097],[-73.9848587779647,40.7308810589613],[-73.9848966453738,40.7308970020347],[-73.9849107330178,40.7308776384443],[-73.9849214897471,40.7308678198071],[-73.9849509509676,40.730827325088],[-73.9849498767145,40.7308141613131],[-73.9849609850519,40.7307988919395],[-73.9849586243988,40.7307894110768],[-73.984933230348,40.7307787205215],[-73.9849725186155,40.7307247176517],[-73.9851274562168,40.7307899462924],[-73.9850917547623,40.7308390202951],[-73.9850661144717,40.7308282252784],[-73.9850531833204,40.7308322038489],[-73.9850411241423,40.7308487797457],[-73.9850274139168,40.730853432693],[-73.9849982286338,40.7308935492538],[-73.984996950128,40.7309094979947],[-73.9849803924003,40.7309322588923],[-73.9850137158179,40.7309462886543],[-73.9849719182719,40.731003741958],[-73.984816979142,40.7309385131097]]]},"properties":{"OBJECTID":154696,"BASE_BBL":"1004540063","BIN":1006507,"CONSTRUCTION_YEAR":1900,"DOITT_ID":594458,"FEATURE_CODE":2100,"GEOM_SOURCE":"Photogrammetric","GROUND_ELEVATION":25,"HEIGHT_ROOF":65,"LAST_EDITED_DATE":1503427132000,"LAST_STATUS_TYPE":"Constructed","MAPPLUTO_BBL":"1004540063","NAME":null,"Shape__Area":541.09765625,"Shape__Length":128.3253724731416}},{"type":"Feature","id":157804,"geometry":{"type":"Polygon","coordinates":[[[-73.9809767624005,40.7291275781553],[-73.9809891349498,40.7291104210031],[-73.9809437489042,40.7290914794039],[-73.9809803182524,40.7290407714945],[-73.9811490512673,40.7291111938124],[-73.981100109482,40.7291790580396],[-73.9809767624005,40.7291275781553]]]},"properties":{"OBJECTID":157804,"BASE_BBL":"1004060001","BIN":1005196,"CONSTRUCTION_YEAR":1910,"DOITT_ID":484384,"FEATURE_CODE":2100,"GEOM_SOURCE":"Photogrammetric","GROUND_ELEVATION":17,"HEIGHT_ROOF":39.5,"LAST_EDITED_DATE":1503425098000,"LAST_STATUS_TYPE":"Constructed","MAPPLUTO_BBL":"1004060001","NAME":null,"Shape__Area":227.05078125,"Shape__Length":65.60865734959708}},{"type":"Feature","id":157805,"geometry":{"type":"Polygon","coordinates":[[[-73.9835926156234,40.7270574538758],[-73.9836360317102,40.7269978427516],[-73.9836972982539,40.7270236681352],[-73.9837543146248,40.727047701774],[-73.9837108986117,40.7271073120419],[-73.9836931840256,40.7270998443149],[-73.9836900082285,40.7270899031458],[-73.9836760150715,40.7270926080933],[-73.9836661835182,40.727106107131],[-73.9836757953399,40.7271101589835],[-73.9836344975679,40.7271668626792],[-73.9836369676928,40.7271679040186],[-73.9836170002303,40.7271953207795],[-73.9835912093448,40.7272307314264],[-73.9835163279689,40.7271991677966],[-73.9836028513365,40.7270803687865],[-73.9836141769679,40.7270851421959],[-73.9836245425562,40.7270709111248],[-73.9836199168916,40.7270603583019],[-73.9836064492452,40.727063284841],[-73.9835926156234,40.7270574538758]]]},"properties":{"OBJECTID":157805,"BASE_BBL":"1004360039","BIN":1005884,"CONSTRUCTION_YEAR":1900,"DOITT_ID":727282,"FEATURE_CODE":2100,"GEOM_SOURCE":"Photogrammetric","GROUND_ELEVATION":20,"HEIGHT_ROOF":65.56,"LAST_EDITED_DATE":1503430851000,"LAST_STATUS_TYPE":"Constructed","MAPPLUTO_BBL":"1004360039","NAME":null,"Shape__Area":351.18359375,"Shape__Length":102.55248803465113}},{"type":"Feature","id":159685,"geometry":{"type":"Polygon","coordinates":[[[-73.9840305246963,40.7261723077769],[-73.9840703414442,40.7261175704388],[-73.9841878695596,40.7259559992691],[-73.9842611745462,40.725986861656],[-73.9842306304428,40.7260288509222],[-73.9841038286643,40.7262031702629],[-73.9840305246963,40.7261723077769]]]},"properties":{"OBJECTID":159685,"BASE_BBL":"1004340027","BIN":1005790,"CONSTRUCTION_YEAR":1920,"DOITT_ID":683685,"FEATURE_CODE":2100,"GEOM_SOURCE":"Other (Manual)","GROUND_ELEVATION":20,"HEIGHT_ROOF":76,"LAST_EDITED_DATE":1503430575000,"LAST_STATUS_TYPE":"Constructed","MAPPLUTO_BBL":"1004347502","NAME":null,"Shape__Area":338.68359375,"Shape__Length":91.23347886231191}},{"type":"Feature","id":159844,"geometry":{"type":"Polygon","coordinates":[[[-73.9864439021246,40.7308307451163],[-73.9863024924033,40.7307711201199],[-73.9864828463482,40.7305235835081],[-73.9865615454267,40.7305567710572],[-73.9866219309959,40.7305822354657],[-73.9865579121037,40.7306700987411],[-73.9866276238474,40.7306994922529],[-73.9866916414923,40.7306116280385],[-73.9868063501568,40.7306599940456],[-73.9866397230361,40.7308886842075],[-73.9865239949645,40.7308398883741],[-73.9865620611638,40.7307876444132],[-73.9864956943858,40.7307596614508],[-73.9864475076937,40.7308257963454],[-73.9864439021246,40.7308307451163]]]},"properties":{"OBJECTID":159844,"BASE_BBL":"1004670035","BIN":1006837,"CONSTRUCTION_YEAR":1935,"DOITT_ID":737136,"FEATURE_CODE":2100,"GEOM_SOURCE":"Photogrammetric","GROUND_ELEVATION":30,"HEIGHT_ROOF":60.35,"LAST_EDITED_DATE":1503423453000,"LAST_STATUS_TYPE":"Constructed","MAPPLUTO_BBL":"1004670035","NAME":null,"Shape__Area":1433.4140625,"Shape__Length":212.52021179609733}},{"type":"Feature","id":164871,"geometry":{"type":"Polygon","coordinates":[[[-73.9882795839477,40.7287411161765],[-73.9883113499897,40.7286965190028],[-73.9883225602701,40.7286807810464],[-73.9883360190273,40.7286752208676],[-73.9883677198791,40.7286307164238],[-73.9883767214636,40.7286344274291],[-73.9883934397545,40.7286109546503],[-73.9883844393558,40.728607244547],[-73.9884161827675,40.7285626797597],[-73.9884135613126,40.7285530269416],[-73.988454639423,40.7284953561754],[-73.9885352357743,40.7285285803966],[-73.9884941577132,40.7285862511912],[-73.9884813930387,40.7285895610863],[-73.9884496484741,40.7286341258913],[-73.9884376286016,40.728629170986],[-73.9884209103219,40.7286526428706],[-73.988432499352,40.7286574203341],[-73.9884007985307,40.7287019247955],[-73.9884031567798,40.7287140053591],[-73.9883601805089,40.728774340519],[-73.9882795839477,40.7287411161765]]]},"properties":{"OBJECTID":164871,"BASE_BBL":"1004630026","BIN":1006675,"CONSTRUCTION_YEAR":1900,"DOITT_ID":499536,"FEATURE_CODE":2100,"GEOM_SOURCE":"Photogrammetric","GROUND_ELEVATION":36,"HEIGHT_ROOF":59.12,"LAST_EDITED_DATE":1503427155000,"LAST_STATUS_TYPE":"Constructed","MAPPLUTO_BBL":"1004630026","NAME":null,"Shape__Area":369.01953125,"Shape__Length":109.12086193290543}},{"type":"Feature","id":165685,"geometry":{"type":"Polygon","coordinates":[[[-73.9814938415864,40.7278046014368],[-73.981582915495,40.727681548558],[-73.9816622834749,40.7277147981094],[-73.9816587144187,40.7277197287281],[-73.9815817569599,40.7278260431418],[-73.9815732084847,40.7278378510488],[-73.9815547518301,40.7278301190257],[-73.9815645803883,40.7278165427254],[-73.9815250360137,40.7277999769289],[-73.9815152074502,40.7278135523254],[-73.9814938415864,40.7278046014368]]]},"properties":{"OBJECTID":165685,"BASE_BBL":"1004040054","BIN":1076962,"CONSTRUCTION_YEAR":1900,"DOITT_ID":655558,"FEATURE_CODE":2100,"GEOM_SOURCE":"Photogrammetric","GROUND_ELEVATION":16,"HEIGHT_ROOF":48.43,"LAST_EDITED_DATE":1503429684000,"LAST_STATUS_TYPE":"Constructed","MAPPLUTO_BBL":"1004040054","NAME":null,"Shape__Area":196.6953125,"Shape__Length":65.9736271865895}},{"type":"Feature","id":168753,"geometry":{"type":"Polygon","coordinates":[[[-73.9808828630836,40.7293242643437],[-73.9808819026383,40.7293175238761],[-73.9808502402704,40.7293043090522],[-73.9808379787674,40.7293055308041],[-73.9807534428796,40.7292702491812],[-73.9806907171502,40.7292440698958],[-73.9807352671665,40.7291822952495],[-73.980804755908,40.7292112969324],[-73.9808825298717,40.729243757002],[-73.9808878898038,40.7292521029067],[-73.9809195521544,40.7292653177202],[-73.9809274141591,40.7292624896239],[-73.9810063008231,40.7292954135561],[-73.9809617509824,40.7293571883063],[-73.9808828630836,40.7293242643437]]]},"properties":{"OBJECTID":168753,"BASE_BBL":"1004060004","BIN":1005199,"CONSTRUCTION_YEAR":1910,"DOITT_ID":77388,"FEATURE_CODE":2100,"GEOM_SOURCE":"Photogrammetric","GROUND_ELEVATION":17,"HEIGHT_ROOF":69.63,"LAST_EDITED_DATE":1503423452000,"LAST_STATUS_TYPE":"Constructed","MAPPLUTO_BBL":"1004060004","NAME":null,"Shape__Area":348.40625,"Shape__Length":90.9160165842972}},{"type":"Feature","id":168944,"geometry":{"type":"Polygon","coordinates":[[[-73.9861900414562,40.7270830251008],[-73.9862227042157,40.7270381827618],[-73.9862711299376,40.7269717003592],[-73.9863563806481,40.7270076390007],[-73.9862752922653,40.7271189638017],[-73.9861900414562,40.7270830251008]]]},"properties":{"OBJECTID":168944,"BASE_BBL":"1004480026","BIN":1006282,"CONSTRUCTION_YEAR":1856,"DOITT_ID":267717,"FEATURE_CODE":2100,"GEOM_SOURCE":"Photogrammetric","GROUND_ELEVATION":28,"HEIGHT_ROOF":44.58,"LAST_EDITED_DATE":1580231941000,"LAST_STATUS_TYPE":"Constructed","MAPPLUTO_BBL":"1004480026","NAME":null,"Shape__Area":202.84375,"Shape__Length":59.076770754788754}},{"type":"Feature","id":180180,"geometry":{"type":"Polygon","coordinates":[[[-73.983990581214,40.7269564556608],[-73.984054002005,40.7268692339472],[-73.9840763206809,40.7268786266435],[-73.9841268217827,40.7268091728475],[-73.9841850240768,40.7268336656969],[-73.9841692994912,40.7268552901624],[-73.9840711022993,40.7269903412757],[-73.983990581214,40.7269564556608]]]},"properties":{"OBJECTID":180180,"BASE_BBL":"1004350023","BIN":1005831,"CONSTRUCTION_YEAR":1900,"DOITT_ID":15374,"FEATURE_CODE":2100,"GEOM_SOURCE":"Photogrammetric","GROUND_ELEVATION":21,"HEIGHT_ROOF":47.66,"LAST_EDITED_DATE":1503425075000,"LAST_STATUS_TYPE":"Constructed","MAPPLUTO_BBL":"1004350023","NAME":null,"Shape__Area":236.3125,"Shape__Length":73.06023559750481}},{"type":"Feature","id":181629,"geometry":{"type":"Polygon","coordinates":[[[-73.9833745416208,40.7290229922629],[-73.9834798516042,40.7288780435075],[-73.9835196195205,40.7288233072734],[-73.9835940955813,40.7288546222955],[-73.9835851755239,40.7288669003629],[-73.9834490178366,40.729054307378],[-73.9833745416208,40.7290229922629]]]},"properties":{"OBJECTID":181629,"BASE_BBL":"1004380012","BIN":1005935,"CONSTRUCTION_YEAR":1900,"DOITT_ID":594744,"FEATURE_CODE":2100,"GEOM_SOURCE":"Photogrammetric","GROUND_ELEVATION":22,"HEIGHT_ROOF":13.7,"LAST_EDITED_DATE":1503423442000,"LAST_STATUS_TYPE":"Constructed","MAPPLUTO_BBL":"1004380012","NAME":null,"Shape__Area":317.4921875,"Shape__Length":85.93306242103476}},{"type":"Feature","id":184382,"geometry":{"type":"Polygon","coordinates":[[[-73.9860747918461,40.7293778789203],[-73.9861618546918,40.7292579083272],[-73.9861923746833,40.7292707253296],[-73.9862070832558,40.72925045754],[-73.9861993931892,40.7292472273943],[-73.986195921641,40.7292398193931],[-73.9862243394038,40.7292006605693],[-73.9862404190178,40.7291961347333],[-73.9862427874671,40.7291971291779],[-73.9862972274956,40.7292199923819],[-73.9862445173196,40.7292926247385],[-73.9861895182085,40.729368413079],[-73.9861574545773,40.7294125953935],[-73.9860747918461,40.7293778789203]]]},"properties":{"OBJECTID":184382,"BASE_BBL":"1004510016","BIN":1006407,"CONSTRUCTION_YEAR":1900,"DOITT_ID":725227,"FEATURE_CODE":2100,"GEOM_SOURCE":"Photogrammetric","GROUND_ELEVATION":28,"HEIGHT_ROOF":56.64,"LAST_EDITED_DATE":1503423441000,"LAST_STATUS_TYPE":"Constructed","MAPPLUTO_BBL":"1004510016","NAME":null,"Shape__Area":307.33203125,"Shape__Length":88.0424974539956}},{"type":"Feature","id":184604,"geometry":{"type":"Polygon","coordinates":[[[-73.9863704710269,40.72841018969],[-73.9863839218699,40.7283917506602],[-73.986397528756,40.7283974948132],[-73.9864197178903,40.7283670755402],[-73.9864117766949,40.7283535651692],[-73.986424158317,40.7283365920368],[-73.9865036920631,40.7282275587622],[-73.9865851794055,40.7282619587176],[-73.9864932641439,40.728387965189],[-73.9864728304393,40.7283894981584],[-73.9864508673087,40.7284262516477],[-73.9864583075456,40.7284293925972],[-73.9864483366451,40.7284430611492],[-73.9864443336407,40.7284413713234],[-73.9863704710269,40.72841018969]]]},"properties":{"OBJECTID":184604,"BASE_BBL":"1004500047","BIN":1006395,"CONSTRUCTION_YEAR":1900,"DOITT_ID":289194,"FEATURE_CODE":2100,"GEOM_SOURCE":"Photogrammetric","GROUND_ELEVATION":28,"HEIGHT_ROOF":71.05,"LAST_EDITED_DATE":1503424202000,"LAST_STATUS_TYPE":"Constructed","MAPPLUTO_BBL":"1004500047","NAME":null,"Shape__Area":296.30859375,"Shape__Length":86.16711485049876}},{"type":"Feature","id":184605,"geometry":{"type":"Polygon","coordinates":[[[-73.9827080560002,40.7277063438134],[-73.9825480703554,40.727639574855],[-73.9825913268692,40.7275795903938],[-73.9827498944844,40.7276457674458],[-73.9827993740646,40.7276664172141],[-73.9827897423325,40.7276797739253],[-73.9828039240012,40.7276856914873],[-73.9827786226335,40.7277207769392],[-73.9827520204575,40.7277096750855],[-73.9827436959941,40.7277212183634],[-73.9827080560002,40.7277063438134]]]},"properties":{"OBJECTID":184605,"BASE_BBL":"1004370028","BIN":1005913,"CONSTRUCTION_YEAR":1900,"DOITT_ID":683543,"FEATURE_CODE":2100,"GEOM_SOURCE":"Photogrammetric","GROUND_ELEVATION":18,"HEIGHT_ROOF":53.67,"LAST_EDITED_DATE":1538588157000,"LAST_STATUS_TYPE":"Constructed","MAPPLUTO_BBL":"1004370028","NAME":null,"Shape__Area":273.0234375,"Shape__Length":76.56608128253859}},{"type":"Feature","id":184619,"geometry":{"type":"Polygon","coordinates":[[[-73.9830950184345,40.7300457340993],[-73.9831152308989,40.7300179995959],[-73.983253601352,40.7300763556524],[-73.9832871902882,40.7300905210307],[-73.9832670832633,40.7301181123985],[-73.9830950184345,40.7300457340993]]]},"properties":{"OBJECTID":184619,"BASE_BBL":"1004400001","BIN":1077673,"CONSTRUCTION_YEAR":1900,"DOITT_ID":1118550,"FEATURE_CODE":2100,"GEOM_SOURCE":"Photogrammetric","GROUND_ELEVATION":22,"HEIGHT_ROOF":55.45178944,"LAST_EDITED_DATE":1503429635000,"LAST_STATUS_TYPE":"Constructed","MAPPLUTO_BBL":"1004400001","NAME":null,"Shape__Area":101.69921875,"Shape__Length":53.098882034082436}},{"type":"Feature","id":188691,"geometry":{"type":"Polygon","coordinates":[[[-73.9870814328864,40.7285822418121],[-73.9870908827011,40.7285692863502],[-73.987143219523,40.7284975369567],[-73.9872065092491,40.7285242539981],[-73.9872158323397,40.7285114723099],[-73.9872448264828,40.7285237125397],[-73.987173715657,40.7286211991344],[-73.9870886198741,40.7285852755319],[-73.9870814328864,40.7285822418121]]]},"properties":{"OBJECTID":188691,"BASE_BBL":"1004500055","BIN":1006402,"CONSTRUCTION_YEAR":1900,"DOITT_ID":672404,"FEATURE_CODE":2100,"GEOM_SOURCE":"Photogrammetric","GROUND_ELEVATION":31,"HEIGHT_ROOF":51.33,"LAST_EDITED_DATE":1503426079000,"LAST_STATUS_TYPE":"Constructed","MAPPLUTO_BBL":"1004500055","NAME":null,"Shape__Area":175.11328125,"Shape__Length":56.244051359560544}},{"type":"Feature","id":191740,"geometry":{"type":"Polygon","coordinates":[[[-73.9854296935827,40.7267613542239],[-73.9853675566686,40.7267351955618],[-73.9854673476479,40.7265947431866],[-73.9855309806523,40.7266209091874],[-73.9854943898813,40.7266724101029],[-73.9854296935827,40.7267613542239]]]},"properties":{"OBJECTID":191740,"BASE_BBL":"1004340010","BIN":1089397,"CONSTRUCTION_YEAR":2009,"DOITT_ID":1260393,"FEATURE_CODE":2100,"GEOM_SOURCE":"Other (Manual)","GROUND_ELEVATION":20,"HEIGHT_ROOF":90,"LAST_EDITED_DATE":1503429209000,"LAST_STATUS_TYPE":"Constructed","MAPPLUTO_BBL":"1004340010","NAME":null,"Shape__Area":188.05859375,"Shape__Length":62.91449562640439}},{"type":"Feature","id":192341,"geometry":{"type":"Polygon","coordinates":[[[-73.986234468413,40.7294481585109],[-73.9862752006244,40.7293920301588],[-73.9862909605635,40.7293880301749],[-73.9863070604184,40.7293658453553],[-73.9863202709847,40.7293713931586],[-73.9863414812786,40.7293421867737],[-73.9863282600639,40.7293366335684],[-73.9863444605402,40.7293143091766],[-73.9863390446753,40.7293040544409],[-73.9863749776752,40.7292545388195],[-73.9864555477414,40.7292883759351],[-73.9864305390143,40.7293228381635],[-73.9864196147831,40.7293378915815],[-73.9864056273059,40.7293399971218],[-73.9863861884079,40.7293667831604],[-73.9863775502259,40.7293631557902],[-73.9863595890329,40.7293879050482],[-73.986368227217,40.7293915333202],[-73.986352127376,40.7294137190488],[-73.9863557708062,40.7294258673436],[-73.986315038642,40.729481995724],[-73.986234468413,40.7294481585109]]]},"properties":{"OBJECTID":192341,"BASE_BBL":"1004510014","BIN":1006405,"CONSTRUCTION_YEAR":1900,"DOITT_ID":489618,"FEATURE_CODE":2100,"GEOM_SOURCE":"Photogrammetric","GROUND_ELEVATION":29,"HEIGHT_ROOF":67.65,"LAST_EDITED_DATE":1503430781000,"LAST_STATUS_TYPE":"Constructed","MAPPLUTO_BBL":"1004510014","NAME":null,"Shape__Area":286.578125,"Shape__Length":93.10132645325967}},{"type":"Feature","id":192858,"geometry":{"type":"Polygon","coordinates":[[[-73.9845324849473,40.7295137588897],[-73.9845714329718,40.7294601388178],[-73.9845750516346,40.7294551567876],[-73.984591026864,40.7294523133185],[-73.9846068383716,40.7294305456337],[-73.9846174791583,40.7294350189819],[-73.984636766031,40.7294084664536],[-73.9846261240635,40.729403993107],[-73.9846436027808,40.7293799320437],[-73.9846379293673,40.7293685929813],[-73.9846547781229,40.7293453981216],[-73.9846777345192,40.7293137933202],[-73.9847570893896,40.7293471514912],[-73.9847245973629,40.7293918844617],[-73.9847172854668,40.7294019511796],[-73.98470264789,40.7294047516195],[-73.9846851691873,40.7294288135922],[-73.9846716983494,40.729423151202],[-73.9846524126703,40.7294497028358],[-73.9846658835118,40.7294553661287],[-73.9846500720175,40.7294771338216],[-73.9846532324651,40.729488020493],[-73.9846106646419,40.7295466226236],[-73.9845950289337,40.7295400495209],[-73.9845324849473,40.7295137588897]]]},"properties":{"OBJECTID":192858,"BASE_BBL":"1004520027","BIN":1006447,"CONSTRUCTION_YEAR":1900,"DOITT_ID":204354,"FEATURE_CODE":2100,"GEOM_SOURCE":"Photogrammetric","GROUND_ELEVATION":24,"HEIGHT_ROOF":56.38,"LAST_EDITED_DATE":1503423422000,"LAST_STATUS_TYPE":"Constructed","MAPPLUTO_BBL":"1004520027","NAME":null,"Shape__Area":289.03515625,"Shape__Length":95.42444459233968}},{"type":"Feature","id":205381,"geometry":{"type":"Polygon","coordinates":[[[-73.9829574841725,40.7284587021742],[-73.982970763105,40.7284404247087],[-73.9830707764167,40.7283027678536],[-73.9831490581243,40.7283356830291],[-73.9830392698709,40.728486793916],[-73.9830357660073,40.728491617426],[-73.9829574841725,40.7284587021742]]]},"properties":{"OBJECTID":205381,"BASE_BBL":"1004380043","BIN":1005955,"CONSTRUCTION_YEAR":1900,"DOITT_ID":245158,"FEATURE_CODE":2100,"GEOM_SOURCE":"Photogrammetric","GROUND_ELEVATION":21,"HEIGHT_ROOF":53.23,"LAST_EDITED_DATE":1503426052000,"LAST_STATUS_TYPE":"Constructed","MAPPLUTO_BBL":"1004380043","NAME":null,"Shape__Area":260.5859375,"Shape__Length":72.22862881461162}},{"type":"Feature","id":205521,"geometry":{"type":"Polygon","coordinates":[[[-73.9847371036789,40.7286728802656],[-73.9847944982445,40.7286969854745],[-73.9847756189652,40.7287230013824],[-73.9847879124074,40.7287366466164],[-73.9848452076226,40.7287607103633],[-73.9848675835994,40.7287504069819],[-73.9848802238421,40.728732989199],[-73.9849372504067,40.7287569403013],[-73.9848636918592,40.7288582991356],[-73.984858343279,40.7288656690973],[-73.984658197508,40.7287816080253],[-73.9846818760176,40.7287489794383],[-73.9847371036789,40.7286728802656]]]},"properties":{"OBJECTID":205521,"BASE_BBL":"1004510032","BIN":1006417,"CONSTRUCTION_YEAR":1900,"DOITT_ID":54531,"FEATURE_CODE":2100,"GEOM_SOURCE":"Photogrammetric","GROUND_ELEVATION":25,"HEIGHT_ROOF":61.7,"LAST_EDITED_DATE":1503426063000,"LAST_STATUS_TYPE":"Constructed","MAPPLUTO_BBL":"1004510032","NAME":null,"Shape__Area":407.86328125,"Shape__Length":96.40700051899945}},{"type":"Feature","id":205842,"geometry":{"type":"Polygon","coordinates":[[[-73.9851751852279,40.7284924394942],[-73.9852539712413,40.7285255289018],[-73.9852244709417,40.7285661785935],[-73.9852129592552,40.7285820413807],[-73.9851341731953,40.7285489519453],[-73.9851751852279,40.7284924394942]]]},"properties":{"OBJECTID":205842,"BASE_BBL":"1004510038","BIN":1076848,"CONSTRUCTION_YEAR":1900,"DOITT_ID":579507,"FEATURE_CODE":2100,"GEOM_SOURCE":"Photogrammetric","GROUND_ELEVATION":25,"HEIGHT_ROOF":37.71,"LAST_EDITED_DATE":1234569600000,"LAST_STATUS_TYPE":"Constructed","MAPPLUTO_BBL":"1004510038","NAME":null,"Shape__Area":94.9921875,"Shape__Length":39.00272544274007}},{"type":"Feature","id":209421,"geometry":{"type":"Polygon","coordinates":[[[-73.9855162842351,40.729582944129],[-73.9855500049142,40.7295365181341],[-73.9855644012878,40.7295323938084],[-73.9855845285177,40.7295046840733],[-73.985598149771,40.7295104103116],[-73.9856159632636,40.7294858862815],[-73.9856023420138,40.7294801600453],[-73.9856225355217,40.7294523575592],[-73.9856193134433,40.729441098096],[-73.9856547331473,40.7293923345609],[-73.9857342034129,40.7294257397995],[-73.9857011886363,40.7294711924867],[-73.9856987837491,40.7294745042593],[-73.9856808543083,40.7294768721706],[-73.9856606608174,40.7295046746668],[-73.9856482859262,40.7294994726873],[-73.9856304736253,40.729523997623],[-73.9856428473362,40.7295291987037],[-73.9856227201232,40.7295569084489],[-73.9856294752992,40.7295699234443],[-73.9856247566856,40.7295764209265],[-73.9855957534748,40.7296163494622],[-73.9855162842351,40.729582944129]]]},"properties":{"OBJECTID":209421,"BASE_BBL":"1004520048","BIN":1006463,"CONSTRUCTION_YEAR":1900,"DOITT_ID":294900,"FEATURE_CODE":2100,"GEOM_SOURCE":"Photogrammetric","GROUND_ELEVATION":27,"HEIGHT_ROOF":66.14,"LAST_EDITED_DATE":1503423423000,"LAST_STATUS_TYPE":"Constructed","MAPPLUTO_BBL":"1004520048","NAME":null,"Shape__Area":270.125,"Shape__Length":93.10179922273517}},{"type":"Feature","id":210982,"geometry":{"type":"Polygon","coordinates":[[[-73.9833104464054,40.7265918627407],[-73.9834698561301,40.7266589484467],[-73.9835071242921,40.7266746316535],[-73.9834606900161,40.7267384918007],[-73.9832640119986,40.7266557228094],[-73.9833104464054,40.7265918627407]]]},"properties":{"OBJECTID":210982,"BASE_BBL":"1004350030","BIN":1005837,"CONSTRUCTION_YEAR":1920,"DOITT_ID":15956,"FEATURE_CODE":2100,"GEOM_SOURCE":"Photogrammetric","GROUND_ELEVATION":20,"HEIGHT_ROOF":63.71,"LAST_EDITED_DATE":1503424189000,"LAST_STATUS_TYPE":"Constructed","MAPPLUTO_BBL":"1004350030","NAME":null,"Shape__Area":268.21875,"Shape__Length":71.50768117226497}},{"type":"Feature","id":211559,"geometry":{"type":"Polygon","coordinates":[[[-73.9861884323079,40.7282336394437],[-73.9862660493382,40.7281272355879],[-73.9863448342427,40.7281604953473],[-73.9862571185064,40.7282807424749],[-73.986237308093,40.7283079003581],[-73.9862167434196,40.7283360937327],[-73.9862010522127,40.7283294695113],[-73.9861627042279,40.7283132800639],[-73.9862131781465,40.728244086511],[-73.9861884323079,40.7282336394437]]]},"properties":{"OBJECTID":211559,"BASE_BBL":"1004500044","BIN":1006392,"CONSTRUCTION_YEAR":1900,"DOITT_ID":790764,"FEATURE_CODE":2100,"GEOM_SOURCE":"Photogrammetric","GROUND_ELEVATION":27,"HEIGHT_ROOF":57.02,"LAST_EDITED_DATE":1503430765000,"LAST_STATUS_TYPE":"Constructed","MAPPLUTO_BBL":"1004500044","NAME":null,"Shape__Area":259.265625,"Shape__Length":79.02551258835705}},{"type":"Feature","id":213515,"geometry":{"type":"Polygon","coordinates":[[[-73.9847571956628,40.7278214067321],[-73.984775618801,40.7277961093698],[-73.9847533618644,40.7277996517292],[-73.9847224392277,40.7277866181671],[-73.9847435360268,40.7277576506899],[-73.9847527053431,40.7277615159883],[-73.9848417603279,40.7277990519527],[-73.9849360256138,40.7278387839705],[-73.9849037061617,40.7278831604217],[-73.9848144557361,40.727845541633],[-73.9847571956628,40.7278214067321]]]},"properties":{"OBJECTID":213515,"BASE_BBL":"1004360002","BIN":1005859,"CONSTRUCTION_YEAR":1920,"DOITT_ID":239209,"FEATURE_CODE":2100,"GEOM_SOURCE":"Photogrammetric","GROUND_ELEVATION":23,"HEIGHT_ROOF":44.48,"LAST_EDITED_DATE":1503430731000,"LAST_STATUS_TYPE":"Constructed","MAPPLUTO_BBL":"1004360002","NAME":null,"Shape__Area":165.83203125,"Shape__Length":66.2025304618226}},{"type":"Feature","id":216038,"geometry":{"type":"Polygon","coordinates":[[[-73.9856013594541,40.7291790468998],[-73.9856371982075,40.7291296638706],[-73.9856517118448,40.7291357594227],[-73.9856752751371,40.7291032909093],[-73.9856607615049,40.7290971944597],[-73.9857023844152,40.7290398390248],[-73.9857083900816,40.7290315640943],[-73.985790564538,40.7290660763565],[-73.9857888132822,40.7290684895041],[-73.9857171265399,40.7291672700529],[-73.9856835340369,40.7292135592376],[-73.9856013594541,40.7291790468998]]]},"properties":{"OBJECTID":216038,"BASE_BBL":"1004510022","BIN":1006412,"CONSTRUCTION_YEAR":1900,"DOITT_ID":383184,"FEATURE_CODE":2100,"GEOM_SOURCE":"Photogrammetric","GROUND_ELEVATION":27,"HEIGHT_ROOF":54.35,"LAST_EDITED_DATE":1503424166000,"LAST_STATUS_TYPE":"Constructed","MAPPLUTO_BBL":"1004510022","NAME":null,"Shape__Area":248.5390625,"Shape__Length":74.06143978446045}},{"type":"Feature","id":226335,"geometry":{"type":"Polygon","coordinates":[[[-73.985775111028,40.7300360997637],[-73.9858148457818,40.7299813960605],[-73.9858307970537,40.7299802255617],[-73.9859092645963,40.7298721957575],[-73.9858976956777,40.729867332495],[-73.9859082246243,40.7298528364941],[-73.9859211927939,40.7298349827936],[-73.9859381602995,40.7298421150944],[-73.9860139323587,40.7298739654081],[-73.9860013608764,40.7298912734591],[-73.9859904352738,40.7299063151284],[-73.9859774589916,40.7299008600685],[-73.9858989915255,40.7300088908193],[-73.9859075854884,40.7300203778594],[-73.9858678507873,40.7300750824949],[-73.985775111028,40.7300360997637]]]},"properties":{"OBJECTID":226335,"BASE_BBL":"1004520009","BIN":1006436,"CONSTRUCTION_YEAR":1900,"DOITT_ID":19448,"FEATURE_CODE":2100,"GEOM_SOURCE":"Photogrammetric","GROUND_ELEVATION":28,"HEIGHT_ROOF":60.1,"LAST_EDITED_DATE":1503427094000,"LAST_STATUS_TYPE":"Constructed","MAPPLUTO_BBL":"1004520009","NAME":null,"Shape__Area":339.94921875,"Shape__Length":95.88389770494567}},{"type":"Feature","id":229145,"geometry":{"type":"Polygon","coordinates":[[[-73.983084199721,40.727827345236],[-73.9831388424249,40.7277515700169],[-73.9832145445467,40.7277831628256],[-73.983159901903,40.7278589380803],[-73.983084199721,40.727827345236]]]},"properties":{"OBJECTID":229145,"BASE_BBL":"1004370035","BIN":1077659,"CONSTRUCTION_YEAR":1900,"DOITT_ID":694468,"FEATURE_CODE":2100,"GEOM_SOURCE":"Photogrammetric","GROUND_ELEVATION":18,"HEIGHT_ROOF":40.23,"LAST_EDITED_DATE":1234569600000,"LAST_STATUS_TYPE":"Constructed","MAPPLUTO_BBL":"1004370035","NAME":null,"Shape__Area":122.03125,"Shape__Length":44.610179435319395}},{"type":"Feature","id":233867,"geometry":{"type":"Polygon","coordinates":[[[-73.9837038145744,40.7279625964719],[-73.9837227982988,40.7279362718772],[-73.9837358981496,40.7279181050595],[-73.9837955809458,40.7278353395904],[-73.9838773328145,40.7278694569405],[-73.983785567736,40.7279967138869],[-73.9837038145744,40.7279625964719]]]},"properties":{"OBJECTID":233867,"BASE_BBL":"1004370043","BIN":1005923,"CONSTRUCTION_YEAR":1900,"DOITT_ID":441500,"FEATURE_CODE":2100,"GEOM_SOURCE":"Photogrammetric","GROUND_ELEVATION":21,"HEIGHT_ROOF":44.51,"LAST_EDITED_DATE":1503425029000,"LAST_STATUS_TYPE":"Constructed","MAPPLUTO_BBL":"1004370043","NAME":null,"Shape__Area":221.3203125,"Shape__Length":63.38369421084067}},{"type":"Feature","id":233874,"geometry":{"type":"Polygon","coordinates":[[[-73.9862407884475,40.7314778084585],[-73.9862472868555,40.7314688653843],[-73.9863621667702,40.7313107578543],[-73.9864397138411,40.7313433645185],[-73.9863457264956,40.731472718666],[-73.9863183368373,40.7315104143034],[-73.9862942502508,40.7315002870226],[-73.9862862136848,40.7315113470118],[-73.9862557494686,40.7314985381496],[-73.9862637860381,40.7314874781624],[-73.9862407884475,40.7314778084585]]]},"properties":{"OBJECTID":233874,"BASE_BBL":"1004680044","BIN":1006873,"CONSTRUCTION_YEAR":1920,"DOITT_ID":111246,"FEATURE_CODE":2100,"GEOM_SOURCE":"Photogrammetric","GROUND_ELEVATION":30,"HEIGHT_ROOF":59.04,"LAST_EDITED_DATE":1503428239000,"LAST_STATUS_TYPE":"Constructed","MAPPLUTO_BBL":"1004680044","NAME":null,"Shape__Area":283.7578125,"Shape__Length":79.4823976476774}},{"type":"Feature","id":234006,"geometry":{"type":"Polygon","coordinates":[[[-73.9853023403039,40.7270507305638],[-73.9853054176661,40.7270464994644],[-73.9853269544565,40.7270168790646],[-73.9854842379504,40.7270830666007],[-73.985459625037,40.7271169181334],[-73.9853023403039,40.7270507305638]]]},"properties":{"OBJECTID":234006,"BASE_BBL":"1004350002","BIN":1083479,"CONSTRUCTION_YEAR":1853,"DOITT_ID":248879,"FEATURE_CODE":2100,"GEOM_SOURCE":"Photogrammetric","GROUND_ELEVATION":25,"HEIGHT_ROOF":53.68,"LAST_EDITED_DATE":1653585539000,"LAST_STATUS_TYPE":"Constructed","MAPPLUTO_BBL":"1004350002","NAME":null,"Shape__Area":113.70703125,"Shape__Length":51.40914627956035}},{"type":"Feature","id":234628,"geometry":{"type":"Polygon","coordinates":[[[-73.9827813584816,40.7279578894616],[-73.9828336274462,40.7278854062944],[-73.9828464433369,40.7278676348588],[-73.9828548945032,40.7278559150927],[-73.9828591230459,40.7278500498068],[-73.9829368348752,40.7278824823711],[-73.9829288893447,40.7278935007216],[-73.9828416683248,40.7280144540264],[-73.9827639563877,40.7279820222991],[-73.9827813584816,40.7279578894616]]]},"properties":{"OBJECTID":234628,"BASE_BBL":"1004370024","BIN":1005911,"CONSTRUCTION_YEAR":1900,"DOITT_ID":450039,"FEATURE_CODE":2100,"GEOM_SOURCE":"Photogrammetric","GROUND_ELEVATION":19,"HEIGHT_ROOF":64.91,"LAST_EDITED_DATE":1503423393000,"LAST_STATUS_TYPE":"Constructed","MAPPLUTO_BBL":"1004370024","NAME":null,"Shape__Area":218.171875,"Shape__Length":63.935549283930285}},{"type":"Feature","id":244821,"geometry":{"type":"Polygon","coordinates":[[[-73.9876193365741,40.7282937571364],[-73.9875684062754,40.7282725041428],[-73.9875412444097,40.7282611692037],[-73.9875151821418,40.728250293637],[-73.9874626149557,40.7282283569328],[-73.9874332255439,40.7282160924005],[-73.9873893071538,40.7281977649453],[-73.9873629028683,40.7281867461257],[-73.987336499775,40.7281757282006],[-73.9872804066948,40.7281523195937],[-73.9872929988532,40.7281348565138],[-73.9872619098327,40.7281218830496],[-73.987296413631,40.7280740329162],[-73.9873675895502,40.7281037350267],[-73.9874151984092,40.728123602764],[-73.9874233310842,40.72812699677],[-73.9874806374082,40.7281509106248],[-73.9875203290686,40.7281674743909],[-73.987566265556,40.72818664399],[-73.987595425356,40.7281988121091],[-73.9876046091091,40.7282026447633],[-73.9876735352282,40.7282314081118],[-73.9877215064596,40.7282514270463],[-73.9876744119721,40.7283167404286],[-73.9876193365741,40.7282937571364]]]},"properties":{"OBJECTID":244821,"BASE_BBL":"1004490005","BIN":1006311,"CONSTRUCTION_YEAR":1930,"DOITT_ID":500660,"FEATURE_CODE":2100,"GEOM_SOURCE":"Photogrammetric","GROUND_ELEVATION":33,"HEIGHT_ROOF":35.58,"LAST_EDITED_DATE":1503425018000,"LAST_STATUS_TYPE":"Constructed","MAPPLUTO_BBL":"1004490005","NAME":null,"Shape__Area":579.0859375,"Shape__Length":129.9096545854012}},{"type":"Feature","id":245827,"geometry":{"type":"Polygon","coordinates":[[[-73.9854762040287,40.7283601264569],[-73.9855103657322,40.7283132970935],[-73.9855330691304,40.7282821738576],[-73.9855531770251,40.7282546073018],[-73.9855930008374,40.7282000144356],[-73.9856077839295,40.7281797494304],[-73.9856870787038,40.728213224925],[-73.9855830665225,40.728355812038],[-73.9855554989514,40.7283936029418],[-73.9854762040287,40.7283601264569]]]},"properties":{"OBJECTID":245827,"BASE_BBL":"1004500027","BIN":1006378,"CONSTRUCTION_YEAR":1900,"DOITT_ID":418917,"FEATURE_CODE":2100,"GEOM_SOURCE":"Photogrammetric","GROUND_ELEVATION":26,"HEIGHT_ROOF":59.81,"LAST_EDITED_DATE":1503428218000,"LAST_STATUS_TYPE":"Constructed","MAPPLUTO_BBL":"1004500027","NAME":null,"Shape__Area":305.91796875,"Shape__Length":80.76031037498096}},{"type":"Feature","id":246186,"geometry":{"type":"Polygon","coordinates":[[[-73.9864254178012,40.7287608480259],[-73.9864508987226,40.7287259166865],[-73.9864583662164,40.7287290684452],[-73.9864875093924,40.7286891162908],[-73.9864800419016,40.728685964534],[-73.9864967666816,40.7286630377398],[-73.9865094440109,40.7286590463692],[-73.9865708300522,40.7285748928863],[-73.9866318233905,40.7286006410279],[-73.9865744406869,40.7286793064084],[-73.9865782763822,40.7286948442351],[-73.9865600644502,40.7287198096195],[-73.9865497929425,40.7287154733708],[-73.9865206841303,40.7287553769174],[-73.986530956826,40.7287597131688],[-73.9865054759337,40.7287946445258],[-73.9864254178012,40.7287608480259]]]},"properties":{"OBJECTID":246186,"BASE_BBL":"1004500014","BIN":1006367,"CONSTRUCTION_YEAR":1910,"DOITT_ID":677284,"FEATURE_CODE":2100,"GEOM_SOURCE":"Photogrammetric","GROUND_ELEVATION":29,"HEIGHT_ROOF":67.58,"LAST_EDITED_DATE":1503426026000,"LAST_STATUS_TYPE":"Constructed","MAPPLUTO_BBL":"1004500014","NAME":null,"Shape__Area":273.81640625,"Shape__Length":86.84184097385723}},{"type":"Feature","id":248078,"geometry":{"type":"Polygon","coordinates":[[[-73.9839491319559,40.7305732319912],[-73.9839916062631,40.7305148507248],[-73.9840261862892,40.7305294095466],[-73.9840378608139,40.7305133623005],[-73.9840492502982,40.7305061580085],[-73.9840859789971,40.7304556733717],[-73.9840829174849,40.7304470766932],[-73.9840967613366,40.7304280472562],[-73.9840947995473,40.7304193975998],[-73.9840689642792,40.7304085212877],[-73.9841047242794,40.730359367462],[-73.9842653203464,40.730426980793],[-73.984225775906,40.7304813363882],[-73.98420027793,40.7304706015317],[-73.9841842086365,40.7304746516149],[-73.9841739634174,40.7304887323614],[-73.9841553941979,40.7304970135871],[-73.9841486362786,40.7305063023042],[-73.9841460718542,40.7305079967084],[-73.9841243936849,40.7305377942541],[-73.9841235303199,40.7305494305075],[-73.9841131761346,40.7305636616185],[-73.9841233158224,40.7305703024667],[-73.9841522025899,40.7305824642122],[-73.9841097283804,40.7306408455372],[-73.9839491319559,40.7305732319912]]]},"properties":{"OBJECTID":248078,"BASE_BBL":"1004540050","BIN":1006501,"CONSTRUCTION_YEAR":1900,"DOITT_ID":301303,"FEATURE_CODE":2100,"GEOM_SOURCE":"Photogrammetric","GROUND_ELEVATION":23,"HEIGHT_ROOF":66.78,"LAST_EDITED_DATE":1503427058000,"LAST_STATUS_TYPE":"Constructed","MAPPLUTO_BBL":"1004540050","NAME":null,"Shape__Area":561.94921875,"Shape__Length":130.2455392435157}},{"type":"Feature","id":250300,"geometry":{"type":"Polygon","coordinates":[[[-73.9805838089382,40.7291961718686],[-73.9806282157316,40.7291345971521],[-73.980661195312,40.7291483615689],[-73.9807047609513,40.729166544746],[-73.9806603542073,40.7292281194918],[-73.9806338559387,40.7292170603929],[-73.9805838089382,40.7291961718686]]]},"properties":{"OBJECTID":250300,"BASE_BBL":"1004060061","BIN":1076992,"CONSTRUCTION_YEAR":1900,"DOITT_ID":587918,"FEATURE_CODE":2100,"GEOM_SOURCE":"Photogrammetric","GROUND_ELEVATION":16,"HEIGHT_ROOF":29,"LAST_EDITED_DATE":1234569600000,"LAST_STATUS_TYPE":"Constructed","MAPPLUTO_BBL":"1004060061","NAME":null,"Shape__Area":100.27734375,"Shape__Length":40.071494734370354}},{"type":"Feature","id":251027,"geometry":{"type":"Polygon","coordinates":[[[-73.9831913588965,40.7273995327094],[-73.9832385730102,40.7273347074443],[-73.9832791252342,40.7272790285629],[-73.9832792318042,40.7272788817954],[-73.9832794294615,40.7272789646709],[-73.9833575017393,40.727311874276],[-73.9832696289299,40.7274325252492],[-73.9831913588965,40.7273995327094]]]},"properties":{"OBJECTID":251027,"BASE_BBL":"1004360027","BIN":1005879,"CONSTRUCTION_YEAR":1900,"DOITT_ID":435379,"FEATURE_CODE":2100,"GEOM_SOURCE":"Photogrammetric","GROUND_ELEVATION":18,"HEIGHT_ROOF":50.9,"LAST_EDITED_DATE":1503428218000,"LAST_STATUS_TYPE":"Constructed","MAPPLUTO_BBL":"1004360027","NAME":null,"Shape__Area":201.828125,"Shape__Length":60.426657381483146}},{"type":"Feature","id":252316,"geometry":{"type":"Polygon","coordinates":[[[-73.9860876528539,40.7290788152049],[-73.9861245118635,40.729028023751],[-73.9861389876472,40.7290341030281],[-73.9862065208229,40.7290624654568],[-73.9861849328357,40.7290922129784],[-73.9861845432761,40.7290927496349],[-73.9861628629114,40.7291226250135],[-73.9860808539005,40.729088183277],[-73.9860876528539,40.7290788152049]]]},"properties":{"OBJECTID":252316,"BASE_BBL":"1004510053","BIN":1077699,"CONSTRUCTION_YEAR":1900,"DOITT_ID":478715,"FEATURE_CODE":2100,"GEOM_SOURCE":"Photogrammetric","GROUND_ELEVATION":28,"HEIGHT_ROOF":24.38,"LAST_EDITED_DATE":1234569600000,"LAST_STATUS_TYPE":"Constructed","MAPPLUTO_BBL":"1004510053","NAME":null,"Shape__Area":105.265625,"Shape__Length":41.045834094067644}},{"type":"Feature","id":252863,"geometry":{"type":"Polygon","coordinates":[[[-73.9842682638206,40.7274051653514],[-73.9842865236251,40.7273800940714],[-73.9843010624412,40.7273776592769],[-73.9843062167674,40.7273705819786],[-73.9843308504765,40.7273367595127],[-73.984321082349,40.7273326419565],[-73.9843467379009,40.7272974148321],[-73.9844625801407,40.7273462435112],[-73.9843848261144,40.7274530036464],[-73.9843835070433,40.7274548143912],[-73.9843619787708,40.7274457406427],[-73.9843488306785,40.7274637931616],[-73.9843703589551,40.7274728669125],[-73.9843338760511,40.7275229599724],[-73.9842969774769,40.727573622986],[-73.9841811361468,40.7275247950425],[-73.9842240736397,40.7274658392053],[-73.9842362819947,40.7274624216443],[-73.9842540468778,40.7274380310867],[-73.9842617177014,40.7274412640621],[-73.9842833711122,40.7274115331123],[-73.9842682638206,40.7274051653514]]]},"properties":{"OBJECTID":252863,"BASE_BBL":"1004360050","BIN":1005890,"CONSTRUCTION_YEAR":1920,"DOITT_ID":372766,"FEATURE_CODE":2100,"GEOM_SOURCE":"Photogrammetric","GROUND_ELEVATION":22,"HEIGHT_ROOF":61.18,"LAST_EDITED_DATE":1503426027000,"LAST_STATUS_TYPE":"Constructed","MAPPLUTO_BBL":"1004360050","NAME":null,"Shape__Area":531.41015625,"Shape__Length":116.35047362926517}},{"type":"Feature","id":253302,"geometry":{"type":"Polygon","coordinates":[[[-73.9856597456575,40.7288175530273],[-73.9857662214284,40.7286708337233],[-73.985791776971,40.7286815664419],[-73.9858461951183,40.728704420853],[-73.9857914600885,40.7287798452363],[-73.9857595906653,40.7288237600165],[-73.9857397194697,40.7288511411307],[-73.9856597456575,40.7288175530273]]]},"properties":{"OBJECTID":253302,"BASE_BBL":"1004510046","BIN":1006422,"CONSTRUCTION_YEAR":1900,"DOITT_ID":453853,"FEATURE_CODE":2100,"GEOM_SOURCE":"Photogrammetric","GROUND_ELEVATION":27,"HEIGHT_ROOF":55.56,"LAST_EDITED_DATE":1503426001000,"LAST_STATUS_TYPE":"Constructed","MAPPLUTO_BBL":"1004510046","NAME":null,"Shape__Area":250.36328125,"Shape__Length":69.55066746069063}},{"type":"Feature","id":254239,"geometry":{"type":"Polygon","coordinates":[[[-73.9848499339751,40.729647201551],[-73.9849769038199,40.7294724006203],[-73.9850564910206,40.729505854969],[-73.9849295213208,40.7296806559866],[-73.9848499339751,40.729647201551]]]},"properties":{"OBJECTID":254239,"BASE_BBL":"1004520023","BIN":1006444,"CONSTRUCTION_YEAR":1900,"DOITT_ID":108823,"FEATURE_CODE":2100,"GEOM_SOURCE":"Photogrammetric","GROUND_ELEVATION":26,"HEIGHT_ROOF":53.81,"LAST_EDITED_DATE":1503427046000,"LAST_STATUS_TYPE":"Constructed","MAPPLUTO_BBL":"1004520023","NAME":null,"Shape__Area":296.95703125,"Shape__Length":78.88478655801039}},{"type":"Feature","id":254461,"geometry":{"type":"Polygon","coordinates":[[[-73.9844476446508,40.7307836447905],[-73.9844830327525,40.7307350022885],[-73.9845031956369,40.7307305438837],[-73.9845165349834,40.7307122086212],[-73.9845237564117,40.7307152488084],[-73.9845339719887,40.730701206749],[-73.9845254343466,40.7306976125729],[-73.9845742611277,40.7306304979131],[-73.984567982931,40.7306182375478],[-73.9846035330837,40.7305693717032],[-73.9846870357119,40.7306045278862],[-73.9846514856019,40.7306533928558],[-73.9846318242009,40.7306547328922],[-73.9845993894917,40.7306993154421],[-73.9845824834635,40.7306921973612],[-73.9845726977406,40.7307056478483],[-73.9845896037712,40.7307127659306],[-73.9845594413709,40.7307542240081],[-73.9845665367084,40.7307701585582],[-73.9845360225776,40.7308121001553],[-73.9845311486493,40.7308188001851],[-73.9844476446508,40.7307836447905]]]},"properties":{"OBJECTID":254461,"BASE_BBL":"1004540057","BIN":1006504,"CONSTRUCTION_YEAR":1900,"DOITT_ID":45794,"FEATURE_CODE":2100,"GEOM_SOURCE":"Photogrammetric","GROUND_ELEVATION":24,"HEIGHT_ROOF":71.99,"LAST_EDITED_DATE":1503427068000,"LAST_STATUS_TYPE":"Constructed","MAPPLUTO_BBL":"1004540057","NAME":null,"Shape__Area":314.21484375,"Shape__Length":102.61019728850138}},{"type":"Feature","id":256324,"geometry":{"type":"Polygon","coordinates":[[[-73.9833275896499,40.7286555328456],[-73.9833326245851,40.7286486032582],[-73.9833663226274,40.7286022211179],[-73.9833821140442,40.7286001090028],[-73.983428299855,40.7285365388314],[-73.9834226351269,40.7285247134341],[-73.9834638179113,40.728468028719],[-73.9835441795927,40.7285018183179],[-73.983407952672,40.7286893225388],[-73.9834058825511,40.728688452349],[-73.9833275896499,40.7286555328456]]]},"properties":{"OBJECTID":256324,"BASE_BBL":"1004380048","BIN":1005960,"CONSTRUCTION_YEAR":1900,"DOITT_ID":650907,"FEATURE_CODE":2100,"GEOM_SOURCE":"Photogrammetric","GROUND_ELEVATION":20,"HEIGHT_ROOF":56.46,"LAST_EDITED_DATE":1503430686000,"LAST_STATUS_TYPE":"Constructed","MAPPLUTO_BBL":"1004380048","NAME":null,"Shape__Area":305.23046875,"Shape__Length":84.6420470120988}},{"type":"Feature","id":257498,"geometry":{"type":"Polygon","coordinates":[[[-73.9841315393265,40.7270157754925],[-73.9842297376171,40.7268807243283],[-73.9842931915445,40.7269074267905],[-73.9842481870453,40.7269693207364],[-73.9841949933431,40.7270424780084],[-73.9841315393265,40.7270157754925]]]},"properties":{"OBJECTID":257498,"BASE_BBL":"1004350021","BIN":1005829,"CONSTRUCTION_YEAR":1900,"DOITT_ID":286554,"FEATURE_CODE":2100,"GEOM_SOURCE":"Photogrammetric","GROUND_ELEVATION":21,"HEIGHT_ROOF":63.42,"LAST_EDITED_DATE":1503425019000,"LAST_STATUS_TYPE":"Constructed","MAPPLUTO_BBL":"1004350021","NAME":null,"Shape__Area":183.00390625,"Shape__Length":61.460229904979315}},{"type":"Feature","id":258140,"geometry":{"type":"Polygon","coordinates":[[[-73.983677363966,40.7266500594029],[-73.9835801619029,40.726783738767],[-73.98348578883,40.7267440236279],[-73.9835829910245,40.7266103443427],[-73.983677363966,40.7266500594029]]]},"properties":{"OBJECTID":258140,"BASE_BBL":"1004350029","BIN":1005836,"CONSTRUCTION_YEAR":1900,"DOITT_ID":199378,"FEATURE_CODE":2100,"GEOM_SOURCE":"Photogrammetric","GROUND_ELEVATION":20,"HEIGHT_ROOF":51.09,"LAST_EDITED_DATE":1503430715000,"LAST_STATUS_TYPE":"Constructed","MAPPLUTO_BBL":"1004350029","NAME":null,"Shape__Area":269.41796875,"Shape__Length":68.87413108759142}},{"type":"Feature","id":258514,"geometry":{"type":"Polygon","coordinates":[[[-73.9839241143738,40.7263133919499],[-73.9838803899223,40.7263735263408],[-73.9837695870257,40.7263268959224],[-73.9838133115464,40.7262667624737],[-73.9839241143738,40.7263133919499]]]},"properties":{"OBJECTID":258514,"BASE_BBL":"1004350037","BIN":1077645,"CONSTRUCTION_YEAR":1900,"DOITT_ID":588364,"FEATURE_CODE":2100,"GEOM_SOURCE":"Photogrammetric","GROUND_ELEVATION":19,"HEIGHT_ROOF":49.59,"LAST_EDITED_DATE":1503424154000,"LAST_STATUS_TYPE":"Constructed","MAPPLUTO_BBL":"1004350037","NAME":null,"Shape__Area":142.296875,"Shape__Length":48.38837586812078}},{"type":"Feature","id":260877,"geometry":{"type":"Polygon","coordinates":[[[-73.9814263115814,40.7281928927223],[-73.9815051880667,40.7280839285282],[-73.9815620329763,40.7281077425969],[-73.9814791670779,40.7282222191036],[-73.9814223209165,40.7281984049942],[-73.9814263115814,40.7281928927223]]]},"properties":{"OBJECTID":260877,"BASE_BBL":"1004040005","BIN":1005122,"CONSTRUCTION_YEAR":1900,"DOITT_ID":772551,"FEATURE_CODE":2100,"GEOM_SOURCE":"Photogrammetric","GROUND_ELEVATION":18,"HEIGHT_ROOF":40.11,"LAST_EDITED_DATE":1503430714000,"LAST_STATUS_TYPE":"Constructed","MAPPLUTO_BBL":"1004040005","NAME":null,"Shape__Area":138.68359375,"Shape__Length":52.82127524822194}},{"type":"Feature","id":263913,"geometry":{"type":"Polygon","coordinates":[[[-73.983360247491,40.7296890253955],[-73.9832686898354,40.7296504109232],[-73.9832964652753,40.7296122982213],[-73.9833867043432,40.7296503559671],[-73.9834028442821,40.7296282111824],[-73.9835062251678,40.7296718124583],[-73.9835750219477,40.7297008276767],[-73.9835311078963,40.7297610852502],[-73.9834691926466,40.7297349724328],[-73.983360247491,40.7296890253955]]]},"properties":{"OBJECTID":263913,"BASE_BBL":"1004390006","BIN":1005970,"CONSTRUCTION_YEAR":1900,"DOITT_ID":461459,"FEATURE_CODE":2100,"GEOM_SOURCE":"Photogrammetric","GROUND_ELEVATION":23,"HEIGHT_ROOF":52.94,"LAST_EDITED_DATE":1503423373000,"LAST_STATUS_TYPE":"Constructed","MAPPLUTO_BBL":"1004390006","NAME":null,"Shape__Area":295.34375,"Shape__Length":87.087115242916}},{"type":"Feature","id":264847,"geometry":{"type":"Polygon","coordinates":[[[-73.9814581258217,40.7294032096496],[-73.9813096788173,40.7293406002938],[-73.9813996240829,40.7292171830176],[-73.9814297537212,40.7292298913574],[-73.9817135417242,40.7293495819673],[-73.9816700904218,40.729409202248],[-73.9816356215735,40.7293946643462],[-73.9815891268065,40.7294584606702],[-73.9814714768336,40.7294088408787],[-73.9814581258217,40.7294032096496]],[[-73.9814262159459,40.7293600881476],[-73.9815087765911,40.7293955580658],[-73.9815555446134,40.7293325605687],[-73.9814729840214,40.7292970906838],[-73.9814262159459,40.7293600881476]]]},"properties":{"OBJECTID":264847,"BASE_BBL":"1004400038","BIN":1005999,"CONSTRUCTION_YEAR":1910,"DOITT_ID":193141,"FEATURE_CODE":2100,"GEOM_SOURCE":"Photogrammetric","GROUND_ELEVATION":18,"HEIGHT_ROOF":64.43,"LAST_EDITED_DATE":1503423372000,"LAST_STATUS_TYPE":"Constructed","MAPPLUTO_BBL":"1004400038","NAME":null,"Shape__Area":669.09375,"Shape__Length":163.77350789333272}},{"type":"Feature","id":266744,"geometry":{"type":"Polygon","coordinates":[[[-73.9822493811166,40.7295755746353],[-73.9821760403141,40.7296762095676],[-73.9821237054875,40.7297480206291],[-73.9820464985557,40.7297154588305],[-73.9820946615742,40.7296493716893],[-73.9821711280138,40.729542571509],[-73.9822493811166,40.7295755746353]]]},"properties":{"OBJECTID":266744,"BASE_BBL":"1004400046","BIN":1089404,"CONSTRUCTION_YEAR":2008,"DOITT_ID":1260812,"FEATURE_CODE":2100,"GEOM_SOURCE":"Other (Manual)","GROUND_ELEVATION":10,"HEIGHT_ROOF":84,"LAST_EDITED_DATE":1503428389000,"LAST_STATUS_TYPE":"Constructed","MAPPLUTO_BBL":"1004407504","NAME":null,"Shape__Area":285.828125,"Shape__Length":77.68344065205356}},{"type":"Feature","id":267245,"geometry":{"type":"Polygon","coordinates":[[[-73.9878191217452,40.7295343310927],[-73.9877908231432,40.7295735353462],[-73.9877760417985,40.7295732978451],[-73.9877443591553,40.7296171915773],[-73.9877373957885,40.7296268379861],[-73.9877436662316,40.7296388649476],[-73.9877160365271,40.7296771417295],[-73.9876827723377,40.7296632460287],[-73.9876789147127,40.7296685901354],[-73.987658302718,40.7296656918925],[-73.9876308597458,40.7296542281739],[-73.9876503846893,40.7296271789869],[-73.9876588442469,40.7296307125895],[-73.987684445695,40.7295952451915],[-73.987703212811,40.7295692450071],[-73.9876881023257,40.7295629326275],[-73.9876843808723,40.7295680876422],[-73.9876385286251,40.7295489334117],[-73.9876532332873,40.7295285609787],[-73.9876484387426,40.7295179020432],[-73.9876788698674,40.7294757434832],[-73.9878191217452,40.7295343310927]]]},"properties":{"OBJECTID":267245,"BASE_BBL":"1004650057","BIN":1006801,"CONSTRUCTION_YEAR":1900,"DOITT_ID":297443,"FEATURE_CODE":2100,"GEOM_SOURCE":"Photogrammetric","GROUND_ELEVATION":34,"HEIGHT_ROOF":69.09,"LAST_EDITED_DATE":1503424132000,"LAST_STATUS_TYPE":"Constructed","MAPPLUTO_BBL":"1004650057","NAME":null,"Shape__Area":306.28515625,"Shape__Length":90.88961279839275}},{"type":"Feature","id":268449,"geometry":{"type":"Polygon","coordinates":[[[-73.9827213951299,40.7283596155195],[-73.9828347895939,40.7282035418655],[-73.9828450619691,40.7282078613363],[-73.9829122378204,40.7282361067802],[-73.9828574915868,40.7283114586323],[-73.9827988434825,40.7283921805099],[-73.9827213951299,40.7283596155195]]]},"properties":{"OBJECTID":268449,"BASE_BBL":"1004380040","BIN":1005952,"CONSTRUCTION_YEAR":1910,"DOITT_ID":488354,"FEATURE_CODE":2100,"GEOM_SOURCE":"Photogrammetric","GROUND_ELEVATION":19,"HEIGHT_ROOF":55.22,"LAST_EDITED_DATE":1503429530000,"LAST_STATUS_TYPE":"Constructed","MAPPLUTO_BBL":"1004380040","NAME":null,"Shape__Area":258.046875,"Shape__Length":72.06320943060459}},{"type":"Feature","id":269252,"geometry":{"type":"Polygon","coordinates":[[[-73.9875092250129,40.7298013500664],[-73.9874975265604,40.7298175570533],[-73.9875042390261,40.7298268609371],[-73.9874902790235,40.7298461996472],[-73.9874746243642,40.7298440997604],[-73.9874600178549,40.7298643335021],[-73.9874651746792,40.7298809781657],[-73.9874457881207,40.7299078364275],[-73.9873636092022,40.7299118392067],[-73.9873449915042,40.72990406127],[-73.9873778112421,40.7298585945852],[-73.9873955051042,40.7298565190495],[-73.9874100192749,40.7298364131781],[-73.9874020145565,40.7298250640921],[-73.987415628836,40.7298062044256],[-73.9874329710185,40.7298046160209],[-73.9874596797441,40.7297676161287],[-73.9874729260011,40.7297731493952],[-73.9874804992095,40.7297626565907],[-73.9875240292305,40.7297808407841],[-73.9875092250129,40.7298013500664]]]},"properties":{"OBJECTID":269252,"BASE_BBL":"1004650046","BIN":1006794,"CONSTRUCTION_YEAR":1900,"DOITT_ID":56465,"FEATURE_CODE":2100,"GEOM_SOURCE":"Photogrammetric","GROUND_ELEVATION":33,"HEIGHT_ROOF":76.31,"LAST_EDITED_DATE":1503429530000,"LAST_STATUS_TYPE":"Constructed","MAPPLUTO_BBL":"1004650046","NAME":null,"Shape__Area":198.578125,"Shape__Length":69.77828190355325}},{"type":"Feature","id":269257,"geometry":{"type":"Polygon","coordinates":[[[-73.9843228626078,40.7285707618481],[-73.9843140282673,40.7285565470132],[-73.9842632775466,40.7285353673251],[-73.9842593617285,40.7285255971693],[-73.9842217585465,40.7285099051591],[-73.9842186985467,40.7285102226194],[-73.9842061436694,40.7285115239346],[-73.9841838492652,40.7285022204194],[-73.9841618932442,40.7285035861755],[-73.9841075243314,40.7284808975686],[-73.9841472939616,40.7284257450798],[-73.9841675927774,40.7284342171583],[-73.9841719834641,40.7284281285207],[-73.9841874957864,40.7284346017085],[-73.9842060535273,40.7284423459298],[-73.9842171003138,40.7284561081205],[-73.9842264152882,40.728459995993],[-73.9842505004797,40.7284700471673],[-73.9842443608655,40.7284785615395],[-73.9842819628514,40.7284942535423],[-73.9842881024623,40.7284857391681],[-73.9843472804366,40.7285104346773],[-73.9843670216038,40.7285095215411],[-73.9843705203473,40.7285109817409],[-73.9844220498979,40.7285324856703],[-73.9843778909373,40.7285937259982],[-73.9843228626078,40.7285707618481]]]},"properties":{"OBJECTID":269257,"BASE_BBL":"1004370007","BIN":1005897,"CONSTRUCTION_YEAR":1900,"DOITT_ID":698414,"FEATURE_CODE":2100,"GEOM_SOURCE":"Photogrammetric","GROUND_ELEVATION":22,"HEIGHT_ROOF":71.25,"LAST_EDITED_DATE":1503424143000,"LAST_STATUS_TYPE":"Constructed","MAPPLUTO_BBL":"1004370007","NAME":null,"Shape__Area":289.63671875,"Shape__Length":94.34647720791413}},{"type":"Feature","id":269520,"geometry":{"type":"Polygon","coordinates":[[[-73.9854010309421,40.7279913900706],[-73.9854295954199,40.7279522323553],[-73.9855044087044,40.727983816341],[-73.9855247513302,40.7279924043518],[-73.9854961880749,40.7280315620906],[-73.9854010309421,40.7279913900706]]]},"properties":{"OBJECTID":269520,"BASE_BBL":"1004500033","BIN":1077698,"CONSTRUCTION_YEAR":1900,"DOITT_ID":530614,"FEATURE_CODE":2100,"GEOM_SOURCE":"Photogrammetric","GROUND_ELEVATION":26,"HEIGHT_ROOF":11.15,"LAST_EDITED_DATE":1234569600000,"LAST_STATUS_TYPE":"Constructed","MAPPLUTO_BBL":"1004500033","NAME":null,"Shape__Area":79.69140625,"Shape__Length":37.396042659418896}},{"type":"Feature","id":271866,"geometry":{"type":"Polygon","coordinates":[[[-73.9863175123543,40.7283417600438],[-73.9863565695112,40.7282882168166],[-73.9864250383814,40.7281943540583],[-73.9865036920631,40.7282275587622],[-73.986424158317,40.7283365920368],[-73.9864117766949,40.7283535651692],[-73.9863839218699,40.7283917506602],[-73.9863704710269,40.72841018969],[-73.9863540399118,40.7284327166755],[-73.9862753848788,40.7283995118702],[-73.9863175123543,40.7283417600438]]]},"properties":{"OBJECTID":271866,"BASE_BBL":"1004500046","BIN":1006394,"CONSTRUCTION_YEAR":1920,"DOITT_ID":68336,"FEATURE_CODE":2100,"GEOM_SOURCE":"Photogrammetric","GROUND_ELEVATION":28,"HEIGHT_ROOF":56,"LAST_EDITED_DATE":1503428169000,"LAST_STATUS_TYPE":"Constructed","MAPPLUTO_BBL":"1004500046","NAME":null,"Shape__Area":345.13671875,"Shape__Length":88.91519979542473}},{"type":"Feature","id":272230,"geometry":{"type":"Polygon","coordinates":[[[-73.9839271454232,40.7289606321317],[-73.9839387297083,40.7289446884382],[-73.9839043209587,40.7289302214627],[-73.983898072679,40.728927593805],[-73.9838864883871,40.7289435374945],[-73.9838712588703,40.7289371345459],[-73.9838112001332,40.7289118821554],[-73.9838487665105,40.72886017481],[-73.9839240559074,40.7288918310255],[-73.9839185461817,40.7288994143416],[-73.9839254454454,40.7289023149431],[-73.9839592031992,40.7289165089676],[-73.9839677300657,40.7289047720224],[-73.984106777206,40.7289632352181],[-73.9841137190945,40.7289661538244],[-73.9840731345371,40.7290220139848],[-73.9839271454232,40.7289606321317]]]},"properties":{"OBJECTID":272230,"BASE_BBL":"1004380004","BIN":1005931,"CONSTRUCTION_YEAR":1900,"DOITT_ID":282625,"FEATURE_CODE":2100,"GEOM_SOURCE":"Photogrammetric","GROUND_ELEVATION":22,"HEIGHT_ROOF":56.86,"LAST_EDITED_DATE":1503426014000,"LAST_STATUS_TYPE":"Constructed","MAPPLUTO_BBL":"1004380004","NAME":null,"Shape__Area":281.65625,"Shape__Length":93.31681106714247}},{"type":"Feature","id":272326,"geometry":{"type":"Polygon","coordinates":[[[-73.9852984725312,40.7293126513409],[-73.9853374636333,40.7292589706799],[-73.9854964225461,40.7293257887477],[-73.985459591321,40.7293764962547],[-73.985391694075,40.7294699721782],[-73.9853892015494,40.7294734037009],[-73.9853457551909,40.7294551403659],[-73.9853370674586,40.7294671016185],[-73.9852615187078,40.7294353445389],[-73.9852754709564,40.7294161357703],[-73.9852355080858,40.7293993370661],[-73.9852984725312,40.7293126513409]]]},"properties":{"OBJECTID":272326,"BASE_BBL":"1004520044","BIN":1006460,"CONSTRUCTION_YEAR":1920,"DOITT_ID":147497,"FEATURE_CODE":2100,"GEOM_SOURCE":"Photogrammetric","GROUND_ELEVATION":26,"HEIGHT_ROOF":52.33,"LAST_EDITED_DATE":1503423373000,"LAST_STATUS_TYPE":"Constructed","MAPPLUTO_BBL":"1004520044","NAME":null,"Shape__Area":513.97265625,"Shape__Length":93.98611626907278}},{"type":"Feature","id":272581,"geometry":{"type":"Polygon","coordinates":[[[-73.9857936931221,40.7284941590777],[-73.9858789684343,40.7283772582984],[-73.9859419759925,40.7282908837907],[-73.9860219741343,40.7283246563079],[-73.9858736926163,40.7285279325976],[-73.9857936931221,40.7284941590777]]]},"properties":{"OBJECTID":272581,"BASE_BBL":"1004500023","BIN":1006374,"CONSTRUCTION_YEAR":1940,"DOITT_ID":31951,"FEATURE_CODE":2100,"GEOM_SOURCE":"Photogrammetric","GROUND_ELEVATION":28,"HEIGHT_ROOF":15.7,"LAST_EDITED_DATE":1503430700000,"LAST_STATUS_TYPE":"Constructed","MAPPLUTO_BBL":"1004500023","NAME":null,"Shape__Area":347.80859375,"Shape__Length":88.62646801290859}},{"type":"Feature","id":283492,"geometry":{"type":"Polygon","coordinates":[[[-73.9878849081041,40.7292742296792],[-73.9878620977643,40.7293052543072],[-73.9878474998637,40.7292990428594],[-73.9878359141189,40.7293147996393],[-73.9878505120218,40.7293210110886],[-73.9878280154186,40.7293516089016],[-73.9876860821607,40.7292912156017],[-73.9877085799924,40.7292606178163],[-73.9877226026208,40.7292665842821],[-73.9877341872002,40.7292508275134],[-73.9877201645742,40.729244861049],[-73.9877429761432,40.7292138364489],[-73.9878849081041,40.7292742296792]]]},"properties":{"OBJECTID":283492,"BASE_BBL":"1004640033","BIN":1006745,"CONSTRUCTION_YEAR":1900,"DOITT_ID":555920,"FEATURE_CODE":2100,"GEOM_SOURCE":"Photogrammetric","GROUND_ELEVATION":34,"HEIGHT_ROOF":66.78,"LAST_EDITED_DATE":1503430672000,"LAST_STATUS_TYPE":"Constructed","MAPPLUTO_BBL":"1004640033","NAME":null,"Shape__Area":226.10546875,"Shape__Length":69.57254270158002}},{"type":"Feature","id":284739,"geometry":{"type":"Polygon","coordinates":[[[-73.9828416683248,40.7280144540264],[-73.9829288893447,40.7278935007216],[-73.9829368348752,40.7278824823711],[-73.982965048,40.7278433576328],[-73.9830454004543,40.7278768918368],[-73.9830172252548,40.7279159634702],[-73.9830109730417,40.7279246335487],[-73.9829603442645,40.7279948432537],[-73.9829220209233,40.7280479883159],[-73.9828416683248,40.7280144540264]]]},"properties":{"OBJECTID":284739,"BASE_BBL":"1004370023","BIN":1005910,"CONSTRUCTION_YEAR":1954,"DOITT_ID":540181,"FEATURE_CODE":2100,"GEOM_SOURCE":"Photogrammetric","GROUND_ELEVATION":18,"HEIGHT_ROOF":55.73,"LAST_EDITED_DATE":1503428155000,"LAST_STATUS_TYPE":"Constructed","MAPPLUTO_BBL":"1004370023","NAME":null,"Shape__Area":292.46875,"Shape__Length":77.70539971184098}},{"type":"Feature","id":285283,"geometry":{"type":"Polygon","coordinates":[[[-73.9841238713343,40.7285563129387],[-73.9841618932442,40.7285035861755],[-73.98420758044,40.7285226526203],[-73.9841825814419,40.728557322383],[-73.9841695597391,40.7285753793986],[-73.9841238713343,40.7285563129387]]]},"properties":{"OBJECTID":285283,"BASE_BBL":"1004370108","BIN":1005928,"CONSTRUCTION_YEAR":1890,"DOITT_ID":141180,"FEATURE_CODE":2100,"GEOM_SOURCE":"Photogrammetric","GROUND_ELEVATION":22,"HEIGHT_ROOF":34.68,"LAST_EDITED_DATE":1503425985000,"LAST_STATUS_TYPE":"Constructed","MAPPLUTO_BBL":"1004370108","NAME":null,"Shape__Area":51.24609375,"Shape__Length":29.26503836715136}},{"type":"Feature","id":285286,"geometry":{"type":"Polygon","coordinates":[[[-73.9836686045243,40.7287568601385],[-73.9836753007618,40.7287476425789],[-73.9837413145507,40.7286567797683],[-73.9837814255153,40.7286015716238],[-73.9838607234582,40.7286349123979],[-73.9837479025953,40.72879020189],[-73.9837357339339,40.728785085282],[-73.9837182171536,40.7288091948315],[-73.9836614703199,40.7287853341167],[-73.9836789859305,40.7287612254761],[-73.9836686045243,40.7287568601385]]]},"properties":{"OBJECTID":285286,"BASE_BBL":"1004380052","BIN":1005964,"CONSTRUCTION_YEAR":1900,"DOITT_ID":84471,"FEATURE_CODE":2100,"GEOM_SOURCE":"Photogrammetric","GROUND_ELEVATION":21,"HEIGHT_ROOF":57.04,"LAST_EDITED_DATE":1503424975000,"LAST_STATUS_TYPE":"Constructed","MAPPLUTO_BBL":"1004380052","NAME":null,"Shape__Area":292.08203125,"Shape__Length":80.35636826804279}},{"type":"Feature","id":290213,"geometry":{"type":"Polygon","coordinates":[[[-73.9848704388361,40.7277488127268],[-73.9849128998644,40.7276905112419],[-73.9848954193402,40.7276831436877],[-73.9847566701105,40.7276246607615],[-73.9848289355502,40.7275254369151],[-73.9848324522553,40.7275206079486],[-73.985023145752,40.7276009853226],[-73.9849861683255,40.7276517584082],[-73.9849049039899,40.7277633397574],[-73.9848704388361,40.7277488127268]]]},"properties":{"OBJECTID":290213,"BASE_BBL":"1004360057","BIN":1005892,"CONSTRUCTION_YEAR":1940,"DOITT_ID":154197,"FEATURE_CODE":2100,"GEOM_SOURCE":"Photogrammetric","GROUND_ELEVATION":22,"HEIGHT_ROOF":53.09,"LAST_EDITED_DATE":1503423363000,"LAST_STATUS_TYPE":"Constructed","MAPPLUTO_BBL":"1004360057","NAME":null,"Shape__Area":467.0078125,"Shape__Length":103.06158861068025}},{"type":"Feature","id":291068,"geometry":{"type":"Polygon","coordinates":[[[-73.9828802498991,40.7271819554183],[-73.9830353784041,40.7272473463257],[-73.9830253998679,40.7272610470007],[-73.9830425451231,40.72726827341],[-73.9830155899175,40.7273052839608],[-73.9829984446558,40.727298056647],[-73.9829872736989,40.7273133933674],[-73.9829872109406,40.727313479807],[-73.9829865824625,40.7273132149645],[-73.9828320823287,40.7272480897358],[-73.9828802498991,40.7271819554183]]]},"properties":{"OBJECTID":291068,"BASE_BBL":"1004360029","BIN":1077639,"CONSTRUCTION_YEAR":1888,"DOITT_ID":642616,"FEATURE_CODE":2100,"GEOM_SOURCE":"Photogrammetric","GROUND_ELEVATION":19,"HEIGHT_ROOF":50.53,"LAST_EDITED_DATE":1503430672000,"LAST_STATUS_TYPE":"Constructed","MAPPLUTO_BBL":"1004360029","NAME":null,"Shape__Area":232.8203125,"Shape__Length":66.08139388655982}},{"type":"Feature","id":293025,"geometry":{"type":"Polygon","coordinates":[[[-73.9844787302056,40.730580660837],[-73.9845142804034,40.7305317959204],[-73.9846035330837,40.7305693717032],[-73.984567982931,40.7306182375478],[-73.9845461897939,40.7306186794768],[-73.9845135419,40.730663553739],[-73.9844998329164,40.7306577823361],[-73.984491345,40.730669448183],[-73.9845050551691,40.730675219587],[-73.9844738068749,40.7307181714399],[-73.9844830327525,40.7307350022885],[-73.9844476446508,40.7307836447905],[-73.9843603495223,40.7307468922186],[-73.9843957376679,40.7306982506437],[-73.9844143026257,40.730693119358],[-73.9844265549464,40.7306762797036],[-73.9844416052778,40.7306763456738],[-73.9844667173579,40.730641828066],[-73.9844573156661,40.7306378708633],[-73.9844888422059,40.7305945363357],[-73.9844787302056,40.730580660837]]]},"properties":{"OBJECTID":293025,"BASE_BBL":"1004540056","BIN":1006503,"CONSTRUCTION_YEAR":1900,"DOITT_ID":65586,"FEATURE_CODE":2100,"GEOM_SOURCE":"Photogrammetric","GROUND_ELEVATION":24,"HEIGHT_ROOF":71.14,"LAST_EDITED_DATE":1503424985000,"LAST_STATUS_TYPE":"Constructed","MAPPLUTO_BBL":"1004540056","NAME":null,"Shape__Area":322.86328125,"Shape__Length":103.76620727759494}},{"type":"Feature","id":293039,"geometry":{"type":"Polygon","coordinates":[[[-73.9838488616347,40.728047543903],[-73.9838694794009,40.728018952032],[-73.9839541598342,40.727901518585],[-73.9840339423636,40.7279348142852],[-73.9840323615812,40.7279370077058],[-73.9840185987078,40.7279560929843],[-73.9839342001371,40.7280731356962],[-73.9839312789341,40.7280771875788],[-73.9839124881584,40.7280693460252],[-73.9838996476468,40.7280871526954],[-73.9838605155911,40.7280708218916],[-73.9838621745337,40.7280685204233],[-73.9838707226438,40.7280566673213],[-73.9838488616347,40.728047543903]]]},"properties":{"OBJECTID":293039,"BASE_BBL":"1004370045","BIN":1005925,"CONSTRUCTION_YEAR":1920,"DOITT_ID":227715,"FEATURE_CODE":2100,"GEOM_SOURCE":"Photogrammetric","GROUND_ELEVATION":22,"HEIGHT_ROOF":54.6,"LAST_EDITED_DATE":1503427033000,"LAST_STATUS_TYPE":"Constructed","MAPPLUTO_BBL":"1004370045","NAME":null,"Shape__Area":258.1640625,"Shape__Length":73.90547972345516}},{"type":"Feature","id":295622,"geometry":{"type":"Polygon","coordinates":[[[-73.9858261660624,40.7271755550227],[-73.9858567180524,40.7271331862265],[-73.9860133881751,40.7271985697091],[-73.9859828374384,40.7272409385466],[-73.9858261660624,40.7271755550227]]]},"properties":{"OBJECTID":295622,"BASE_BBL":"1004490038","BIN":1006341,"CONSTRUCTION_YEAR":1900,"DOITT_ID":834868,"FEATURE_CODE":2100,"GEOM_SOURCE":"Photogrammetric","GROUND_ELEVATION":27,"HEIGHT_ROOF":42.85,"LAST_EDITED_DATE":1503424963000,"LAST_STATUS_TYPE":"Constructed","MAPPLUTO_BBL":"1004490038","NAME":null,"Shape__Area":141.20703125,"Shape__Length":54.00503402728222}},{"type":"Feature","id":297223,"geometry":{"type":"Polygon","coordinates":[[[-73.9856710138356,40.729653245489],[-73.9857029429105,40.7296092866208],[-73.9857209243457,40.7296019767206],[-73.9857356106333,40.7295817567164],[-73.9857465959582,40.7295863740842],[-73.9857673092533,40.7295578566336],[-73.9857563251155,40.7295532392678],[-73.985774754288,40.7295278670102],[-73.9857705580488,40.7295161976995],[-73.9857793759591,40.7295040581297],[-73.9858123906985,40.7294586063208],[-73.985853744521,40.7294759894256],[-73.9858906194886,40.7294914899036],[-73.9858657335448,40.72952575121],[-73.9858485559883,40.7295494009627],[-73.9858330495242,40.7295523707352],[-73.985814620367,40.7295777439025],[-73.9858086986348,40.7295752541668],[-73.9857879853519,40.7296037716248],[-73.9857939070859,40.7296062613616],[-73.9857792196268,40.7296264813731],[-73.9857811730072,40.7296421702774],[-73.9857492439681,40.7296861291671],[-73.9856710138356,40.729653245489]]]},"properties":{"OBJECTID":297223,"BASE_BBL":"1004520050","BIN":1006465,"CONSTRUCTION_YEAR":1900,"DOITT_ID":391175,"FEATURE_CODE":2100,"GEOM_SOURCE":"Photogrammetric","GROUND_ELEVATION":28,"HEIGHT_ROOF":68.19,"LAST_EDITED_DATE":1503430645000,"LAST_STATUS_TYPE":"Constructed","MAPPLUTO_BBL":"1004520050","NAME":null,"Shape__Area":279.203125,"Shape__Length":91.32853247546508}},{"type":"Feature","id":300633,"geometry":{"type":"Polygon","coordinates":[[[-73.9843766308288,40.7275409813635],[-73.9844269888189,40.7274718371977],[-73.98450533484,40.7273642639544],[-73.9845812039823,40.7273962431075],[-73.9845673987944,40.727415198774],[-73.9845034903465,40.7275029483965],[-73.9844735211778,40.727544097621],[-73.9844525001105,40.7275729606006],[-73.9843766308288,40.7275409813635]]]},"properties":{"OBJECTID":300633,"BASE_BBL":"1004360052","BIN":1077650,"CONSTRUCTION_YEAR":1900,"DOITT_ID":678741,"FEATURE_CODE":2100,"GEOM_SOURCE":"Photogrammetric","GROUND_ELEVATION":22,"HEIGHT_ROOF":59.71,"LAST_EDITED_DATE":1503429486000,"LAST_STATUS_TYPE":"Constructed","MAPPLUTO_BBL":"1004360052","NAME":null,"Shape__Area":286.54296875,"Shape__Length":78.62858804236816}},{"type":"Feature","id":305638,"geometry":{"type":"Polygon","coordinates":[[[-73.9846612325694,40.730864813761],[-73.9846985033377,40.7308135824819],[-73.984736290182,40.7308294913782],[-73.9847527544204,40.7308068601762],[-73.9847671737934,40.7307967511738],[-73.9847968517729,40.7307559584541],[-73.9847967355742,40.7307464121471],[-73.9848072779192,40.7307319216535],[-73.984803085719,40.730718524234],[-73.9847759659608,40.7307071067058],[-73.9848122442494,40.7306572413292],[-73.9849725186155,40.7307247176517],[-73.984933230348,40.7307787205215],[-73.9849128171072,40.7307701260968],[-73.9848950353935,40.7307719067731],[-73.9848831656481,40.7307882224314],[-73.984867410274,40.7307911407117],[-73.9848643846376,40.7308012845434],[-73.9848407587926,40.7308337591787],[-73.9848369938214,40.7308415994113],[-73.9848201258126,40.7308647861858],[-73.9848587779647,40.7308810589613],[-73.984816979142,40.7309385131097],[-73.9846567044191,40.7308710365727],[-73.9846612325694,40.730864813761]]]},"properties":{"OBJECTID":305638,"BASE_BBL":"1004540060","BIN":1006506,"CONSTRUCTION_YEAR":1920,"DOITT_ID":59239,"FEATURE_CODE":2100,"GEOM_SOURCE":"Photogrammetric","GROUND_ELEVATION":25,"HEIGHT_ROOF":64.37,"LAST_EDITED_DATE":1503424973000,"LAST_STATUS_TYPE":"Constructed","MAPPLUTO_BBL":"1004540060","NAME":null,"Shape__Area":558.78515625,"Shape__Length":130.61815980512642}},{"type":"Feature","id":307172,"geometry":{"type":"Polygon","coordinates":[[[-73.9815380576357,40.729023504949],[-73.9815600015638,40.7289939285511],[-73.9815713826521,40.7289785893046],[-73.9817162685377,40.7290407988356],[-73.9816829435875,40.729085715422],[-73.9815933302002,40.7290472377012],[-73.9815380576357,40.729023504949]]]},"properties":{"OBJECTID":307172,"BASE_BBL":"1004390028","BIN":1077670,"CONSTRUCTION_YEAR":1900,"DOITT_ID":286594,"FEATURE_CODE":2100,"GEOM_SOURCE":"Photogrammetric","GROUND_ELEVATION":18,"HEIGHT_ROOF":39.66,"LAST_EDITED_DATE":1503424110000,"LAST_STATUS_TYPE":"Constructed","MAPPLUTO_BBL":"1004390028","NAME":null,"Shape__Area":140.32421875,"Shape__Length":52.21420014519661}},{"type":"Feature","id":308786,"geometry":{"type":"Polygon","coordinates":[[[-73.983576384461,40.7279041389411],[-73.9836110198622,40.7278561080262],[-73.9836652238696,40.7277809376373],[-73.9837196500564,40.7278036516777],[-73.9836599671943,40.7278864171078],[-73.983646867329,40.7279045839169],[-73.983645338636,40.7279067034979],[-73.9836308095346,40.7279268521224],[-73.983576384461,40.7279041389411]]]},"properties":{"OBJECTID":308786,"BASE_BBL":"1004370041","BIN":1005921,"CONSTRUCTION_YEAR":1900,"DOITT_ID":41683,"FEATURE_CODE":2100,"GEOM_SOURCE":"Photogrammetric","GROUND_ELEVATION":20,"HEIGHT_ROOF":46.18,"LAST_EDITED_DATE":1503428140000,"LAST_STATUS_TYPE":"Constructed","MAPPLUTO_BBL":"1004370041","NAME":null,"Shape__Area":142.64453125,"Shape__Length":55.080116418718845}},{"type":"Feature","id":311291,"geometry":{"type":"Polygon","coordinates":[[[-73.9868729655376,40.7281457046617],[-73.9869715319443,40.7280090113958],[-73.9870520499535,40.7280426121607],[-73.9869520284789,40.72818132247],[-73.9868715115362,40.7281477216359],[-73.9868729655376,40.7281457046617]]]},"properties":{"OBJECTID":311291,"BASE_BBL":"1004490014","BIN":1006320,"CONSTRUCTION_YEAR":1920,"DOITT_ID":313141,"FEATURE_CODE":2100,"GEOM_SOURCE":"Photogrammetric","GROUND_ELEVATION":30,"HEIGHT_ROOF":58.04,"LAST_EDITED_DATE":1503423344000,"LAST_STATUS_TYPE":"Constructed","MAPPLUTO_BBL":"1004490014","NAME":null,"Shape__Area":237.59375,"Shape__Length":66.90384784095822}},{"type":"Feature","id":311621,"geometry":{"type":"Polygon","coordinates":[[[-73.982643056816,40.7277675065102],[-73.9825010745127,40.7277082513444],[-73.9824981191153,40.727707017198],[-73.9825457215047,40.7276410045073],[-73.9827057071506,40.7277077734689],[-73.982658104872,40.7277737862252],[-73.982643056816,40.7277675065102]]]},"properties":{"OBJECTID":311621,"BASE_BBL":"1004370027","BIN":1077643,"CONSTRUCTION_YEAR":1900,"DOITT_ID":687796,"FEATURE_CODE":2100,"GEOM_SOURCE":"Photogrammetric","GROUND_ELEVATION":18,"HEIGHT_ROOF":38.57,"LAST_EDITED_DATE":1503423342000,"LAST_STATUS_TYPE":"Constructed","MAPPLUTO_BBL":"1004370027","NAME":null,"Shape__Area":224.671875,"Shape__Length":62.76400672996912}},{"type":"Feature","id":313048,"geometry":{"type":"Polygon","coordinates":[[[-73.984225775906,40.7304813363882],[-73.9842653203464,40.730426980793],[-73.9843347905561,40.730456228878],[-73.9845142804034,40.7305317959204],[-73.9844787302056,40.730580660837],[-73.9844548615021,40.7306134694502],[-73.9844290627929,40.7306026085328],[-73.9843097887433,40.7307665542503],[-73.9841747076226,40.730709683959],[-73.9841943857997,40.7306826353828],[-73.984180822428,40.7306769251965],[-73.984158184066,40.7306673947037],[-73.9841456368253,40.7306846422195],[-73.9841050355017,40.7306675485718],[-73.9841708741393,40.7305770520216],[-73.9842048553142,40.7305913576644],[-73.9842511601144,40.7305277097529],[-73.9842059012333,40.7305086541956],[-73.984225775906,40.7304813363882]]]},"properties":{"OBJECTID":313048,"BASE_BBL":"1004540052","BIN":1006502,"CONSTRUCTION_YEAR":1927,"DOITT_ID":807892,"FEATURE_CODE":2100,"GEOM_SOURCE":"Photogrammetric","GROUND_ELEVATION":24,"HEIGHT_ROOF":99.27,"LAST_EDITED_DATE":1503425969000,"LAST_STATUS_TYPE":"Constructed","MAPPLUTO_BBL":"1004540052","NAME":null,"Shape__Area":1100.7890625,"Shape__Length":160.25277186987313}},{"type":"Feature","id":315018,"geometry":{"type":"Polygon","coordinates":[[[-73.9837819770378,40.7276484874676],[-73.9838773457355,40.7275175443388],[-73.9839358420761,40.7275422012455],[-73.9838404734581,40.7276731444222],[-73.9837819770378,40.7276484874676]]]},"properties":{"OBJECTID":315018,"BASE_BBL":"1004360019","BIN":1005872,"CONSTRUCTION_YEAR":1900,"DOITT_ID":459138,"FEATURE_CODE":2100,"GEOM_SOURCE":"Photogrammetric","GROUND_ELEVATION":21,"HEIGHT_ROOF":56.73,"LAST_EDITED_DATE":1503426992000,"LAST_STATUS_TYPE":"Constructed","MAPPLUTO_BBL":"1004360019","NAME":null,"Shape__Area":163.70703125,"Shape__Length":58.84282820857615}},{"type":"Feature","id":315564,"geometry":{"type":"Polygon","coordinates":[[[-73.9841949933431,40.7270424780084],[-73.9842481870453,40.7269693207364],[-73.9842755916191,40.726980853699],[-73.9842933523678,40.7269784247482],[-73.9843270098129,40.7269321359638],[-73.9843205961007,40.7269189597425],[-73.9842931915445,40.7269074267905],[-73.9843373268481,40.7268467276839],[-73.9844315809357,40.7268513330606],[-73.9844553909671,40.7268613526393],[-73.9843467318261,40.7270107909086],[-73.984339623247,40.7270077993516],[-73.9843311878654,40.7270194003629],[-73.9843364896502,40.7270294444616],[-73.9843525910729,40.7270362202795],[-73.9843121831458,40.7270917942008],[-73.9841949933431,40.7270424780084]]]},"properties":{"OBJECTID":315564,"BASE_BBL":"1004350019","BIN":1005828,"CONSTRUCTION_YEAR":1920,"DOITT_ID":191021,"FEATURE_CODE":2100,"GEOM_SOURCE":"Photogrammetric","GROUND_ELEVATION":21,"HEIGHT_ROOF":67.38,"LAST_EDITED_DATE":1503424087000,"LAST_STATUS_TYPE":"Constructed","MAPPLUTO_BBL":"1004350019","NAME":null,"Shape__Area":416.734375,"Shape__Length":110.60653754899032}},{"type":"Feature","id":315984,"geometry":{"type":"Polygon","coordinates":[[[-73.9836054686961,40.7291247468428],[-73.9836463272436,40.7290685077727],[-73.9836795831709,40.7290824901879],[-73.9837655418241,40.7291186325513],[-73.9837246821629,40.7291748716631],[-73.9836054686961,40.7291247468428]]]},"properties":{"OBJECTID":315984,"BASE_BBL":"1004380009","BIN":1077667,"CONSTRUCTION_YEAR":1900,"DOITT_ID":751126,"FEATURE_CODE":2100,"GEOM_SOURCE":"Photogrammetric","GROUND_ELEVATION":22,"HEIGHT_ROOF":53.43,"LAST_EDITED_DATE":1503423333000,"LAST_STATUS_TYPE":"Constructed","MAPPLUTO_BBL":"1004380009","NAME":null,"Shape__Area":143.125,"Shape__Length":49.21486732938447}},{"type":"Feature","id":317423,"geometry":{"type":"Polygon","coordinates":[[[-73.9863199910725,40.7279149389232],[-73.9863402027925,40.7278869093793],[-73.9863567546041,40.7278639537662],[-73.9863709807351,40.7278625704678],[-73.9864078424741,40.7278114511299],[-73.9864182452242,40.7278157919099],[-73.9864265335414,40.7278042978902],[-73.9864161307927,40.7277999562105],[-73.9864339850052,40.7277751952191],[-73.9864312322852,40.7277606678843],[-73.9864583018888,40.7277231288517],[-73.986465075797,40.7277137355385],[-73.9865455482168,40.7277473186435],[-73.9865117059284,40.7277942510129],[-73.9864913983802,40.7277991546055],[-73.9864737525746,40.7278236256663],[-73.986466474552,40.7278205882951],[-73.9864410874418,40.72785579701],[-73.9864448630605,40.7278636895149],[-73.9864296504361,40.7278847875485],[-73.9864283941627,40.7278865298853],[-73.9864372283344,40.7278975369464],[-73.9864004636624,40.7279485212282],[-73.9863199910725,40.7279149389232]]]},"properties":{"OBJECTID":317423,"BASE_BBL":"1004490021","BIN":1006327,"CONSTRUCTION_YEAR":1900,"DOITT_ID":45961,"FEATURE_CODE":2100,"GEOM_SOURCE":"Photogrammetric","GROUND_ELEVATION":27,"HEIGHT_ROOF":72.4,"LAST_EDITED_DATE":1503423323000,"LAST_STATUS_TYPE":"Constructed","MAPPLUTO_BBL":"1004490021","NAME":null,"Shape__Area":289.3046875,"Shape__Length":94.49453530322921}},{"type":"Feature","id":321481,"geometry":{"type":"Polygon","coordinates":[[[-73.9841192526594,40.7273929006786],[-73.9842258928264,40.7272464781599],[-73.9842623625701,40.727261850336],[-73.9843467379009,40.7272974148321],[-73.984321082349,40.7273326419565],[-73.9842948832745,40.7273686146223],[-73.9842865236251,40.7273800940714],[-73.9842682638206,40.7274051653514],[-73.9842400979177,40.7274438383623],[-73.9841192526594,40.7273929006786]]]},"properties":{"OBJECTID":321481,"BASE_BBL":"1004360048","BIN":1005889,"CONSTRUCTION_YEAR":1920,"DOITT_ID":496481,"FEATURE_CODE":2100,"GEOM_SOURCE":"Photogrammetric","GROUND_ELEVATION":21,"HEIGHT_ROOF":61.08,"LAST_EDITED_DATE":1503430618000,"LAST_STATUS_TYPE":"Constructed","MAPPLUTO_BBL":"1004360048","NAME":null,"Shape__Area":378.171875,"Shape__Length":79.9208688651836}},{"type":"Feature","id":327359,"geometry":{"type":"Polygon","coordinates":[[[-73.9838137326362,40.7291388944788],[-73.9837693400378,40.7291202296887],[-73.9837655418241,40.7291186325513],[-73.9836795831709,40.7290824901879],[-73.9837120556158,40.7290377944285],[-73.9837295529394,40.7290451513572],[-73.9838019651269,40.7290755978618],[-73.9839798622646,40.729150395593],[-73.9839473887608,40.7291950914271],[-73.9838137326362,40.7291388944788]]]},"properties":{"OBJECTID":327359,"BASE_BBL":"1004380008","BIN":1005933,"CONSTRUCTION_YEAR":1920,"DOITT_ID":383406,"FEATURE_CODE":2100,"GEOM_SOURCE":"Photogrammetric","GROUND_ELEVATION":21,"HEIGHT_ROOF":39.67,"LAST_EDITED_DATE":1503430618000,"LAST_STATUS_TYPE":"Constructed","MAPPLUTO_BBL":"1004380008","NAME":null,"Shape__Area":255.52734375,"Shape__Length":83.17684688660519}},{"type":"Feature","id":327411,"geometry":{"type":"Polygon","coordinates":[[[-73.9857814800377,40.7275204408643],[-73.9858439140436,40.7274338583119],[-73.9859219475956,40.7274664239792],[-73.9858595136606,40.7275530065736],[-73.9857814800377,40.7275204408643]]]},"properties":{"OBJECTID":327411,"BASE_BBL":"1004490028","BIN":1079760,"CONSTRUCTION_YEAR":1920,"DOITT_ID":543509,"FEATURE_CODE":2100,"GEOM_SOURCE":"Photogrammetric","GROUND_ELEVATION":27,"HEIGHT_ROOF":13.17,"LAST_EDITED_DATE":1234569600000,"LAST_STATUS_TYPE":"Constructed","MAPPLUTO_BBL":"1004490028","NAME":null,"Shape__Area":143.7265625,"Shape__Length":48.820640926412295}},{"type":"Feature","id":328356,"geometry":{"type":"Polygon","coordinates":[[[-73.9870864399646,40.7277089504421],[-73.9871078033571,40.7276793233889],[-73.9871867941744,40.7277122872304],[-73.9871520299988,40.7277604984083],[-73.987142370709,40.7277738942022],[-73.9871028099684,40.7278287586899],[-73.9870882120717,40.7278490040975],[-73.9870092211411,40.727816040189],[-73.9870519101559,40.7277568365324],[-73.9870664922807,40.7277629220094],[-73.9870796870917,40.7277446242478],[-73.9870651049697,40.7277385387724],[-73.9870864399646,40.7277089504421]]]},"properties":{"OBJECTID":328356,"BASE_BBL":"1004490053","BIN":1006355,"CONSTRUCTION_YEAR":1910,"DOITT_ID":482323,"FEATURE_CODE":2100,"GEOM_SOURCE":"Photogrammetric","GROUND_ELEVATION":31,"HEIGHT_ROOF":56.97,"LAST_EDITED_DATE":1503424951000,"LAST_STATUS_TYPE":"Constructed","MAPPLUTO_BBL":"1004490053","NAME":null,"Shape__Area":224.04296875,"Shape__Length":69.55440404115687}},{"type":"Feature","id":330113,"geometry":{"type":"Polygon","coordinates":[[[-73.9835900863097,40.728868965029],[-73.9836148407159,40.7288342350274],[-73.9836863425668,40.7288637296382],[-73.9837509605989,40.7288903857302],[-73.9837539705218,40.728891627056],[-73.983727862777,40.7289279363885],[-73.9837245971932,40.7289265887658],[-73.9836604111543,40.7289001110212],[-73.9835890466361,40.7288704228046],[-73.9835900863097,40.728868965029]]]},"properties":{"OBJECTID":330113,"BASE_BBL":"1004380011","BIN":1086615,"CONSTRUCTION_YEAR":1900,"DOITT_ID":959254,"FEATURE_CODE":5110,"GEOM_SOURCE":"Photogrammetric","GROUND_ELEVATION":21,"HEIGHT_ROOF":12.63,"LAST_EDITED_DATE":1544207666000,"LAST_STATUS_TYPE":"Constructed","MAPPLUTO_BBL":"1004380011","NAME":null,"Shape__Area":106.890625,"Shape__Length":47.361490881085224}},{"type":"Feature","id":332580,"geometry":{"type":"Polygon","coordinates":[[[-73.9860165721245,40.7269512849085],[-73.9861604069549,40.7270119200504],[-73.9862227042157,40.7270381827618],[-73.9861900414562,40.7270830251008],[-73.9860518379781,40.7270247635201],[-73.9859839092688,40.7269961271896],[-73.9860060874781,40.7269656791729],[-73.9860165721245,40.7269512849085]]]},"properties":{"OBJECTID":332580,"BASE_BBL":"1004480027","BIN":1006283,"CONSTRUCTION_YEAR":1920,"DOITT_ID":660932,"FEATURE_CODE":2100,"GEOM_SOURCE":"Photogrammetric","GROUND_ELEVATION":27,"HEIGHT_ROOF":46.76,"LAST_EDITED_DATE":1503428126000,"LAST_STATUS_TYPE":"Constructed","MAPPLUTO_BBL":"1004480027","NAME":null,"Shape__Area":197.5625,"Shape__Length":67.56376787800588}},{"type":"Feature","id":333695,"geometry":{"type":"Polygon","coordinates":[[[-73.9811741083921,40.7295266197207],[-73.9812183808644,40.7294658723251],[-73.9813668280624,40.729528480897],[-73.9813671890609,40.7295286331414],[-73.9813229166823,40.7295893814942],[-73.9813225556835,40.7295892292497],[-73.9811741083921,40.7295266197207]]]},"properties":{"OBJECTID":333695,"BASE_BBL":"1004400034","BIN":1076872,"CONSTRUCTION_YEAR":1910,"DOITT_ID":1156848,"FEATURE_CODE":2100,"GEOM_SOURCE":"Photogrammetric","GROUND_ELEVATION":18,"HEIGHT_ROOF":49.79,"LAST_EDITED_DATE":1503425922000,"LAST_STATUS_TYPE":"Constructed","MAPPLUTO_BBL":"1004400034","NAME":null,"Shape__Area":193.265625,"Shape__Length":58.30461174985769}},{"type":"Feature","id":334586,"geometry":{"type":"Polygon","coordinates":[[[-73.9856419205505,40.7266000231564],[-73.9856346521738,40.7265969632206],[-73.9855690154838,40.7265693309972],[-73.9855956812617,40.726532670107],[-73.985608070983,40.7265378856038],[-73.9856681507426,40.7265631784915],[-73.9856790415282,40.7265482052803],[-73.9858164223024,40.7266060403697],[-73.985778863473,40.7266576745318],[-73.9856419205505,40.7266000231564]]]},"properties":{"OBJECTID":334586,"BASE_BBL":"1004340005","BIN":1005772,"CONSTRUCTION_YEAR":1900,"DOITT_ID":501439,"FEATURE_CODE":2100,"GEOM_SOURCE":"Photogrammetric","GROUND_ELEVATION":24,"HEIGHT_ROOF":50.64,"LAST_EDITED_DATE":1503429412000,"LAST_STATUS_TYPE":"Constructed","MAPPLUTO_BBL":"1004340005","NAME":null,"Shape__Area":208.26171875,"Shape__Length":70.76678622567258}},{"type":"Feature","id":335579,"geometry":{"type":"Polygon","coordinates":[[[-73.9872509426437,40.7279055813923],[-73.9872540412413,40.7279012827057],[-73.9873126717914,40.7278199723209],[-73.9873362125362,40.7277873251587],[-73.9873456231446,40.7277742733157],[-73.9873784637722,40.7277879781632],[-73.987428950967,40.7278090465895],[-73.9872935021924,40.7279968904979],[-73.9872526933532,40.7279798609664],[-73.9872856460102,40.7279341619794],[-73.9872980078841,40.7279322794788],[-73.9873019199054,40.7279268543438],[-73.9872509426437,40.7279055813923]]]},"properties":{"OBJECTID":335579,"BASE_BBL":"1004490056","BIN":1006358,"CONSTRUCTION_YEAR":1867,"DOITT_ID":175449,"FEATURE_CODE":2100,"GEOM_SOURCE":"Photogrammetric","GROUND_ELEVATION":32,"HEIGHT_ROOF":58.05,"LAST_EDITED_DATE":1580231963000,"LAST_STATUS_TYPE":"Constructed","MAPPLUTO_BBL":"1004490056","NAME":null,"Shape__Area":280.37890625,"Shape__Length":85.63988099629353}},{"type":"Feature","id":335813,"geometry":{"type":"Polygon","coordinates":[[[-73.9831633130082,40.7281414822634],[-73.9832490581879,40.7280225753592],[-73.9833272698839,40.7280552157494],[-73.9833228720398,40.7280613142596],[-73.9832415248018,40.7281741227113],[-73.9831633130082,40.7281414822634]]]},"properties":{"OBJECTID":335813,"BASE_BBL":"1004370019","BIN":1005907,"CONSTRUCTION_YEAR":1900,"DOITT_ID":141009,"FEATURE_CODE":2100,"GEOM_SOURCE":"Photogrammetric","GROUND_ELEVATION":17,"HEIGHT_ROOF":58.43,"LAST_EDITED_DATE":1503423314000,"LAST_STATUS_TYPE":"Constructed","MAPPLUTO_BBL":"1004370019","NAME":null,"Shape__Area":197.84375,"Shape__Length":59.688479783531655}},{"type":"Feature","id":338347,"geometry":{"type":"Polygon","coordinates":[[[-73.986707377352,40.7285157678076],[-73.986782643556,40.7284125862576],[-73.9868201587586,40.7283611561911],[-73.9868963260421,40.7283933112485],[-73.9868188932349,40.7284994652048],[-73.9867835459416,40.7285479220386],[-73.9867618524683,40.7285387640734],[-73.986707377352,40.7285157678076]]]},"properties":{"OBJECTID":338347,"BASE_BBL":"1004500051","BIN":1006399,"CONSTRUCTION_YEAR":1900,"DOITT_ID":473318,"FEATURE_CODE":2100,"GEOM_SOURCE":"Photogrammetric","GROUND_ELEVATION":30,"HEIGHT_ROOF":57.74,"LAST_EDITED_DATE":1503424064000,"LAST_STATUS_TYPE":"Constructed","MAPPLUTO_BBL":"1004500051","NAME":null,"Shape__Area":251.87890625,"Shape__Length":71.3133891405749}},{"type":"Feature","id":339873,"geometry":{"type":"Polygon","coordinates":[[[-73.986816439398,40.7277991670582],[-73.9868416344744,40.7277642265899],[-73.9868606489996,40.7277552218702],[-73.9868756720129,40.7277343858058],[-73.9868899274399,40.7277403343906],[-73.986912384975,40.7277091892403],[-73.9868981307365,40.7277032406583],[-73.9869104884723,40.7276861017758],[-73.9869289072528,40.7276605582292],[-73.9869288988186,40.7276432063208],[-73.9869649607893,40.7275931952389],[-73.9870464666085,40.7276272085547],[-73.9870104046804,40.7276772205624],[-73.9869896845327,40.7276859216427],[-73.9869589080436,40.7277286040879],[-73.9869488887624,40.7277244227904],[-73.9869386291329,40.7277386523704],[-73.986926431239,40.7277555688483],[-73.9869364493399,40.7277597492471],[-73.9869214251563,40.7277805844188],[-73.9869231404397,40.7277982399922],[-73.9868970017181,40.7278344897107],[-73.9868932282012,40.7278397230394],[-73.9868117222003,40.7278057096162],[-73.986816439398,40.7277991670582]]]},"properties":{"OBJECTID":339873,"BASE_BBL":"1004490051","BIN":1006353,"CONSTRUCTION_YEAR":1893,"DOITT_ID":317629,"FEATURE_CODE":2100,"GEOM_SOURCE":"Photogrammetric","GROUND_ELEVATION":30,"HEIGHT_ROOF":57.63,"LAST_EDITED_DATE":1580232206000,"LAST_STATUS_TYPE":"Constructed","MAPPLUTO_BBL":"1004490051","NAME":null,"Shape__Area":304.81640625,"Shape__Length":99.49159334075863}},{"type":"Feature","id":341222,"geometry":{"type":"Polygon","coordinates":[[[-73.9864932641439,40.728387965189],[-73.9865851794055,40.7282619587176],[-73.9866633515137,40.7282949597411],[-73.9866193109487,40.7283553346544],[-73.9866091837979,40.7283692184238],[-73.9865587741342,40.7284383248073],[-73.9865566215323,40.7284412764242],[-73.9864784481214,40.7284082762294],[-73.9864932641439,40.728387965189]]]},"properties":{"OBJECTID":341222,"BASE_BBL":"1004500048","BIN":1006396,"CONSTRUCTION_YEAR":1900,"DOITT_ID":577976,"FEATURE_CODE":2100,"GEOM_SOURCE":"Photogrammetric","GROUND_ELEVATION":28,"HEIGHT_ROOF":59.65,"LAST_EDITED_DATE":1503423322000,"LAST_STATUS_TYPE":"Constructed","MAPPLUTO_BBL":"1004500048","NAME":null,"Shape__Area":244.640625,"Shape__Length":69.03994345125795}},{"type":"Feature","id":343556,"geometry":{"type":"Polygon","coordinates":[[[-73.9854458202671,40.7291137233518],[-73.9855406740008,40.7289830183421],[-73.9856208550863,40.7290166921018],[-73.9855618390703,40.7290980141709],[-73.985526000278,40.7291473980772],[-73.9854458202671,40.7291137233518]]]},"properties":{"OBJECTID":343556,"BASE_BBL":"1004510024","BIN":1006414,"CONSTRUCTION_YEAR":1900,"DOITT_ID":35241,"FEATURE_CODE":2100,"GEOM_SOURCE":"Photogrammetric","GROUND_ELEVATION":27,"HEIGHT_ROOF":52.01,"LAST_EDITED_DATE":1503430617000,"LAST_STATUS_TYPE":"Constructed","MAPPLUTO_BBL":"1004510024","NAME":null,"Shape__Area":223.609375,"Shape__Length":64.2340308447682}},{"type":"Feature","id":344925,"geometry":{"type":"Polygon","coordinates":[[[-73.9839535936073,40.7271952312937],[-73.9839889955439,40.7271466231411],[-73.9842258928264,40.7272464781599],[-73.9841192526594,40.7273929006786],[-73.9838823550161,40.7272930454424],[-73.9839535936073,40.7271952312937]]]},"properties":{"OBJECTID":344925,"BASE_BBL":"1004360044","BIN":1005888,"CONSTRUCTION_YEAR":1920,"DOITT_ID":261364,"FEATURE_CODE":2100,"GEOM_SOURCE":"Photogrammetric","GROUND_ELEVATION":22,"HEIGHT_ROOF":60.28,"LAST_EDITED_DATE":1503430603000,"LAST_STATUS_TYPE":"Constructed","MAPPLUTO_BBL":"1004360044","NAME":null,"Shape__Area":741.3359375,"Shape__Length":109.48636571220315}},{"type":"Feature","id":345329,"geometry":{"type":"Polygon","coordinates":[[[-73.9835785582715,40.729386599256],[-73.9836283406156,40.7293182892458],[-73.9837997791489,40.7293905937261],[-73.9838007982437,40.7293910234121],[-73.9837977751498,40.7293951716307],[-73.9837510160222,40.7294593325957],[-73.9835785582715,40.729386599256]]]},"properties":{"OBJECTID":345329,"BASE_BBL":"1004390001","BIN":1077654,"CONSTRUCTION_YEAR":1910,"DOITT_ID":415653,"FEATURE_CODE":2100,"GEOM_SOURCE":"Photogrammetric","GROUND_ELEVATION":23,"HEIGHT_ROOF":52.22,"LAST_EDITED_DATE":1503426960000,"LAST_STATUS_TYPE":"Constructed","MAPPLUTO_BBL":"1004390001","NAME":null,"Shape__Area":251.8515625,"Shape__Length":66.86791096960192}},{"type":"Feature","id":346399,"geometry":{"type":"Polygon","coordinates":[[[-73.9857595906653,40.7288237600165],[-73.9857914600885,40.7287798452363],[-73.9858461951183,40.728704420853],[-73.9858982792004,40.7287262951989],[-73.9858116748123,40.7288456344012],[-73.9858024259795,40.7288417502674],[-73.9857595906653,40.7288237600165]]]},"properties":{"OBJECTID":346399,"BASE_BBL":"1004510047","BIN":1006423,"CONSTRUCTION_YEAR":1900,"DOITT_ID":519673,"FEATURE_CODE":2100,"GEOM_SOURCE":"Photogrammetric","GROUND_ELEVATION":28,"HEIGHT_ROOF":49.13,"LAST_EDITED_DATE":1503426960000,"LAST_STATUS_TYPE":"Constructed","MAPPLUTO_BBL":"1004510047","NAME":null,"Shape__Area":132.6171875,"Shape__Length":53.27094389367275}},{"type":"Feature","id":346659,"geometry":{"type":"Polygon","coordinates":[[[-73.9835801619029,40.726783738767],[-73.983677363966,40.7266500594029],[-73.9837618222577,40.7266856018298],[-73.9837011080901,40.7267691010632],[-73.983664620312,40.7268192821651],[-73.9835801619029,40.726783738767]]]},"properties":{"OBJECTID":346659,"BASE_BBL":"1004350028","BIN":1005835,"CONSTRUCTION_YEAR":1900,"DOITT_ID":300525,"FEATURE_CODE":2100,"GEOM_SOURCE":"Photogrammetric","GROUND_ELEVATION":19,"HEIGHT_ROOF":48.39,"LAST_EDITED_DATE":1503429413000,"LAST_STATUS_TYPE":"Constructed","MAPPLUTO_BBL":"1004350028","NAME":null,"Shape__Area":241.109375,"Shape__Length":66.34940525871573}},{"type":"Feature","id":346730,"geometry":{"type":"Polygon","coordinates":[[[-73.987802721436,40.7275202656381],[-73.9878491710187,40.7274564937997],[-73.9879463457537,40.727497457359],[-73.9881730545201,40.7275930230654],[-73.9881742405058,40.7275935229697],[-73.9881277911387,40.727657294938],[-73.9880867491522,40.7276399946241],[-73.9879110529991,40.7275659319653],[-73.987802721436,40.7275202656381]]]},"properties":{"OBJECTID":346730,"BASE_BBL":"1004480004","BIN":1006264,"CONSTRUCTION_YEAR":1838,"DOITT_ID":158059,"FEATURE_CODE":2100,"GEOM_SOURCE":"Photogrammetric","GROUND_ELEVATION":33,"HEIGHT_ROOF":56.69,"LAST_EDITED_DATE":1503426960000,"LAST_STATUS_TYPE":"Constructed","MAPPLUTO_BBL":"1004480004","NAME":null,"Shape__Area":443.0703125,"Shape__Length":104.21643524392789}},{"type":"Feature","id":347004,"geometry":{"type":"Polygon","coordinates":[[[-73.9831067118304,40.727363852062],[-73.9831394277214,40.7273189322626],[-73.9831539260014,40.7272990259308],[-73.983173759181,40.7273073864546],[-73.9832385730102,40.7273347074443],[-73.9831913588965,40.7273995327094],[-73.9831067118304,40.727363852062]]]},"properties":{"OBJECTID":347004,"BASE_BBL":"1004360028","BIN":1005880,"CONSTRUCTION_YEAR":1900,"DOITT_ID":827766,"FEATURE_CODE":2100,"GEOM_SOURCE":"Photogrammetric","GROUND_ELEVATION":20,"HEIGHT_ROOF":47.08,"LAST_EDITED_DATE":1503424065000,"LAST_STATUS_TYPE":"Constructed","MAPPLUTO_BBL":"1004360028","NAME":null,"Shape__Area":117.2734375,"Shape__Length":43.31829656332035}},{"type":"Feature","id":349892,"geometry":{"type":"Polygon","coordinates":[[[-73.9864720432387,40.7293402687912],[-73.9865599579337,40.7293771909384],[-73.9865433276972,40.7294001087455],[-73.98654497343,40.7294160380372],[-73.9866330575262,40.7294530303876],[-73.9866752531311,40.7294707509859],[-73.9867003600641,40.7294361554411],[-73.986821928324,40.7294872093508],[-73.9867064286016,40.7296463673002],[-73.9865838398403,40.7295948836082],[-73.986549418341,40.7295804282291],[-73.9866069996717,40.7295010821092],[-73.9865617644774,40.7294820851105],[-73.9865041831093,40.729561431208],[-73.9863472596546,40.729495527891],[-73.9864312850219,40.7293797423008],[-73.9864405682913,40.7293836416965],[-73.9864720432387,40.7293402687912]]]},"properties":{"OBJECTID":349892,"BASE_BBL":"1004510006","BIN":1006404,"CONSTRUCTION_YEAR":1920,"DOITT_ID":298450,"FEATURE_CODE":2100,"GEOM_SOURCE":"Photogrammetric","GROUND_ELEVATION":30,"HEIGHT_ROOF":66.99,"LAST_EDITED_DATE":1503425907000,"LAST_STATUS_TYPE":"Constructed","MAPPLUTO_BBL":"1004510006","NAME":null,"Shape__Area":1032.140625,"Shape__Length":182.09323213254865}},{"type":"Feature","id":350696,"geometry":{"type":"Polygon","coordinates":[[[-73.9851710443941,40.7269768949773],[-73.9851898827549,40.7269509861537],[-73.9852204527298,40.7269089426111],[-73.985248301709,40.7268706412274],[-73.9853460149056,40.7269117610408],[-73.9853078445622,40.726964257657],[-73.985261513639,40.7270279780615],[-73.9851638003239,40.7269868590775],[-73.9851710443941,40.7269768949773]]]},"properties":{"OBJECTID":350696,"BASE_BBL":"1004350057","BIN":1005857,"CONSTRUCTION_YEAR":1872,"DOITT_ID":363281,"FEATURE_CODE":2100,"GEOM_SOURCE":"Photogrammetric","GROUND_ELEVATION":25,"HEIGHT_ROOF":52.15,"LAST_EDITED_DATE":1580232160000,"LAST_STATUS_TYPE":"Constructed","MAPPLUTO_BBL":"1004350057","NAME":null,"Shape__Area":242.51953125,"Shape__Length":63.866968277102366}},{"type":"Feature","id":351376,"geometry":{"type":"Polygon","coordinates":[[[-73.986237308093,40.7283079003581],[-73.9862571185064,40.7282807424749],[-73.9863448342427,40.7281604953473],[-73.9864250383814,40.7281943540583],[-73.9863565695112,40.7282882168166],[-73.9863175123543,40.7283417600438],[-73.986237308093,40.7283079003581]]]},"properties":{"OBJECTID":351376,"BASE_BBL":"1004500045","BIN":1006393,"CONSTRUCTION_YEAR":1900,"DOITT_ID":758272,"FEATURE_CODE":2100,"GEOM_SOURCE":"Photogrammetric","GROUND_ELEVATION":28,"HEIGHT_ROOF":58.43,"LAST_EDITED_DATE":1503424929000,"LAST_STATUS_TYPE":"Constructed","MAPPLUTO_BBL":"1004500045","NAME":null,"Shape__Area":252.859375,"Shape__Length":69.92327414254514}},{"type":"Feature","id":353054,"geometry":{"type":"Polygon","coordinates":[[[-73.9861044752538,40.7316037101961],[-73.9858167399054,40.7314827260248],[-73.9858597756285,40.7314234985686],[-73.9860398924417,40.7314992316943],[-73.9861501409225,40.7315455878734],[-73.9861531521887,40.7315468534499],[-73.986138990161,40.7315663387502],[-73.9861101071772,40.7316060774117],[-73.9861044752538,40.7316037101961]]]},"properties":{"OBJECTID":353054,"BASE_BBL":"1004680037","BIN":1006869,"CONSTRUCTION_YEAR":1920,"DOITT_ID":436053,"FEATURE_CODE":2100,"GEOM_SOURCE":"Photogrammetric","GROUND_ELEVATION":29,"HEIGHT_ROOF":62.88,"LAST_EDITED_DATE":1503428077000,"LAST_STATUS_TYPE":"Constructed","MAPPLUTO_BBL":"1004680037","NAME":null,"Shape__Area":370.953125,"Shape__Length":94.56199327128523}},{"type":"Feature","id":354988,"geometry":{"type":"Polygon","coordinates":[[[-73.9850813922875,40.7284530481294],[-73.9850647613715,40.7284460625275],[-73.9851036029703,40.7283925413101],[-73.9852024818172,40.7284340693177],[-73.9851636402736,40.7284875905682],[-73.9850813922875,40.7284530481294]]]},"properties":{"OBJECTID":354988,"BASE_BBL":"1004510039","BIN":1079788,"CONSTRUCTION_YEAR":1900,"DOITT_ID":303537,"FEATURE_CODE":2100,"GEOM_SOURCE":"Photogrammetric","GROUND_ELEVATION":26,"HEIGHT_ROOF":40.35,"LAST_EDITED_DATE":1503428078000,"LAST_STATUS_TYPE":"Constructed","MAPPLUTO_BBL":"1004510039","NAME":null,"Shape__Area":112.91015625,"Shape__Length":43.114308505630355}},{"type":"Feature","id":358383,"geometry":{"type":"Polygon","coordinates":[[[-73.9852441832915,40.7298129256311],[-73.9852762074529,40.7297688363205],[-73.9853127536652,40.7297185223608],[-73.9853941298031,40.7297527277273],[-73.985357293528,40.7298034406011],[-73.9853255583256,40.7298471310455],[-73.9852441832915,40.7298129256311]]]},"properties":{"OBJECTID":358383,"BASE_BBL":"1004520018","BIN":1077685,"CONSTRUCTION_YEAR":1900,"DOITT_ID":525218,"FEATURE_CODE":2100,"GEOM_SOURCE":"Photogrammetric","GROUND_ELEVATION":27,"HEIGHT_ROOF":38.17,"LAST_EDITED_DATE":1503428058000,"LAST_STATUS_TYPE":"Constructed","MAPPLUTO_BBL":"1004520018","NAME":null,"Shape__Area":163.98046875,"Shape__Length":52.37746034713898}},{"type":"Feature","id":358653,"geometry":{"type":"Polygon","coordinates":[[[-73.9835036831858,40.72753118366],[-73.9835452867944,40.7274740604205],[-73.983640941076,40.7273427258039],[-73.9836997129502,40.7273674990359],[-73.9837202551838,40.7273761585348],[-73.983715774548,40.7273823110794],[-73.983693239922,40.7274132511815],[-73.983582998633,40.7275646155843],[-73.9835036831858,40.72753118366]]]},"properties":{"OBJECTID":358653,"BASE_BBL":"1004360023","BIN":1005875,"CONSTRUCTION_YEAR":1900,"DOITT_ID":538570,"FEATURE_CODE":2100,"GEOM_SOURCE":"Photogrammetric","GROUND_ELEVATION":20,"HEIGHT_ROOF":57.2,"LAST_EDITED_DATE":1503430577000,"LAST_STATUS_TYPE":"Constructed","MAPPLUTO_BBL":"1004360023","NAME":null,"Shape__Area":319.46484375,"Shape__Length":83.44633701954287}},{"type":"Feature","id":358756,"geometry":{"type":"Polygon","coordinates":[[[-73.9870775104497,40.7274383185752],[-73.9871636867789,40.7273200058314],[-73.987194197781,40.7273328675962],[-73.9871976231351,40.727328165519],[-73.9871779231922,40.7273198606342],[-73.9872020652425,40.7272867146821],[-73.9872037453577,40.7272844086652],[-73.9872007378156,40.7272831413148],[-73.9872263669608,40.7272479540687],[-73.9872892827049,40.7272744756174],[-73.987280740062,40.7272862038042],[-73.9872636535826,40.7273096637778],[-73.987260719422,40.7273084261539],[-73.9872348960937,40.7273438781354],[-73.98721834927,40.7273369018579],[-73.9872134521872,40.7273436245147],[-73.9872397389155,40.727354705492],[-73.9872363502672,40.727359358947],[-73.9871552641104,40.7274706825616],[-73.9871445428248,40.7274854010854],[-73.987067018852,40.7274527210389],[-73.9870775104497,40.7274383185752]]]},"properties":{"OBJECTID":358756,"BASE_BBL":"1004480015","BIN":1006272,"CONSTRUCTION_YEAR":1893,"DOITT_ID":510884,"FEATURE_CODE":2100,"GEOM_SOURCE":"Photogrammetric","GROUND_ELEVATION":30,"HEIGHT_ROOF":59.72,"LAST_EDITED_DATE":1580231866000,"LAST_STATUS_TYPE":"Constructed","MAPPLUTO_BBL":"1004480015","NAME":null,"Shape__Area":311.33203125,"Shape__Length":100.31727906373821}},{"type":"Feature","id":360306,"geometry":{"type":"Polygon","coordinates":[[[-73.9820521927305,40.7283206688194],[-73.9820502492825,40.728319851755],[-73.9820910778604,40.7282636573507],[-73.982198997229,40.7283090354177],[-73.9823307920932,40.7283644523198],[-73.9822899636558,40.7284206468083],[-73.9822101104676,40.7283870698328],[-73.9820521927305,40.7283206688194]]]},"properties":{"OBJECTID":360306,"BASE_BBL":"1004380029","BIN":1005946,"CONSTRUCTION_YEAR":1900,"DOITT_ID":299709,"FEATURE_CODE":2100,"GEOM_SOURCE":"Photogrammetric","GROUND_ELEVATION":18,"HEIGHT_ROOF":57.32,"LAST_EDITED_DATE":1503428079000,"LAST_STATUS_TYPE":"Constructed","MAPPLUTO_BBL":"1004380029","NAME":null,"Shape__Area":287.578125,"Shape__Length":79.88131023444355}},{"type":"Feature","id":362567,"geometry":{"type":"Polygon","coordinates":[[[-73.9834795988015,40.7263592333941],[-73.9835227872139,40.726299837496],[-73.9836821964538,40.7263669229107],[-73.9836390069564,40.7264263188679],[-73.9834795988015,40.7263592333941]]]},"properties":{"OBJECTID":362567,"BASE_BBL":"1004350035","BIN":1005842,"CONSTRUCTION_YEAR":1900,"DOITT_ID":604527,"FEATURE_CODE":2100,"GEOM_SOURCE":"Photogrammetric","GROUND_ELEVATION":20,"HEIGHT_ROOF":40.33,"LAST_EDITED_DATE":1503424902000,"LAST_STATUS_TYPE":"Constructed","MAPPLUTO_BBL":"1004350035","NAME":null,"Shape__Area":202.203125,"Shape__Length":60.51916136670065}},{"type":"Feature","id":363683,"geometry":{"type":"Polygon","coordinates":[[[-73.9868584811286,40.7292766835842],[-73.9867893850565,40.7292476648886],[-73.9867525715611,40.7292322043274],[-73.9867046591218,40.7292120832412],[-73.9867266992269,40.7291817125226],[-73.9867777044941,40.729203133389],[-73.9867909931875,40.7291848212667],[-73.9869828857898,40.7292654098346],[-73.986947557105,40.7293140927435],[-73.9868584811286,40.7292766835842]]]},"properties":{"OBJECTID":363683,"BASE_BBL":"1004510001","BIN":1077564,"CONSTRUCTION_YEAR":1900,"DOITT_ID":482779,"FEATURE_CODE":2100,"GEOM_SOURCE":"Photogrammetric","GROUND_ELEVATION":31,"HEIGHT_ROOF":59.21,"LAST_EDITED_DATE":1503430588000,"LAST_STATUS_TYPE":"Constructed","MAPPLUTO_BBL":"1004510001","NAME":null,"Shape__Area":232.3671875,"Shape__Length":78.1508180600763}},{"type":"Feature","id":363830,"geometry":{"type":"Polygon","coordinates":[[[-73.9810512662356,40.7292330652324],[-73.9809355248664,40.729184759048],[-73.9809504979496,40.7291639957929],[-73.9809051118785,40.7291450541784],[-73.9809133930227,40.7291335713625],[-73.9809313763469,40.7291086356507],[-73.9809767624005,40.7291275781553],[-73.981100109482,40.7291790580396],[-73.9810779033381,40.7292098499929],[-73.9810588720219,40.7292362389761],[-73.9810581050517,40.7292359191693],[-73.9810512662356,40.7292330652324]]]},"properties":{"OBJECTID":363830,"BASE_BBL":"1004060002","BIN":1005197,"CONSTRUCTION_YEAR":1910,"DOITT_ID":22935,"FEATURE_CODE":2100,"GEOM_SOURCE":"Photogrammetric","GROUND_ELEVATION":17,"HEIGHT_ROOF":39.73,"LAST_EDITED_DATE":1503429390000,"LAST_STATUS_TYPE":"Constructed","MAPPLUTO_BBL":"1004060002","NAME":null,"Shape__Area":185.21875,"Shape__Length":62.03189170218684}},{"type":"Feature","id":366981,"geometry":{"type":"Polygon","coordinates":[[[-73.9835611437574,40.7287648512737],[-73.9835935415266,40.7287202590936],[-73.9835974337557,40.7287149016204],[-73.9836135585803,40.7287096935716],[-73.9836265010904,40.7286918806459],[-73.9836376515771,40.7286879425044],[-73.9836553874178,40.7286635313274],[-73.9836534565402,40.7286547781072],[-73.9836666784825,40.7286365797986],[-73.9836634476182,40.7286240397545],[-73.9836684943575,40.7286170930445],[-73.9837035586278,40.7285688307365],[-73.9837814255153,40.7286015716238],[-73.9837413145507,40.7286567797683],[-73.9837245354126,40.7286609062313],[-73.9837113146647,40.7286791054472],[-73.9836993417465,40.7286820114962],[-73.9836816059166,40.7287064235805],[-73.9836843580538,40.7287162070985],[-73.9836714167382,40.7287340200309],[-73.9836753007618,40.7287476425789],[-73.9836686045243,40.7287568601385],[-73.983639011988,40.7287975913562],[-73.9835611437574,40.7287648512737]]]},"properties":{"OBJECTID":366981,"BASE_BBL":"1004380051","BIN":1005963,"CONSTRUCTION_YEAR":1900,"DOITT_ID":407536,"FEATURE_CODE":2100,"GEOM_SOURCE":"Photogrammetric","GROUND_ELEVATION":21,"HEIGHT_ROOF":59.11,"LAST_EDITED_DATE":1503423302000,"LAST_STATUS_TYPE":"Constructed","MAPPLUTO_BBL":"1004380051","NAME":null,"Shape__Area":281.69140625,"Shape__Length":88.73967855393245}},{"type":"Feature","id":367720,"geometry":{"type":"Polygon","coordinates":[[[-73.9853892015494,40.7294734037009],[-73.985391694075,40.7294699721782],[-73.985408817083,40.7294636311652],[-73.9854263867093,40.7294394421226],[-73.9854411631597,40.7294456538999],[-73.9854604615484,40.7294190841255],[-73.9854456851021,40.7294128723506],[-73.9854626780473,40.7293894783787],[-73.985459591321,40.7293764962547],[-73.9854964225461,40.7293257887477],[-73.985575577807,40.7293590625821],[-73.985538746624,40.7294097692137],[-73.9855211186342,40.7294140444155],[-73.9855041268869,40.7294374383961],[-73.9854910536777,40.7294319436465],[-73.9854717552975,40.729458513426],[-73.9854848273266,40.7294640081777],[-73.9854672577153,40.7294881963286],[-73.9854708494551,40.7295032451835],[-73.9854371287377,40.7295496711554],[-73.9853579721355,40.729516398127],[-73.9853892015494,40.7294734037009]]]},"properties":{"OBJECTID":367720,"BASE_BBL":"1004520046","BIN":1006461,"CONSTRUCTION_YEAR":1900,"DOITT_ID":647817,"FEATURE_CODE":2100,"GEOM_SOURCE":"Photogrammetric","GROUND_ELEVATION":27,"HEIGHT_ROOF":64.94,"LAST_EDITED_DATE":1503426944000,"LAST_STATUS_TYPE":"Constructed","MAPPLUTO_BBL":"1004520046","NAME":null,"Shape__Area":269.1796875,"Shape__Length":93.05209380144575}},{"type":"Feature","id":368124,"geometry":{"type":"Polygon","coordinates":[[[-73.9807768313769,40.7290765752573],[-73.9808437567392,40.7289837763685],[-73.9808463643558,40.7289801594583],[-73.9809107504756,40.7290070314264],[-73.9808412163781,40.7291034472638],[-73.9807768313769,40.7290765752573]]]},"properties":{"OBJECTID":368124,"BASE_BBL":"1004060062","BIN":1005232,"CONSTRUCTION_YEAR":1910,"DOITT_ID":739851,"FEATURE_CODE":2100,"GEOM_SOURCE":"Photogrammetric","GROUND_ELEVATION":17,"HEIGHT_ROOF":38.47,"LAST_EDITED_DATE":1503424916000,"LAST_STATUS_TYPE":"Constructed","MAPPLUTO_BBL":"1004060062","NAME":null,"Shape__Area":132.07421875,"Shape__Length":48.64576772458575}},{"type":"Feature","id":373961,"geometry":{"type":"Polygon","coordinates":[[[-73.9857920784589,40.727222828447],[-73.9858261660624,40.7271755550227],[-73.9859828374384,40.7272409385466],[-73.9859557843393,40.7272784558597],[-73.985948748729,40.7272882120168],[-73.9857920784589,40.727222828447]]]},"properties":{"OBJECTID":373961,"BASE_BBL":"1004490037","BIN":1006340,"CONSTRUCTION_YEAR":1900,"DOITT_ID":350686,"FEATURE_CODE":2100,"GEOM_SOURCE":"Photogrammetric","GROUND_ELEVATION":26,"HEIGHT_ROOF":41.16,"LAST_EDITED_DATE":1503424032000,"LAST_STATUS_TYPE":"Constructed","MAPPLUTO_BBL":"1004490037","NAME":null,"Shape__Area":157.55859375,"Shape__Length":55.64710490554443}},{"type":"Feature","id":375524,"geometry":{"type":"Polygon","coordinates":[[[-73.9846989498029,40.7269456125718],[-73.9846221034681,40.7269132740606],[-73.9845939401874,40.7269014222987],[-73.9844888277399,40.7268571886912],[-73.9845003952141,40.7268146727125],[-73.9845688924139,40.7268434982016],[-73.9847080215028,40.7266521540759],[-73.9848610450065,40.7267165489873],[-73.984871272307,40.7267208529637],[-73.9848618957255,40.7267337479222],[-73.9847057624961,40.7269484797972],[-73.9846989498029,40.7269456125718]]]},"properties":{"OBJECTID":375524,"BASE_BBL":"1004350049","BIN":1005851,"CONSTRUCTION_YEAR":1901,"DOITT_ID":198410,"FEATURE_CODE":2100,"GEOM_SOURCE":"Photogrammetric","GROUND_ELEVATION":22,"HEIGHT_ROOF":63.11,"LAST_EDITED_DATE":1580232235000,"LAST_STATUS_TYPE":"Constructed","MAPPLUTO_BBL":"1004350049","NAME":null,"Shape__Area":840.91015625,"Shape__Length":133.7764616918012}},{"type":"Feature","id":375877,"geometry":{"type":"Polygon","coordinates":[[[-73.9820177308379,40.7296158652803],[-73.9820946515823,40.7295103178289],[-73.9821711280138,40.729542571509],[-73.982094207353,40.7296481199115],[-73.9820177308379,40.7296158652803]]]},"properties":{"OBJECTID":375877,"BASE_BBL":"1004400044","BIN":1079243,"CONSTRUCTION_YEAR":1900,"DOITT_ID":216730,"FEATURE_CODE":2100,"GEOM_SOURCE":"Photogrammetric","GROUND_ELEVATION":18,"HEIGHT_ROOF":42.66,"LAST_EDITED_DATE":1503430575000,"LAST_STATUS_TYPE":"Constructed","MAPPLUTO_BBL":"1004400044","NAME":null,"Shape__Area":172.57421875,"Shape__Length":54.91039047623302}},{"type":"Feature","id":376561,"geometry":{"type":"Polygon","coordinates":[[[-73.9838746820146,40.7271619680747],[-73.9839100839908,40.7271133608467],[-73.9839889955439,40.7271466231411],[-73.9839535936073,40.7271952312937],[-73.9839361685575,40.7271993270811],[-73.9839022383825,40.7272459146805],[-73.9838961453113,40.7272433464774],[-73.9838857229171,40.72725765771],[-73.9838880043905,40.727265459139],[-73.9838691157131,40.7272913929557],[-73.9838740095148,40.7273045032514],[-73.9838441987155,40.7273454344122],[-73.9837652869993,40.7273121720195],[-73.9837996554193,40.7272649829824],[-73.9838149093793,40.7272617423942],[-73.9838301380317,40.7272408329128],[-73.9838346971809,40.7272427543386],[-73.9838536616402,40.7272167151783],[-73.9838491024923,40.7272147937533],[-73.9838781719879,40.7271748809624],[-73.9838746820146,40.7271619680747]]]},"properties":{"OBJECTID":376561,"BASE_BBL":"1004360042","BIN":1005887,"CONSTRUCTION_YEAR":1920,"DOITT_ID":531415,"FEATURE_CODE":2100,"GEOM_SOURCE":"Photogrammetric","GROUND_ELEVATION":21,"HEIGHT_ROOF":74.17,"LAST_EDITED_DATE":1503429369000,"LAST_STATUS_TYPE":"Constructed","MAPPLUTO_BBL":"1004360042","NAME":null,"Shape__Area":286.7578125,"Shape__Length":91.18592408974783}},{"type":"Feature","id":377772,"geometry":{"type":"Polygon","coordinates":[[[-73.9850960607333,40.7273583427266],[-73.9851422369319,40.7272948357923],[-73.9852863321227,40.7273554729572],[-73.9852401560194,40.7274189799489],[-73.9850960607333,40.7273583427266]]]},"properties":{"OBJECTID":377772,"BASE_BBL":"1004350008","BIN":1005819,"CONSTRUCTION_YEAR":1900,"DOITT_ID":82488,"FEATURE_CODE":2100,"GEOM_SOURCE":"Photogrammetric","GROUND_ELEVATION":23,"HEIGHT_ROOF":50.21,"LAST_EDITED_DATE":1503428038000,"LAST_STATUS_TYPE":"Constructed","MAPPLUTO_BBL":"1004350008","NAME":null,"Shape__Area":195.42578125,"Shape__Length":57.99797108324565}},{"type":"Feature","id":378406,"geometry":{"type":"Polygon","coordinates":[[[-73.9835602158287,40.7283036852397],[-73.9836869819569,40.7281278924087],[-73.9837635558932,40.7281598487839],[-73.983716242081,40.7282254612876],[-73.9836367899062,40.7283356416983],[-73.9835602158287,40.7283036852397]]]},"properties":{"OBJECTID":378406,"BASE_BBL":"1004370014","BIN":1087904,"CONSTRUCTION_YEAR":2007,"DOITT_ID":803146,"FEATURE_CODE":2100,"GEOM_SOURCE":"Other (Manual)","GROUND_ELEVATION":19,"HEIGHT_ROOF":61,"LAST_EDITED_DATE":1503428989000,"LAST_STATUS_TYPE":"Constructed","MAPPLUTO_BBL":"1004377502","NAME":null,"Shape__Area":286.36328125,"Shape__Length":78.31743259379213}},{"type":"Feature","id":380754,"geometry":{"type":"Polygon","coordinates":[[[-73.9851125777454,40.7310431790877],[-73.985122328712,40.7310472839652],[-73.9850881913562,40.7310942068521],[-73.9850149348169,40.7310633657321],[-73.9850490710244,40.7310164437671],[-73.9851125777454,40.7310431790877]]]},"properties":{"OBJECTID":380754,"BASE_BBL":"1004540066","BIN":1077712,"CONSTRUCTION_YEAR":1920,"DOITT_ID":1159109,"FEATURE_CODE":2100,"GEOM_SOURCE":"Photogrammetric","GROUND_ELEVATION":23,"HEIGHT_ROOF":34.09,"LAST_EDITED_DATE":1325376000000,"LAST_STATUS_TYPE":"Constructed","MAPPLUTO_BBL":"1004540066","NAME":null,"Shape__Area":73.4296875,"Shape__Length":34.400054347217704}},{"type":"Feature","id":381949,"geometry":{"type":"Polygon","coordinates":[[[-73.9853189808786,40.7309942872565],[-73.9853878779633,40.730899584129],[-73.9854528630967,40.7309269426019],[-73.9853839648923,40.7310216457678],[-73.9853189808786,40.7309942872565]]]},"properties":{"OBJECTID":381949,"BASE_BBL":"1004540001","BIN":1077708,"CONSTRUCTION_YEAR":1900,"DOITT_ID":275737,"FEATURE_CODE":2100,"GEOM_SOURCE":"Photogrammetric","GROUND_ELEVATION":27,"HEIGHT_ROOF":49.6,"LAST_EDITED_DATE":1503424890000,"LAST_STATUS_TYPE":"Constructed","MAPPLUTO_BBL":"1004540001","NAME":null,"Shape__Area":131.46875,"Shape__Length":48.323250510889935}},{"type":"Feature","id":382611,"geometry":{"type":"Polygon","coordinates":[[[-73.9859043941311,40.7273335427231],[-73.9858896192798,40.7273273769296],[-73.9857566919022,40.7272719018179],[-73.9857920784589,40.727222828447],[-73.985948748729,40.7272882120168],[-73.9859283132408,40.727316551242],[-73.9859180783213,40.7273307456151],[-73.9859133634366,40.7273372854355],[-73.9859043941311,40.7273335427231]]]},"properties":{"OBJECTID":382611,"BASE_BBL":"1004490036","BIN":1006339,"CONSTRUCTION_YEAR":1900,"DOITT_ID":155733,"FEATURE_CODE":2100,"GEOM_SOURCE":"Photogrammetric","GROUND_ELEVATION":26,"HEIGHT_ROOF":41.92,"LAST_EDITED_DATE":1503426929000,"LAST_STATUS_TYPE":"Constructed","MAPPLUTO_BBL":"1004490036","NAME":null,"Shape__Area":163.55078125,"Shape__Length":56.24973186135242}},{"type":"Feature","id":385549,"geometry":{"type":"Polygon","coordinates":[[[-73.9830357660073,40.728491617426],[-73.9830392698709,40.728486793916],[-73.9831490581243,40.7283356830291],[-73.9832283755555,40.7283690332479],[-73.9831150835673,40.728524967722],[-73.9830744423919,40.7285078800034],[-73.9830357660073,40.728491617426]]]},"properties":{"OBJECTID":385549,"BASE_BBL":"1004380044","BIN":1005956,"CONSTRUCTION_YEAR":1920,"DOITT_ID":838639,"FEATURE_CODE":2100,"GEOM_SOURCE":"Photogrammetric","GROUND_ELEVATION":20,"HEIGHT_ROOF":56.14,"LAST_EDITED_DATE":1503430576000,"LAST_STATUS_TYPE":"Constructed","MAPPLUTO_BBL":"1004380044","NAME":null,"Shape__Area":264.04296875,"Shape__Length":72.49230271367908}},{"type":"Feature","id":385893,"geometry":{"type":"Polygon","coordinates":[[[-73.9849490832067,40.7292223266035],[-73.9849587206275,40.7292090588656],[-73.9849916599982,40.7291637108388],[-73.9850195396627,40.7291253284803],[-73.985104311925,40.7291609636037],[-73.9851785417318,40.729192166805],[-73.9851658505673,40.7292096386435],[-73.9851368792116,40.7292495247458],[-73.9850727210396,40.7293378545577],[-73.9850696767105,40.7293420451309],[-73.9850235306743,40.7293226475835],[-73.985007415013,40.7293448358238],[-73.9849754630309,40.7293314050741],[-73.984961212319,40.7293510243997],[-73.9849193368281,40.729333422082],[-73.9849585153361,40.7292794849291],[-73.9849194841397,40.7292630770574],[-73.9849490832067,40.7292223266035]]]},"properties":{"OBJECTID":385893,"BASE_BBL":"1004520040","BIN":1006457,"CONSTRUCTION_YEAR":1900,"DOITT_ID":436126,"FEATURE_CODE":2100,"GEOM_SOURCE":"Photogrammetric","GROUND_ELEVATION":24,"HEIGHT_ROOF":53.08,"LAST_EDITED_DATE":1503424889000,"LAST_STATUS_TYPE":"Constructed","MAPPLUTO_BBL":"1004520040","NAME":null,"Shape__Area":551.07421875,"Shape__Length":104.76623981082855}},{"type":"Feature","id":388125,"geometry":{"type":"Polygon","coordinates":[[[-73.9822540935458,40.7297091289118],[-73.9823274342667,40.7296084939303],[-73.982400740028,40.7296394106158],[-73.9823273993838,40.7297400456436],[-73.9822540935458,40.7297091289118]]]},"properties":{"OBJECTID":388125,"BASE_BBL":"1004400048","BIN":1076986,"CONSTRUCTION_YEAR":1910,"DOITT_ID":460741,"FEATURE_CODE":2100,"GEOM_SOURCE":"Photogrammetric","GROUND_ELEVATION":19,"HEIGHT_ROOF":42.71,"LAST_EDITED_DATE":1503425873000,"LAST_STATUS_TYPE":"Constructed","MAPPLUTO_BBL":"1004400048","NAME":null,"Shape__Area":157.7109375,"Shape__Length":52.45367432141473}},{"type":"Feature","id":392919,"geometry":{"type":"Polygon","coordinates":[[[-73.9820460287059,40.7292494981323],[-73.9819355359687,40.7292029839827],[-73.9819005968064,40.7292510161384],[-73.9817269674471,40.7291779223368],[-73.9818317850426,40.7290338286952],[-73.9818236347689,40.7290304964271],[-73.9816029977896,40.7289357611833],[-73.9818644825843,40.7285752920448],[-73.9823699123003,40.728787472783],[-73.9823792340716,40.7287922838274],[-73.98225258332,40.7289660706887],[-73.9820316969366,40.7288729103166],[-73.9820456926114,40.728853706447],[-73.981887917202,40.7287871629543],[-73.9817479621424,40.7289792040836],[-73.9819057378668,40.7290457477663],[-73.9819197324307,40.7290265430117],[-73.9821406203503,40.7291197044973],[-73.9820460287059,40.7292494981323]]]},"properties":{"OBJECTID":392919,"BASE_BBL":"1004390026","BIN":1090470,"CONSTRUCTION_YEAR":2016,"DOITT_ID":1281236,"FEATURE_CODE":2100,"GEOM_SOURCE":"Other (Manual)","GROUND_ELEVATION":19,"HEIGHT_ROOF":90,"LAST_EDITED_DATE":1550264428000,"LAST_STATUS_TYPE":"Constructed","MAPPLUTO_BBL":"1004397501","NAME":null,"Shape__Area":3360.6875,"Shape__Length":409.76801961158833}},{"type":"Feature","id":395873,"geometry":{"type":"Polygon","coordinates":[[[-73.9856353774758,40.7284273243831],[-73.9857669570783,40.7282469471764],[-73.9857700024938,40.7282427727934],[-73.9858466579676,40.7282751339222],[-73.9857973096918,40.7283427839808],[-73.9857120342803,40.7284596856008],[-73.9856353774758,40.7284273243831]]]},"properties":{"OBJECTID":395873,"BASE_BBL":"1004500025","BIN":1006376,"CONSTRUCTION_YEAR":1900,"DOITT_ID":396037,"FEATURE_CODE":2100,"GEOM_SOURCE":"Photogrammetric","GROUND_ELEVATION":27,"HEIGHT_ROOF":57.56,"LAST_EDITED_DATE":1503426899000,"LAST_STATUS_TYPE":"Constructed","MAPPLUTO_BBL":"1004500025","NAME":null,"Shape__Area":302.57421875,"Shape__Length":81.48893397870938}},{"type":"Feature","id":396507,"geometry":{"type":"Polygon","coordinates":[[[-73.9831610088374,40.728603237672],[-73.983184008314,40.7285715800414],[-73.9831886359152,40.7285652114178],[-73.9832040756434,40.7285588758891],[-73.9832243480235,40.7285309738751],[-73.983237184149,40.7285363706928],[-73.983258225011,40.7285074088856],[-73.9832453900731,40.7285020120704],[-73.9832803065733,40.7284539515829],[-73.9832789722484,40.7284408723982],[-73.9833071131034,40.7284021401904],[-73.9833846458271,40.7284347399185],[-73.9833565050034,40.7284734721451],[-73.9833420039802,40.7284798933784],[-73.9832657731178,40.7285848177251],[-73.9832661675867,40.7285978121253],[-73.9832563262467,40.7286113579503],[-73.9832484174111,40.7286222430517],[-73.9832385417239,40.7286358365971],[-73.9831610088374,40.728603237672]]]},"properties":{"OBJECTID":396507,"BASE_BBL":"1004380046","BIN":1005958,"CONSTRUCTION_YEAR":1900,"DOITT_ID":401081,"FEATURE_CODE":2100,"GEOM_SOURCE":"Photogrammetric","GROUND_ELEVATION":20,"HEIGHT_ROOF":55.76,"LAST_EDITED_DATE":1503423264000,"LAST_STATUS_TYPE":"Constructed","MAPPLUTO_BBL":"1004380046","NAME":null,"Shape__Area":286.16015625,"Shape__Length":91.60154320469769}},{"type":"Feature","id":399749,"geometry":{"type":"Polygon","coordinates":[[[-73.9839363977653,40.7284780759455],[-73.9839450785363,40.7284660373522],[-73.983970106042,40.7284313307237],[-73.9840367729099,40.7283388784326],[-73.9840602041366,40.7283063850135],[-73.9840603616237,40.7283061662117],[-73.984087769105,40.7283176037633],[-73.9841390616942,40.7283390096317],[-73.9841496075949,40.7283434100696],[-73.984144422373,40.7283506008199],[-73.9841759488269,40.7283637570884],[-73.9841365972494,40.7284183288168],[-73.9841042860484,40.7284048446441],[-73.9840628799483,40.728462266174],[-73.9840248579837,40.7285149929049],[-73.9839363977653,40.7284780759455]]]},"properties":{"OBJECTID":399749,"BASE_BBL":"1004370009","BIN":1005899,"CONSTRUCTION_YEAR":1990,"DOITT_ID":390500,"FEATURE_CODE":2100,"GEOM_SOURCE":"Photogrammetric","GROUND_ELEVATION":22,"HEIGHT_ROOF":57.64,"LAST_EDITED_DATE":1503430536000,"LAST_STATUS_TYPE":"Constructed","MAPPLUTO_BBL":"1004370009","NAME":null,"Shape__Area":361.1484375,"Shape__Length":88.25099730143305}},{"type":"Feature","id":402136,"geometry":{"type":"Polygon","coordinates":[[[-73.982911349894,40.7276318489363],[-73.9828981943921,40.7276263583812],[-73.9829451391371,40.7275612576426],[-73.9829529543165,40.7275645186423],[-73.982967358488,40.7275705298701],[-73.9830281069559,40.7275958827637],[-73.983020050167,40.7276070550916],[-73.9829811610839,40.7276609835357],[-73.982911349894,40.7276318489363]]]},"properties":{"OBJECTID":402136,"BASE_BBL":"1004370030","BIN":1077653,"CONSTRUCTION_YEAR":1900,"DOITT_ID":821512,"FEATURE_CODE":2100,"GEOM_SOURCE":"Photogrammetric","GROUND_ELEVATION":18,"HEIGHT_ROOF":49.86,"LAST_EDITED_DATE":1234569600000,"LAST_STATUS_TYPE":"Constructed","MAPPLUTO_BBL":"1004370030","NAME":null,"Shape__Area":114.91015625,"Shape__Length":42.88296247806858}},{"type":"Feature","id":404168,"geometry":{"type":"Polygon","coordinates":[[[-73.9812183808644,40.7294658723251],[-73.9812630262779,40.7294046125831],[-73.9814114733811,40.7294672219985],[-73.9814015664167,40.7294808153798],[-73.9814207123521,40.7294888906307],[-73.9813975246456,40.7295207072649],[-73.9813783787039,40.7295126320102],[-73.9813668280624,40.729528480897],[-73.9812183808644,40.7294658723251]]]},"properties":{"OBJECTID":404168,"BASE_BBL":"1004400035","BIN":1005997,"CONSTRUCTION_YEAR":1910,"DOITT_ID":50371,"FEATURE_CODE":2100,"GEOM_SOURCE":"Photogrammetric","GROUND_ELEVATION":18,"HEIGHT_ROOF":35.89,"LAST_EDITED_DATE":1503424877000,"LAST_STATUS_TYPE":"Constructed","MAPPLUTO_BBL":"1004400035","NAME":null,"Shape__Area":207.44140625,"Shape__Length":63.2626522759039}},{"type":"Feature","id":408889,"geometry":{"type":"Polygon","coordinates":[[[-73.9809470675229,40.7288450313998],[-73.9809921818957,40.728782476003],[-73.981026776985,40.7287345052978],[-73.9811130865361,40.7287705272319],[-73.9810814318458,40.7288144218423],[-73.9810333783575,40.7288810542938],[-73.9809470675229,40.7288450313998]]]},"properties":{"OBJECTID":408889,"BASE_BBL":"1004050009","BIN":1005167,"CONSTRUCTION_YEAR":1900,"DOITT_ID":788673,"FEATURE_CODE":2100,"GEOM_SOURCE":"Photogrammetric","GROUND_ELEVATION":14,"HEIGHT_ROOF":51.12,"LAST_EDITED_DATE":1503429280000,"LAST_STATUS_TYPE":"Constructed","MAPPLUTO_BBL":"1004050009","NAME":null,"Shape__Area":202.94921875,"Shape__Length":58.94253764683321}},{"type":"Feature","id":409963,"geometry":{"type":"Polygon","coordinates":[[[-73.9850162388174,40.7285698383732],[-73.98485962099,40.7285040591303],[-73.9848979169213,40.7284512889354],[-73.9850395110779,40.7285107581113],[-73.9850719669006,40.7285243897236],[-73.9850336710652,40.7285771599759],[-73.9850162388174,40.7285698383732]]]},"properties":{"OBJECTID":409963,"BASE_BBL":"1004510036","BIN":1075923,"CONSTRUCTION_YEAR":1900,"DOITT_ID":282651,"FEATURE_CODE":2100,"GEOM_SOURCE":"Photogrammetric","GROUND_ELEVATION":24,"HEIGHT_ROOF":55.66,"LAST_EDITED_DATE":1503423253000,"LAST_STATUS_TYPE":"Constructed","MAPPLUTO_BBL":"1004510036","NAME":null,"Shape__Area":195.97265625,"Shape__Length":61.997137326864525}},{"type":"Feature","id":411940,"geometry":{"type":"Polygon","coordinates":[[[-73.9843203261178,40.7278754065342],[-73.9843552556948,40.7278274483766],[-73.9843564717582,40.7278257780977],[-73.9843651498701,40.7278294353426],[-73.9843824516512,40.7278367282106],[-73.9843940299437,40.7278349674842],[-73.9843941424324,40.7278348135124],[-73.9844006537533,40.7278258723406],[-73.9843859428606,40.7278196712434],[-73.9844470265309,40.7277358016016],[-73.9845352776483,40.7277730000038],[-73.9844998899864,40.7278215894114],[-73.9844753982746,40.7278552174204],[-73.9844609560446,40.7278491298331],[-73.9844553185886,40.7278568707478],[-73.984456194351,40.7278678120498],[-73.9844852338722,40.7278800520812],[-73.9844490894819,40.7279296805578],[-73.9843203261178,40.7278754065342]]]},"properties":{"OBJECTID":411940,"BASE_BBL":"1004360009","BIN":1005865,"CONSTRUCTION_YEAR":1929,"DOITT_ID":537240,"FEATURE_CODE":2100,"GEOM_SOURCE":"Photogrammetric","GROUND_ELEVATION":22,"HEIGHT_ROOF":62.59,"LAST_EDITED_DATE":1503423998000,"LAST_STATUS_TYPE":"Constructed","MAPPLUTO_BBL":"1004360009","NAME":null,"Shape__Area":313.17578125,"Shape__Length":88.63511721641709}},{"type":"Feature","id":418543,"geometry":{"type":"Polygon","coordinates":[[[-73.9810583928698,40.7284064740309],[-73.981131374272,40.7283052742144],[-73.9811545321729,40.7282731631573],[-73.9811546233551,40.7282730362004],[-73.9812327621207,40.7283056482836],[-73.9811365317447,40.7284390861788],[-73.9810583928698,40.7284064740309]]]},"properties":{"OBJECTID":418543,"BASE_BBL":"1004050057","BIN":1005194,"CONSTRUCTION_YEAR":1910,"DOITT_ID":140615,"FEATURE_CODE":2100,"GEOM_SOURCE":"Photogrammetric","GROUND_ELEVATION":16,"HEIGHT_ROOF":49.7,"LAST_EDITED_DATE":1503424836000,"LAST_STATUS_TYPE":"Constructed","MAPPLUTO_BBL":"1004050057","NAME":null,"Shape__Area":221.81640625,"Shape__Length":64.5360345646604}},{"type":"Feature","id":419924,"geometry":{"type":"Polygon","coordinates":[[[-73.9834373492961,40.7264173380805],[-73.9834795988015,40.7263592333941],[-73.9836390069564,40.7264263188679],[-73.983783607835,40.7264871714135],[-73.9837413585135,40.7265452762104],[-73.9834373492961,40.7264173380805]]]},"properties":{"OBJECTID":419924,"BASE_BBL":"1004350034","BIN":1005841,"CONSTRUCTION_YEAR":1900,"DOITT_ID":384209,"FEATURE_CODE":2100,"GEOM_SOURCE":"Photogrammetric","GROUND_ELEVATION":19,"HEIGHT_ROOF":41.25,"LAST_EDITED_DATE":1503424849000,"LAST_STATUS_TYPE":"Constructed","MAPPLUTO_BBL":"1004350034","NAME":null,"Shape__Area":377.23046875,"Shape__Length":96.91044829142925}},{"type":"Feature","id":421987,"geometry":{"type":"Polygon","coordinates":[[[-73.9845496953323,40.7291564267126],[-73.984422627973,40.7291030121257],[-73.9844637747435,40.7290463639735],[-73.9846325077844,40.7291172935758],[-73.9847773166396,40.7291781655896],[-73.9847517813489,40.7292133198757],[-73.9847361688705,40.7292348138527],[-73.9845496953323,40.7291564267126]]]},"properties":{"OBJECTID":421987,"BASE_BBL":"1004520035","BIN":1006454,"CONSTRUCTION_YEAR":1900,"DOITT_ID":395368,"FEATURE_CODE":2100,"GEOM_SOURCE":"Photogrammetric","GROUND_ELEVATION":24,"HEIGHT_ROOF":56.2,"LAST_EDITED_DATE":1503425808000,"LAST_STATUS_TYPE":"Constructed","MAPPLUTO_BBL":"1004520035","NAME":null,"Shape__Area":379.12890625,"Shape__Length":98.82503534111945}},{"type":"Feature","id":426297,"geometry":{"type":"Polygon","coordinates":[[[-73.9815758218474,40.7281428601492],[-73.9816212654022,40.7281618978656],[-73.9816392439897,40.7281694298885],[-73.9816188839511,40.7281955540064],[-73.9816255038914,40.7282062909301],[-73.9816853718172,40.7282313706347],[-73.9817029111403,40.7282307556736],[-73.9817216745048,40.72820396311],[-73.9817776236219,40.7282274023179],[-73.981786161988,40.728230978689],[-73.9817581351457,40.7282696970366],[-73.9817181967209,40.728324870287],[-73.9815933298936,40.728272559646],[-73.9815078563739,40.7282367516242],[-73.9815758218474,40.7281428601492]]]},"properties":{"OBJECTID":426297,"BASE_BBL":"1004040004","BIN":1005121,"CONSTRUCTION_YEAR":1920,"DOITT_ID":848121,"FEATURE_CODE":2100,"GEOM_SOURCE":"Photogrammetric","GROUND_ELEVATION":18,"HEIGHT_ROOF":61.5,"LAST_EDITED_DATE":1503425809000,"LAST_STATUS_TYPE":"Constructed","MAPPLUTO_BBL":"1004040004","NAME":null,"Shape__Area":364.36328125,"Shape__Length":94.70962049551095}},{"type":"Feature","id":432874,"geometry":{"type":"Polygon","coordinates":[[[-73.983264014637,40.7297282060936],[-73.9832160350811,40.7297940434083],[-73.9831236748709,40.7297550910136],[-73.9831233209689,40.7297549414772],[-73.9832000044751,40.7296497210401],[-73.9832002471167,40.7296498237335],[-73.9832927173022,40.7296888229098],[-73.983264014637,40.7297282060936]]]},"properties":{"OBJECTID":432874,"BASE_BBL":"1004390009","BIN":1005973,"CONSTRUCTION_YEAR":1900,"DOITT_ID":411589,"FEATURE_CODE":2100,"GEOM_SOURCE":"Photogrammetric","GROUND_ELEVATION":23,"HEIGHT_ROOF":56.2,"LAST_EDITED_DATE":1503423226000,"LAST_STATUS_TYPE":"Constructed","MAPPLUTO_BBL":"1004390009","NAME":null,"Shape__Area":208.55859375,"Shape__Length":58.937754289224074}},{"type":"Feature","id":432906,"geometry":{"type":"Polygon","coordinates":[[[-73.986076136051,40.7282414522447],[-73.9861845493057,40.7280928291009],[-73.9862660493382,40.7281272355879],[-73.9861884323079,40.7282336394437],[-73.9861576362094,40.7282758579072],[-73.986076136051,40.7282414522447]]]},"properties":{"OBJECTID":432906,"BASE_BBL":"1004500043","BIN":1006391,"CONSTRUCTION_YEAR":1900,"DOITT_ID":102595,"FEATURE_CODE":2100,"GEOM_SOURCE":"Photogrammetric","GROUND_ELEVATION":28,"HEIGHT_ROOF":60.83,"LAST_EDITED_DATE":1503426857000,"LAST_STATUS_TYPE":"Constructed","MAPPLUTO_BBL":"1004500043","NAME":null,"Shape__Area":259.0625,"Shape__Length":70.66199471958683}},{"type":"Feature","id":433899,"geometry":{"type":"Polygon","coordinates":[[[-73.9875256109908,40.7290773094863],[-73.987587188654,40.7291035119402],[-73.9875963488445,40.7291074094287],[-73.9875733466141,40.7291386933261],[-73.9876581876452,40.729174794841],[-73.9876811898484,40.7291435100264],[-73.9877149449418,40.729157873145],[-73.9877381751018,40.729167757804],[-73.9877419592062,40.7291693683165],[-73.9876604041903,40.7292802887815],[-73.9874440545436,40.7291882306999],[-73.9875256109908,40.7290773094863]]]},"properties":{"OBJECTID":433899,"BASE_BBL":"1004640034","BIN":1006746,"CONSTRUCTION_YEAR":1900,"DOITT_ID":570121,"FEATURE_CODE":2100,"GEOM_SOURCE":"Photogrammetric","GROUND_ELEVATION":34,"HEIGHT_ROOF":66.04,"LAST_EDITED_DATE":1503423966000,"LAST_STATUS_TYPE":"Constructed","MAPPLUTO_BBL":"1004640034","NAME":null,"Shape__Area":458.2109375,"Shape__Length":103.06847736048596}},{"type":"Feature","id":434036,"geometry":{"type":"Polygon","coordinates":[[[-73.9882094599291,40.7285270355524],[-73.9882054487377,40.7285178157319],[-73.9881778581627,40.7285064421776],[-73.9881832241319,40.7284989081707],[-73.9881464154108,40.7284837344158],[-73.9881410494387,40.7284912684211],[-73.9880831057375,40.7284673818455],[-73.9880680142187,40.7284687265437],[-73.9880322033446,40.7284539634877],[-73.9879934061774,40.7284379700141],[-73.9880380176937,40.7283753406615],[-73.9880867147493,40.7283954153504],[-73.9881126268692,40.7284060971627],[-73.9881185505241,40.7284176224866],[-73.9881186759894,40.7284176738285],[-73.9881764941949,40.728441508144],[-73.9881692042019,40.7284517416787],[-73.9882060129105,40.7284669154264],[-73.9882133017158,40.7284566818893],[-73.9882408934598,40.7284680563357],[-73.9882540713022,40.7284644052164],[-73.9883050836825,40.7284854336877],[-73.9883253262485,40.7284937780556],[-73.9882807149228,40.7285564084189],[-73.9882094599291,40.7285270355524]]]},"properties":{"OBJECTID":434036,"BASE_BBL":"1004630031","BIN":1006679,"CONSTRUCTION_YEAR":1920,"DOITT_ID":379755,"FEATURE_CODE":2100,"GEOM_SOURCE":"Photogrammetric","GROUND_ELEVATION":36,"HEIGHT_ROOF":67.82,"LAST_EDITED_DATE":1503426845000,"LAST_STATUS_TYPE":"Constructed","MAPPLUTO_BBL":"1004630031","NAME":null,"Shape__Area":330.90625,"Shape__Length":101.31454890684189}},{"type":"Feature","id":438941,"geometry":{"type":"Polygon","coordinates":[[[-73.982399064383,40.7299197711425],[-73.9824319821249,40.7298746021495],[-73.9824498164949,40.729869992463],[-73.9824624279589,40.7298526866068],[-73.9824736941622,40.7298463523425],[-73.9824951407334,40.7298169242781],[-73.9824958962647,40.7298067639531],[-73.9825271809129,40.7297638342491],[-73.9825217614327,40.7297514109089],[-73.9825557423926,40.7297047832167],[-73.9826308143194,40.729736443843],[-73.9826024534672,40.7297753586487],[-73.9825968322119,40.7297830724576],[-73.9825810117262,40.7297865379249],[-73.9825435338816,40.7298379630045],[-73.9825367742501,40.7298351127701],[-73.9825177197219,40.7298612588512],[-73.982524479355,40.7298641099871],[-73.9825057350673,40.7298898301726],[-73.9825096937091,40.7299026414107],[-73.9824741364776,40.7299514318701],[-73.982399064383,40.7299197711425]]]},"properties":{"OBJECTID":438941,"BASE_BBL":"1004400051","BIN":1006005,"CONSTRUCTION_YEAR":1920,"DOITT_ID":780156,"FEATURE_CODE":2100,"GEOM_SOURCE":"Photogrammetric","GROUND_ELEVATION":20,"HEIGHT_ROOF":69.44,"LAST_EDITED_DATE":1503423235000,"LAST_STATUS_TYPE":"Constructed","MAPPLUTO_BBL":"1004400051","NAME":null,"Shape__Area":285.7890625,"Shape__Length":95.48993650822315}},{"type":"Feature","id":439521,"geometry":{"type":"Polygon","coordinates":[[[-73.9839397125927,40.7277149752397],[-73.9840537554503,40.7275583916748],[-73.9841292304622,40.7275902044762],[-73.98410359126,40.7276254081398],[-73.9840151877276,40.7277467881151],[-73.9839397125927,40.7277149752397]]]},"properties":{"OBJECTID":439521,"BASE_BBL":"1004360016","BIN":1005869,"CONSTRUCTION_YEAR":1900,"DOITT_ID":671579,"FEATURE_CODE":2100,"GEOM_SOURCE":"Photogrammetric","GROUND_ELEVATION":22,"HEIGHT_ROOF":61.53,"LAST_EDITED_DATE":1503427948000,"LAST_STATUS_TYPE":"Constructed","MAPPLUTO_BBL":"1004360016","NAME":null,"Shape__Area":252.578125,"Shape__Length":71.77231876953056}},{"type":"Feature","id":441072,"geometry":{"type":"Polygon","coordinates":[[[-73.9826606491623,40.7287228239415],[-73.9827566883598,40.7285906373574],[-73.9828359313312,40.7286239572168],[-73.9827398922431,40.7287561429659],[-73.9826606491623,40.7287228239415]]]},"properties":{"OBJECTID":441072,"BASE_BBL":"1004380021","BIN":1005940,"CONSTRUCTION_YEAR":1920,"DOITT_ID":706205,"FEATURE_CODE":2100,"GEOM_SOURCE":"Photogrammetric","GROUND_ELEVATION":17,"HEIGHT_ROOF":62.58169212,"LAST_EDITED_DATE":1503423235000,"LAST_STATUS_TYPE":"Constructed","MAPPLUTO_BBL":"1004380021","NAME":null,"Shape__Area":223.61328125,"Shape__Length":64.5090106970209}},{"type":"Feature","id":442827,"geometry":{"type":"Polygon","coordinates":[[[-73.986360565963,40.7289870869024],[-73.9863976307408,40.7289360126251],[-73.9864032151043,40.7289383582094],[-73.9864768321564,40.7289692750411],[-73.9864363194252,40.7290251018231],[-73.9864003794903,40.7290746264695],[-73.9863756395985,40.7291087168085],[-73.9863536773045,40.7290994938988],[-73.9863381150964,40.7291209385712],[-73.9863053995086,40.7291071992251],[-73.9863209617242,40.7290857536565],[-73.9862964380677,40.7290754543236],[-73.986360565963,40.7289870869024]]]},"properties":{"OBJECTID":442827,"BASE_BBL":"1004510055","BIN":1006429,"CONSTRUCTION_YEAR":1900,"DOITT_ID":783397,"FEATURE_CODE":2100,"GEOM_SOURCE":"Photogrammetric","GROUND_ELEVATION":30,"HEIGHT_ROOF":51.59,"LAST_EDITED_DATE":1503425776000,"LAST_STATUS_TYPE":"Constructed","MAPPLUTO_BBL":"1004510055","NAME":null,"Shape__Area":250.6015625,"Shape__Length":74.10396505980417}},{"type":"Feature","id":445308,"geometry":{"type":"Polygon","coordinates":[[[-73.9825669649502,40.7299692670263],[-73.9825820181681,40.7299486116344],[-73.9827117606043,40.7297705826018],[-73.9827849732163,40.7298014603062],[-73.9827444533937,40.7298570588542],[-73.9827242229982,40.7298485271033],[-73.9826168459387,40.7299958647868],[-73.9826096805039,40.7300056972599],[-73.9825566993418,40.7299833530299],[-73.9825669649502,40.7299692670263]]]},"properties":{"OBJECTID":445308,"BASE_BBL":"1004400053","BIN":1006007,"CONSTRUCTION_YEAR":1920,"DOITT_ID":117208,"FEATURE_CODE":2100,"GEOM_SOURCE":"Photogrammetric","GROUND_ELEVATION":20,"HEIGHT_ROOF":62.67,"LAST_EDITED_DATE":1503429240000,"LAST_STATUS_TYPE":"Constructed","MAPPLUTO_BBL":"1004400053","NAME":null,"Shape__Area":265.046875,"Shape__Length":90.06500929095009}},{"type":"Feature","id":445776,"geometry":{"type":"Polygon","coordinates":[[[-73.9834898896434,40.7295087703085],[-73.9835151758311,40.7294740719255],[-73.9834564944934,40.7294493229334],[-73.9834758564122,40.7294227553016],[-73.9835345377335,40.7294475051844],[-73.9835419649281,40.729450637315],[-73.9837067162598,40.7295201205833],[-73.9836620682791,40.7295813866741],[-73.9835505204652,40.7295343417264],[-73.9834898896434,40.7295087703085]]]},"properties":{"OBJECTID":445776,"BASE_BBL":"1004390003","BIN":1005967,"CONSTRUCTION_YEAR":1900,"DOITT_ID":731315,"FEATURE_CODE":2100,"GEOM_SOURCE":"Photogrammetric","GROUND_ELEVATION":23,"HEIGHT_ROOF":51.37,"LAST_EDITED_DATE":1503423216000,"LAST_STATUS_TYPE":"Constructed","MAPPLUTO_BBL":"1004390003","NAME":null,"Shape__Area":258.84375,"Shape__Length":79.38464063132164}},{"type":"Feature","id":447229,"geometry":{"type":"Polygon","coordinates":[[[-73.9843951380029,40.7271267037987],[-73.984472515136,40.727020288496],[-73.984483722463,40.7270250050719],[-73.9845274747279,40.727043416463],[-73.9846221034681,40.7269132740606],[-73.9846989498029,40.7269456125718],[-73.9846875531328,40.7269612880194],[-73.9847055767112,40.7269688727007],[-73.9847178812265,40.7269740504602],[-73.9846577552939,40.7270567425161],[-73.9845572747106,40.7271949338109],[-73.9845432492355,40.7271890317942],[-73.9843951380029,40.7271267037987]]]},"properties":{"OBJECTID":447229,"BASE_BBL":"1004350016","BIN":1005827,"CONSTRUCTION_YEAR":1920,"DOITT_ID":444461,"FEATURE_CODE":2100,"GEOM_SOURCE":"Photogrammetric","GROUND_ELEVATION":22,"HEIGHT_ROOF":44.5,"LAST_EDITED_DATE":1503425758000,"LAST_STATUS_TYPE":"Constructed","MAPPLUTO_BBL":"1004350016","NAME":null,"Shape__Area":656.171875,"Shape__Length":120.6396141646068}},{"type":"Feature","id":450564,"geometry":{"type":"Polygon","coordinates":[[[-73.9866706295424,40.7291328588483],[-73.9867163448958,40.7290698636343],[-73.9868099242489,40.7291091644889],[-73.9867642101407,40.7291721597398],[-73.9866706295424,40.7291328588483]]]},"properties":{"OBJECTID":450564,"BASE_BBL":"1004510001","BIN":1077566,"CONSTRUCTION_YEAR":1900,"DOITT_ID":127228,"FEATURE_CODE":2100,"GEOM_SOURCE":"Photogrammetric","GROUND_ELEVATION":29,"HEIGHT_ROOF":57.56,"LAST_EDITED_DATE":1503423223000,"LAST_STATUS_TYPE":"Constructed","MAPPLUTO_BBL":"1004510001","NAME":null,"Shape__Area":125.78125,"Shape__Length":44.94178360187993}},{"type":"Feature","id":455005,"geometry":{"type":"Polygon","coordinates":[[[-73.9846423366071,40.7272307296137],[-73.9847428182517,40.7270925382454],[-73.9847794604807,40.7270421434035],[-73.9848620202038,40.7270768851184],[-73.9848344574614,40.7271147911219],[-73.9847650638135,40.7272102296172],[-73.9847248953084,40.7272654723263],[-73.9846423366071,40.7272307296137]]]},"properties":{"OBJECTID":455005,"BASE_BBL":"1004350014","BIN":1005825,"CONSTRUCTION_YEAR":1900,"DOITT_ID":35055,"FEATURE_CODE":2100,"GEOM_SOURCE":"Photogrammetric","GROUND_ELEVATION":21,"HEIGHT_ROOF":59.16,"LAST_EDITED_DATE":1503423215000,"LAST_STATUS_TYPE":"Constructed","MAPPLUTO_BBL":"1004350014","NAME":null,"Shape__Area":332.4921875,"Shape__Length":84.28339064963956}},{"type":"Feature","id":455010,"geometry":{"type":"Polygon","coordinates":[[[-73.9831539260014,40.7272990259308],[-73.9832004426393,40.7272351578195],[-73.9832850907758,40.7272708383988],[-73.9832792318042,40.7272788817954],[-73.9832791252342,40.7272790285629],[-73.9832385730102,40.7273347074443],[-73.983173759181,40.7273073864546],[-73.9831539260014,40.7272990259308]]]},"properties":{"OBJECTID":455010,"BASE_BBL":"1004360030","BIN":1084384,"CONSTRUCTION_YEAR":1928,"DOITT_ID":539484,"FEATURE_CODE":2100,"GEOM_SOURCE":"Photogrammetric","GROUND_ELEVATION":19,"HEIGHT_ROOF":32.25,"LAST_EDITED_DATE":1234569600000,"LAST_STATUS_TYPE":"Constructed","MAPPLUTO_BBL":"1004360030","NAME":null,"Shape__Area":115.546875,"Shape__Length":42.997214209488014}},{"type":"Feature","id":455081,"geometry":{"type":"Polygon","coordinates":[[[-73.9829098430357,40.7256975938825],[-73.9830028508375,40.7255696371817],[-73.9830433256877,40.7255866645741],[-73.9830612101126,40.7255620598907],[-73.9830539194795,40.7255589934847],[-73.983075193926,40.7255297237595],[-73.983326274876,40.725635353199],[-73.9833037631418,40.7256663247532],[-73.9832973128054,40.7256636105836],[-73.983280457407,40.7256868016532],[-73.9833177758745,40.7257025020404],[-73.9832249780753,40.7258301699604],[-73.9829098430357,40.7256975938825]]]},"properties":{"OBJECTID":455081,"BASE_BBL":"1004020011","BIN":1005083,"CONSTRUCTION_YEAR":1925,"DOITT_ID":200294,"FEATURE_CODE":2100,"GEOM_SOURCE":"Photogrammetric","GROUND_ELEVATION":17,"HEIGHT_ROOF":52.08,"LAST_EDITED_DATE":1503423963000,"LAST_STATUS_TYPE":"Constructed","MAPPLUTO_BBL":"1004020011","NAME":null,"Shape__Area":1142.5859375,"Shape__Length":144.7324274436849}},{"type":"Feature","id":462442,"geometry":{"type":"Polygon","coordinates":[[[-73.9835284002206,40.7290923427432],[-73.9836365400522,40.7289434995501],[-73.9836921850714,40.7289668954581],[-73.9837136072247,40.7289759026771],[-73.9837094876366,40.7289815734991],[-73.9836788008876,40.7290238120227],[-73.9836739942453,40.7290217915001],[-73.9836440096467,40.7290630620668],[-73.983648816291,40.7290650825906],[-73.9836463272436,40.7290685077727],[-73.9836054686961,40.7291247468428],[-73.9835284002206,40.7290923427432]]]},"properties":{"OBJECTID":462442,"BASE_BBL":"1004380010","BIN":1005934,"CONSTRUCTION_YEAR":1900,"DOITT_ID":500846,"FEATURE_CODE":2100,"GEOM_SOURCE":"Photogrammetric","GROUND_ELEVATION":22,"HEIGHT_ROOF":39.01,"LAST_EDITED_DATE":1503427934000,"LAST_STATUS_TYPE":"Constructed","MAPPLUTO_BBL":"1004380010","NAME":null,"Shape__Area":240.65234375,"Shape__Length":70.76534184795781}},{"type":"Feature","id":465419,"geometry":{"type":"Polygon","coordinates":[[[-73.9856069136672,40.7274791767685],[-73.9856025201505,40.7274773436835],[-73.9856464795074,40.7274163811093],[-73.9857793502689,40.7274718320264],[-73.9857918739352,40.7274770592258],[-73.9857479146715,40.7275380209545],[-73.9856069136672,40.7274791767685]]]},"properties":{"OBJECTID":465419,"BASE_BBL":"1004490032","BIN":1006335,"CONSTRUCTION_YEAR":1900,"DOITT_ID":717277,"FEATURE_CODE":2100,"GEOM_SOURCE":"Photogrammetric","GROUND_ELEVATION":26,"HEIGHT_ROOF":46.77,"LAST_EDITED_DATE":1503427903000,"LAST_STATUS_TYPE":"Constructed","MAPPLUTO_BBL":"1004490032","NAME":null,"Shape__Area":188.5546875,"Shape__Length":57.36403432970687}},{"type":"Feature","id":468527,"geometry":{"type":"Polygon","coordinates":[[[-73.9852244709417,40.7285661785935],[-73.9852539712413,40.7285255289018],[-73.9852928127345,40.7284720076211],[-73.9852964819345,40.7284735488603],[-73.9853729563876,40.7285056671429],[-73.9853521354938,40.7285343574107],[-73.9853046158572,40.7285998381626],[-73.9852244709417,40.7285661785935]]]},"properties":{"OBJECTID":468527,"BASE_BBL":"1004510040","BIN":1082724,"CONSTRUCTION_YEAR":1900,"DOITT_ID":830598,"FEATURE_CODE":2100,"GEOM_SOURCE":"Photogrammetric","GROUND_ELEVATION":26,"HEIGHT_ROOF":42.98,"LAST_EDITED_DATE":1503423942000,"LAST_STATUS_TYPE":"Constructed","MAPPLUTO_BBL":"1004510040","NAME":null,"Shape__Area":161.03515625,"Shape__Length":51.9749480909662}},{"type":"Feature","id":471946,"geometry":{"type":"Polygon","coordinates":[[[-73.9851668748657,40.7309685447398],[-73.9851718754429,40.7309616700008],[-73.985257098237,40.7308445256764],[-73.9853206699783,40.7308712897076],[-73.9852517728273,40.7309659927953],[-73.9852495250633,40.7309650469734],[-73.985228197741,40.7309943611968],[-73.985175495433,40.7309721739987],[-73.9851668748657,40.7309685447398]]]},"properties":{"OBJECTID":471946,"BASE_BBL":"1004540066","BIN":1077709,"CONSTRUCTION_YEAR":1920,"DOITT_ID":677659,"FEATURE_CODE":2100,"GEOM_SOURCE":"Photogrammetric","GROUND_ELEVATION":26,"HEIGHT_ROOF":64.67,"LAST_EDITED_DATE":1503423205000,"LAST_STATUS_TYPE":"Constructed","MAPPLUTO_BBL":"1004540066","NAME":null,"Shape__Area":167.01171875,"Shape__Length":57.798120179593894}},{"type":"Feature","id":474936,"geometry":{"type":"Polygon","coordinates":[[[-73.9824778723407,40.7282721753313],[-73.9824165648626,40.7282463970241],[-73.9822354040158,40.7281702230883],[-73.9821768509246,40.728145602232],[-73.9822660813979,40.7280227892907],[-73.9822985696682,40.727978073214],[-73.9826746512597,40.7281362075454],[-73.9826231801783,40.7282070527326],[-73.9826020105238,40.7281981516079],[-73.9825317658644,40.72829483582],[-73.9824778723407,40.7282721753313]]]},"properties":{"OBJECTID":474936,"BASE_BBL":"1004380032","BIN":1005949,"CONSTRUCTION_YEAR":1917,"DOITT_ID":208468,"FEATURE_CODE":2100,"GEOM_SOURCE":"Photogrammetric","GROUND_ELEVATION":18,"HEIGHT_ROOF":88.91,"LAST_EDITED_DATE":1503430453000,"LAST_STATUS_TYPE":"Constructed","MAPPLUTO_BBL":"1004380032","NAME":null,"Shape__Area":1301.33203125,"Shape__Length":151.941741107498}},{"type":"Feature","id":476046,"geometry":{"type":"Polygon","coordinates":[[[-73.9873081623207,40.7283334789318],[-73.9873574973646,40.7282650591896],[-73.9873954562343,40.7282808996997],[-73.9873857199561,40.7282944017646],[-73.9874072193406,40.7283033740864],[-73.9873676206147,40.7283582908865],[-73.9873081623207,40.7283334789318]]]},"properties":{"OBJECTID":476046,"BASE_BBL":"1004490008","BIN":1006314,"CONSTRUCTION_YEAR":1900,"DOITT_ID":320462,"FEATURE_CODE":2100,"GEOM_SOURCE":"Photogrammetric","GROUND_ELEVATION":31,"HEIGHT_ROOF":55.61,"LAST_EDITED_DATE":1503429208000,"LAST_STATUS_TYPE":"Constructed","MAPPLUTO_BBL":"1004490008","NAME":null,"Shape__Area":80.36328125,"Shape__Length":38.01842158339602}},{"type":"Feature","id":476922,"geometry":{"type":"Polygon","coordinates":[[[-73.9870907375674,40.7297281177759],[-73.9871301069307,40.7297445636701],[-73.9871325895287,40.7297553538429],[-73.9871828709932,40.7297763584122],[-73.9871959356365,40.7297720626378],[-73.9872234330304,40.7297835489786],[-73.9872180810772,40.7297909631734],[-73.9872620430778,40.7298093285161],[-73.9872737926658,40.7298045859351],[-73.9873270617509,40.7298268388764],[-73.9873221680365,40.7298336182678],[-73.987361029732,40.7298498524074],[-73.9873271680145,40.7298967615877],[-73.9873122536268,40.7298985897793],[-73.9870304770527,40.7297808808164],[-73.9870285670684,40.7297718106776],[-73.9870672030753,40.7297182860829],[-73.9870907375674,40.7297281177759]]]},"properties":{"OBJECTID":476922,"BASE_BBL":"1004650047","BIN":1006795,"CONSTRUCTION_YEAR":1940,"DOITT_ID":154600,"FEATURE_CODE":2100,"GEOM_SOURCE":"Photogrammetric","GROUND_ELEVATION":31,"HEIGHT_ROOF":76.56,"LAST_EDITED_DATE":1503429189000,"LAST_STATUS_TYPE":"Constructed","MAPPLUTO_BBL":"1004650047","NAME":null,"Shape__Area":357.27734375,"Shape__Length":97.90004010080627}},{"type":"Feature","id":477528,"geometry":{"type":"Polygon","coordinates":[[[-73.9824230458569,40.7286229169878],[-73.9825062693185,40.7285083705234],[-73.9825862210395,40.7285419887311],[-73.9825372007459,40.7286094591394],[-73.9825029976734,40.7286565352528],[-73.9824230458569,40.7286229169878]]]},"properties":{"OBJECTID":477528,"BASE_BBL":"1004380024","BIN":1076970,"CONSTRUCTION_YEAR":1910,"DOITT_ID":451673,"FEATURE_CODE":2100,"GEOM_SOURCE":"Photogrammetric","GROUND_ELEVATION":19,"HEIGHT_ROOF":46.22,"LAST_EDITED_DATE":1503423942000,"LAST_STATUS_TYPE":"Constructed","MAPPLUTO_BBL":"1004380024","NAME":null,"Shape__Area":195.51171875,"Shape__Length":58.7735628322958}},{"type":"Feature","id":478292,"geometry":{"type":"Polygon","coordinates":[[[-73.9837108986117,40.7271073120419],[-73.9837543146248,40.727047701774],[-73.9838316057058,40.7270802804616],[-73.9837377626609,40.7272091291916],[-73.9836604714766,40.727176549541],[-73.9837108986117,40.7271073120419]]]},"properties":{"OBJECTID":478292,"BASE_BBL":"1004360040","BIN":1005885,"CONSTRUCTION_YEAR":1900,"DOITT_ID":24989,"FEATURE_CODE":2100,"GEOM_SOURCE":"Photogrammetric","GROUND_ELEVATION":20,"HEIGHT_ROOF":53.85,"LAST_EDITED_DATE":1503427919000,"LAST_STATUS_TYPE":"Constructed","MAPPLUTO_BBL":"1004360040","NAME":null,"Shape__Area":212.84375,"Shape__Length":62.92778341986508}},{"type":"Feature","id":479059,"geometry":{"type":"Polygon","coordinates":[[[-73.9857857420231,40.7280780194274],[-73.9858713791386,40.7279606207102],[-73.9858831157922,40.7279655749487],[-73.9859519769379,40.7279946454937],[-73.9859341391244,40.7280190993381],[-73.9858663399207,40.7281120442703],[-73.9857857420231,40.7280780194274]]]},"properties":{"OBJECTID":479059,"BASE_BBL":"1004500039","BIN":1006387,"CONSTRUCTION_YEAR":1900,"DOITT_ID":642466,"FEATURE_CODE":2100,"GEOM_SOURCE":"Photogrammetric","GROUND_ELEVATION":28,"HEIGHT_ROOF":48.98,"LAST_EDITED_DATE":1503427921000,"LAST_STATUS_TYPE":"Constructed","MAPPLUTO_BBL":"1004500039","NAME":null,"Shape__Area":202.375,"Shape__Length":59.95033792117218}},{"type":"Feature","id":479234,"geometry":{"type":"Polygon","coordinates":[[[-73.9849637223421,40.7273706886124],[-73.9850498431811,40.7272522459676],[-73.9850645161377,40.7272584208608],[-73.9851146565521,40.7272795208758],[-73.9850353193252,40.727388633376],[-73.9850487779454,40.7273942975247],[-73.9850419955986,40.7274036259173],[-73.9850169034557,40.727393066889],[-73.9849637223421,40.7273706886124]]]},"properties":{"OBJECTID":479234,"BASE_BBL":"1004350010","BIN":1005821,"CONSTRUCTION_YEAR":1900,"DOITT_ID":814087,"FEATURE_CODE":2100,"GEOM_SOURCE":"Photogrammetric","GROUND_ELEVATION":24,"HEIGHT_ROOF":50.11,"LAST_EDITED_DATE":1503430454000,"LAST_STATUS_TYPE":"Constructed","MAPPLUTO_BBL":"1004350010","NAME":null,"Shape__Area":166.62109375,"Shape__Length":59.66263174420133}},{"type":"Feature","id":482730,"geometry":{"type":"Polygon","coordinates":[[[-73.9833472457046,40.7274652420854],[-73.9834351184167,40.7273445910536],[-73.9834382776129,40.727340253756],[-73.9835143616274,40.7273723236941],[-73.983465821555,40.7274389697107],[-73.9834234967778,40.7274970815768],[-73.9834233286343,40.7274973120829],[-73.9834229368689,40.7274971472334],[-73.9833472457046,40.7274652420854]]]},"properties":{"OBJECTID":482730,"BASE_BBL":"1004360025","BIN":1005877,"CONSTRUCTION_YEAR":1900,"DOITT_ID":330395,"FEATURE_CODE":2100,"GEOM_SOURCE":"Photogrammetric","GROUND_ELEVATION":18,"HEIGHT_ROOF":42.53,"LAST_EDITED_DATE":1503424749000,"LAST_STATUS_TYPE":"Constructed","MAPPLUTO_BBL":"1004360025","NAME":null,"Shape__Area":203.24609375,"Shape__Length":61.325075372883106}},{"type":"Feature","id":482783,"geometry":{"type":"Polygon","coordinates":[[[-73.9862415851472,40.7278822185958],[-73.9862622859029,40.7278535110406],[-73.9863323330169,40.7277563697671],[-73.9863473300018,40.727753613287],[-73.9863599803478,40.7277360692693],[-73.9863499812245,40.7277318960266],[-73.986379896121,40.7276904095181],[-73.9864583018888,40.7277231288517],[-73.9864312322852,40.7277606678843],[-73.9864283858426,40.7277646162807],[-73.9864171640422,40.7277599332117],[-73.9864045125231,40.7277774772355],[-73.9864107388387,40.7277890900333],[-73.9863567546041,40.7278639537662],[-73.9863402027925,40.7278869093793],[-73.9863199910725,40.7279149389232],[-73.9862415851472,40.7278822185958]]]},"properties":{"OBJECTID":482783,"BASE_BBL":"1004490022","BIN":1006328,"CONSTRUCTION_YEAR":1900,"DOITT_ID":530438,"FEATURE_CODE":2100,"GEOM_SOURCE":"Photogrammetric","GROUND_ELEVATION":27,"HEIGHT_ROOF":62.2,"LAST_EDITED_DATE":1503423186000,"LAST_STATUS_TYPE":"Constructed","MAPPLUTO_BBL":"1004490022","NAME":null,"Shape__Area":310.4453125,"Shape__Length":88.08033079173276}},{"type":"Feature","id":482806,"geometry":{"type":"Polygon","coordinates":[[[-73.9847248953084,40.7272654723263],[-73.9847650638135,40.7272102296172],[-73.984784063516,40.7272096558033],[-73.98481279382,40.7271701434582],[-73.9848231572995,40.7271745041887],[-73.9848386840091,40.7271531497615],[-73.9848283217158,40.7271487881321],[-73.9848452752205,40.7271254725832],[-73.9848344574614,40.7271147911219],[-73.9848620202038,40.7270768851184],[-73.9848744635678,40.7270597707779],[-73.9849541034561,40.7270932846493],[-73.9849140973953,40.7271483050207],[-73.9848996231143,40.7271483436466],[-73.9848826708063,40.7271716601041],[-73.9848721025631,40.7271672120028],[-73.9848565746773,40.7271885664343],[-73.9848671441065,40.7271930145372],[-73.984838412641,40.7272325277961],[-73.9848447038268,40.7272437426631],[-73.9848045353673,40.7272989863002],[-73.9847248953084,40.7272654723263]]]},"properties":{"OBJECTID":482806,"BASE_BBL":"1004350013","BIN":1005824,"CONSTRUCTION_YEAR":1900,"DOITT_ID":777195,"FEATURE_CODE":2100,"GEOM_SOURCE":"Photogrammetric","GROUND_ELEVATION":23,"HEIGHT_ROOF":59.15,"LAST_EDITED_DATE":1503429149000,"LAST_STATUS_TYPE":"Constructed","MAPPLUTO_BBL":"1004350013","NAME":null,"Shape__Area":291.8046875,"Shape__Length":98.33231344831401}},{"type":"Feature","id":483129,"geometry":{"type":"Polygon","coordinates":[[[-73.9844196476297,40.7294663264911],[-73.9844586703164,40.7294126056102],[-73.9844841608419,40.7293775117181],[-73.9844987124657,40.7293574791586],[-73.9845419410033,40.7292979658417],[-73.9846237612739,40.7293323600207],[-73.9846547781229,40.7293453981216],[-73.9846379293673,40.7293685929813],[-73.9845750516346,40.7294551567876],[-73.9845714329718,40.7294601388178],[-73.9845324849473,40.7295137588897],[-73.9844196476297,40.7294663264911]]]},"properties":{"OBJECTID":483129,"BASE_BBL":"1004520028","BIN":1006448,"CONSTRUCTION_YEAR":1900,"DOITT_ID":515518,"FEATURE_CODE":2100,"GEOM_SOURCE":"Photogrammetric","GROUND_ELEVATION":24,"HEIGHT_ROOF":53.32,"LAST_EDITED_DATE":1503427885000,"LAST_STATUS_TYPE":"Constructed","MAPPLUTO_BBL":"1004520028","NAME":null,"Shape__Area":405.51171875,"Shape__Length":85.19051883666658}},{"type":"Feature","id":485620,"geometry":{"type":"Polygon","coordinates":[[[-73.9850881913562,40.7310942068521],[-73.985122328712,40.7310472839652],[-73.9851125777454,40.7310431790877],[-73.9851668748657,40.7309685447398],[-73.985175495433,40.7309721739987],[-73.985228197741,40.7309943611968],[-73.9852036329902,40.7310281271146],[-73.9851397645216,40.7311159184756],[-73.9850881913562,40.7310942068521]]]},"properties":{"OBJECTID":485620,"BASE_BBL":"1004540066","BIN":1077710,"CONSTRUCTION_YEAR":1920,"DOITT_ID":733881,"FEATURE_CODE":2100,"GEOM_SOURCE":"Photogrammetric","GROUND_ELEVATION":24,"HEIGHT_ROOF":64.39,"LAST_EDITED_DATE":1234569600000,"LAST_STATUS_TYPE":"Constructed","MAPPLUTO_BBL":"1004540066","NAME":null,"Shape__Area":149.46484375,"Shape__Length":56.40006703638098}},{"type":"Feature","id":489247,"geometry":{"type":"Polygon","coordinates":[[[-73.9860872095678,40.7273803013711],[-73.986162855776,40.7272753948809],[-73.9862438838063,40.7273092096964],[-73.9861612672164,40.7274237814656],[-73.9861396169457,40.7274538063347],[-73.9861289901309,40.727468543686],[-73.986070200643,40.7274440094266],[-73.9861041496284,40.7273969304146],[-73.986109448233,40.7273895819998],[-73.9860872095678,40.7273803013711]]]},"properties":{"OBJECTID":489247,"BASE_BBL":"1004490041","BIN":1084502,"CONSTRUCTION_YEAR":1900,"DOITT_ID":410419,"FEATURE_CODE":2100,"GEOM_SOURCE":"Photogrammetric","GROUND_ELEVATION":27,"HEIGHT_ROOF":54.04,"LAST_EDITED_DATE":1503424750000,"LAST_STATUS_TYPE":"Constructed","MAPPLUTO_BBL":"1004490041","NAME":null,"Shape__Area":248.88671875,"Shape__Length":73.93808697772957}},{"type":"Feature","id":490401,"geometry":{"type":"Polygon","coordinates":[[[-73.9860041329471,40.7287707518247],[-73.985906359311,40.728905482137],[-73.9859025951353,40.7289106695076],[-73.9858966143692,40.7289189111326],[-73.9858846147764,40.7289138722162],[-73.9858532889592,40.7289007155407],[-73.9859608076041,40.728752556273],[-73.9860041329471,40.7287707518247]]]},"properties":{"OBJECTID":490401,"BASE_BBL":"1004510049","BIN":1006424,"CONSTRUCTION_YEAR":1900,"DOITT_ID":510437,"FEATURE_CODE":2100,"GEOM_SOURCE":"Other (Manual)","GROUND_ELEVATION":27,"HEIGHT_ROOF":51,"LAST_EDITED_DATE":1548178592000,"LAST_STATUS_TYPE":"Constructed","MAPPLUTO_BBL":"1004517501","NAME":null,"Shape__Area":136.95703125,"Shape__Length":60.704489500651114}},{"type":"Feature","id":491293,"geometry":{"type":"Polygon","coordinates":[[[-73.9848246258205,40.7279823140732],[-73.9847185019217,40.7279375834679],[-73.9846833691691,40.7279227744337],[-73.984718982911,40.7278738752253],[-73.9847668251234,40.7278940403568],[-73.9848654934899,40.727935628963],[-73.9848298798223,40.7279845291169],[-73.9848246258205,40.7279823140732]]]},"properties":{"OBJECTID":491293,"BASE_BBL":"1004360004","BIN":1005861,"CONSTRUCTION_YEAR":1900,"DOITT_ID":157117,"FEATURE_CODE":2100,"GEOM_SOURCE":"Photogrammetric","GROUND_ELEVATION":23,"HEIGHT_ROOF":44.73,"LAST_EDITED_DATE":1503429149000,"LAST_STATUS_TYPE":"Constructed","MAPPLUTO_BBL":"1004360004","NAME":null,"Shape__Area":153.1171875,"Shape__Length":53.73411321767185}},{"type":"Feature","id":492299,"geometry":{"type":"Polygon","coordinates":[[[-73.9821335298457,40.7282052281204],[-73.9821768509246,40.728145602232],[-73.9822354040158,40.7281702230883],[-73.9824165648626,40.7282463970241],[-73.9823732439325,40.7283060230019],[-73.9822170104675,40.7282403302715],[-73.9821335298457,40.7282052281204]]]},"properties":{"OBJECTID":492299,"BASE_BBL":"1004380031","BIN":1005948,"CONSTRUCTION_YEAR":1910,"DOITT_ID":551362,"FEATURE_CODE":2100,"GEOM_SOURCE":"Photogrammetric","GROUND_ELEVATION":19,"HEIGHT_ROOF":57.42,"LAST_EDITED_DATE":1503423930000,"LAST_STATUS_TYPE":"Constructed","MAPPLUTO_BBL":"1004380031","NAME":null,"Shape__Area":305.13671875,"Shape__Length":81.03195773497072}},{"type":"Feature","id":492783,"geometry":{"type":"Polygon","coordinates":[[[-73.985420719038,40.7307216315851],[-73.9854539926812,40.7306761988299],[-73.9854647556319,40.7306807603643],[-73.9855017366818,40.730630264503],[-73.9854909737367,40.730625702972],[-73.9854980085498,40.7306160981327],[-73.9855238660004,40.7305807906419],[-73.9855773711916,40.7305077309859],[-73.985646914222,40.7305372043157],[-73.9855341845631,40.7306911303576],[-73.9854902610386,40.7307511050085],[-73.985420719038,40.7307216315851]]]},"properties":{"OBJECTID":492783,"BASE_BBL":"1004530010","BIN":1006477,"CONSTRUCTION_YEAR":1900,"DOITT_ID":815705,"FEATURE_CODE":2100,"GEOM_SOURCE":"Photogrammetric","GROUND_ELEVATION":28,"HEIGHT_ROOF":51.72,"LAST_EDITED_DATE":1503423920000,"LAST_STATUS_TYPE":"Constructed","MAPPLUTO_BBL":"1004530010","NAME":null,"Shape__Area":307.10546875,"Shape__Length":92.35915728891385}},{"type":"Feature","id":497007,"geometry":{"type":"Polygon","coordinates":[[[-73.9851333137532,40.7286925001503],[-73.9851568285939,40.7286600974719],[-73.9851751985484,40.7286347838326],[-73.9852522235095,40.7286671327958],[-73.985210337577,40.7287248491411],[-73.9851333137532,40.7286925001503]]]},"properties":{"OBJECTID":497007,"BASE_BBL":"1004510140","BIN":1082927,"CONSTRUCTION_YEAR":1899,"DOITT_ID":466975,"FEATURE_CODE":2100,"GEOM_SOURCE":"Photogrammetric","GROUND_ELEVATION":26,"HEIGHT_ROOF":33.58,"LAST_EDITED_DATE":1234569600000,"LAST_STATUS_TYPE":"Constructed","MAPPLUTO_BBL":"1004510140","NAME":null,"Shape__Area":94.84765625,"Shape__Length":38.95787988758229}},{"type":"Feature","id":498439,"geometry":{"type":"Polygon","coordinates":[[[-73.9859242436858,40.7277480872599],[-73.9860082464269,40.7276315932476],[-73.9860140269696,40.7276235776188],[-73.9860314514739,40.7275994118735],[-73.9860392046398,40.7275886607364],[-73.9861007402057,40.7276143416905],[-73.9861974596767,40.72765470513],[-73.9861613177655,40.7277048258237],[-73.9861320646113,40.7277453938358],[-73.9861133163355,40.7277713928725],[-73.9860815588488,40.7278154356335],[-73.9859233035449,40.727749391082],[-73.9859242436858,40.7277480872599]]]},"properties":{"OBJECTID":498439,"BASE_BBL":"1004490025","BIN":1006331,"CONSTRUCTION_YEAR":1920,"DOITT_ID":782378,"FEATURE_CODE":2100,"GEOM_SOURCE":"Photogrammetric","GROUND_ELEVATION":26,"HEIGHT_ROOF":66.46,"LAST_EDITED_DATE":1503424750000,"LAST_STATUS_TYPE":"Constructed","MAPPLUTO_BBL":"1004490025","NAME":"Stuyvesant Residence Club","Shape__Area":541.109375,"Shape__Length":94.03446560153668}},{"type":"Feature","id":501017,"geometry":{"type":"Polygon","coordinates":[[[-73.9869865534123,40.7287419291708],[-73.9870330093461,40.7286782414202],[-73.987073050343,40.7286951439698],[-73.9871214170156,40.7287155621229],[-73.9873006709355,40.7287912337754],[-73.9872542139951,40.7288549207324],[-73.9870618559773,40.7287737175123],[-73.9869865534123,40.7287419291708]]]},"properties":{"OBJECTID":501017,"BASE_BBL":"1004500005","BIN":1006361,"CONSTRUCTION_YEAR":1900,"DOITT_ID":721077,"FEATURE_CODE":2100,"GEOM_SOURCE":"Photogrammetric","GROUND_ELEVATION":33,"HEIGHT_ROOF":69.27,"LAST_EDITED_DATE":1503427884000,"LAST_STATUS_TYPE":"Constructed","MAPPLUTO_BBL":"1004500005","NAME":null,"Shape__Area":364.5859375,"Shape__Length":89.59358676280844}},{"type":"Feature","id":504051,"geometry":{"type":"Polygon","coordinates":[[[-73.9866585368267,40.7288592594588],[-73.9866817513859,40.7288274336611],[-73.9867129914265,40.7287846072684],[-73.9867290104568,40.7287626475059],[-73.9867549009009,40.7287271542288],[-73.9868380342283,40.7287622484845],[-73.9867880507629,40.7288307705831],[-73.9867416690842,40.7288943546837],[-73.9866585368267,40.7288592594588]]]},"properties":{"OBJECTID":504051,"BASE_BBL":"1004500010","BIN":1006364,"CONSTRUCTION_YEAR":1901,"DOITT_ID":40255,"FEATURE_CODE":2100,"GEOM_SOURCE":"Photogrammetric","GROUND_ELEVATION":31,"HEIGHT_ROOF":50,"LAST_EDITED_DATE":1503430424000,"LAST_STATUS_TYPE":"Constructed","MAPPLUTO_BBL":"1004500010","NAME":null,"Shape__Area":234.89453125,"Shape__Length":65.5337384930196}},{"type":"Feature","id":506022,"geometry":{"type":"Polygon","coordinates":[[[-73.9846106646419,40.7295466226236],[-73.9846532324651,40.729488020493],[-73.9846889430092,40.7294388574681],[-73.9847711387384,40.7294734091806],[-73.984692861647,40.7295811743917],[-73.9846106646419,40.7295466226236]]]},"properties":{"OBJECTID":506022,"BASE_BBL":"1004520026","BIN":1083057,"CONSTRUCTION_YEAR":1900,"DOITT_ID":639873,"FEATURE_CODE":2100,"GEOM_SOURCE":"Photogrammetric","GROUND_ELEVATION":25,"HEIGHT_ROOF":47.13,"LAST_EDITED_DATE":1503425694000,"LAST_STATUS_TYPE":"Constructed","MAPPLUTO_BBL":"1004520026","NAME":null,"Shape__Area":189.078125,"Shape__Length":57.06772798581151}},{"type":"Feature","id":507369,"geometry":{"type":"Polygon","coordinates":[[[-73.9871834283283,40.7278629483079],[-73.9872232921333,40.7278076641892],[-73.9872329514117,40.7277942683886],[-73.987266871338,40.7277472259538],[-73.9872824128242,40.7277256721879],[-73.9873579405216,40.727757191113],[-73.9873575628184,40.7277577169688],[-73.9873456231446,40.7277742733157],[-73.9873362125362,40.7277873251587],[-73.9873126717914,40.7278199723209],[-73.9872823285921,40.7278073105199],[-73.9872683424191,40.7278106102404],[-73.9872206202648,40.7278767932633],[-73.9872236980163,40.7278886208892],[-73.9872540412413,40.7279012827057],[-73.9872509426437,40.7279055813923],[-73.9872173091608,40.7279522240273],[-73.9871417813088,40.7279207050109],[-73.9871834283283,40.7278629483079]]]},"properties":{"OBJECTID":507369,"BASE_BBL":"1004490055","BIN":1006357,"CONSTRUCTION_YEAR":1910,"DOITT_ID":395016,"FEATURE_CODE":2100,"GEOM_SOURCE":"Photogrammetric","GROUND_ELEVATION":31,"HEIGHT_ROOF":61.12,"LAST_EDITED_DATE":1503425691000,"LAST_STATUS_TYPE":"Constructed","MAPPLUTO_BBL":"1004490055","NAME":null,"Shape__Area":246.875,"Shape__Length":93.07290637962771}},{"type":"Feature","id":513842,"geometry":{"type":"Polygon","coordinates":[[[-73.986299450733,40.7269213976936],[-73.9860996842471,40.7268371824609],[-73.9861402515363,40.7267814881621],[-73.9863591056938,40.7268737489345],[-73.9863185385312,40.7269294442103],[-73.986299450733,40.7269213976936]]]},"properties":{"OBJECTID":513842,"BASE_BBL":"1004480030","BIN":1006286,"CONSTRUCTION_YEAR":1910,"DOITT_ID":194949,"FEATURE_CODE":2100,"GEOM_SOURCE":"Photogrammetric","GROUND_ELEVATION":27,"HEIGHT_ROOF":54.79,"LAST_EDITED_DATE":1503430399000,"LAST_STATUS_TYPE":"Constructed","MAPPLUTO_BBL":"1004480030","NAME":null,"Shape__Area":260.5234375,"Shape__Length":74.4466582732071}},{"type":"Feature","id":514073,"geometry":{"type":"Polygon","coordinates":[[[-73.9843705203473,40.7285109817409],[-73.9843654215825,40.7284978408233],[-73.9842578696379,40.7284529574169],[-73.9842428092056,40.7284576857304],[-73.9842277371739,40.7284513954138],[-73.9842060535273,40.7284423459298],[-73.9841874957864,40.7284346017085],[-73.9842210700607,40.7283880409989],[-73.9842352768626,40.728393970094],[-73.9842529220386,40.7284013332678],[-73.9842853397925,40.7284148615382],[-73.9842866407002,40.7284249131959],[-73.9843770812157,40.7284626568223],[-73.9843951878911,40.7284607033719],[-73.9844556252414,40.7284859248932],[-73.9844220498979,40.7285324856703],[-73.9843705203473,40.7285109817409]]]},"properties":{"OBJECTID":514073,"BASE_BBL":"1004370006","BIN":1005896,"CONSTRUCTION_YEAR":1920,"DOITT_ID":390170,"FEATURE_CODE":2100,"GEOM_SOURCE":"Photogrammetric","GROUND_ELEVATION":23,"HEIGHT_ROOF":70.23,"LAST_EDITED_DATE":1503424736000,"LAST_STATUS_TYPE":"Constructed","MAPPLUTO_BBL":"1004370006","NAME":null,"Shape__Area":195.5859375,"Shape__Length":77.52223550988926}},{"type":"Feature","id":514682,"geometry":{"type":"Polygon","coordinates":[[[-73.9855111362169,40.7287385679067],[-73.9856083953334,40.7286045483641],[-73.9856899845038,40.7286388147882],[-73.9855927266851,40.7287728343992],[-73.9855111362169,40.7287385679067]]]},"properties":{"OBJECTID":514682,"BASE_BBL":"1004510044","BIN":1006421,"CONSTRUCTION_YEAR":1900,"DOITT_ID":624784,"FEATURE_CODE":2100,"GEOM_SOURCE":"Photogrammetric","GROUND_ELEVATION":26,"HEIGHT_ROOF":54.54,"LAST_EDITED_DATE":1503425691000,"LAST_STATUS_TYPE":"Constructed","MAPPLUTO_BBL":"1004510044","NAME":null,"Shape__Area":233.30859375,"Shape__Length":65.70367333511494}},{"type":"Feature","id":516080,"geometry":{"type":"Polygon","coordinates":[[[-73.9837988950971,40.7284206933678],[-73.9838260765755,40.7283829991849],[-73.9838728705643,40.7283181060713],[-73.983895767316,40.7283276618737],[-73.9839030342398,40.7283175834936],[-73.9838801374903,40.7283080285931],[-73.9839340538213,40.728233259669],[-73.9839622246728,40.7282450161372],[-73.9840715562192,40.7282906420866],[-73.9840603616237,40.7283061662117],[-73.9840602041366,40.7283063850135],[-73.9840367729099,40.7283388784326],[-73.9840225653687,40.7283410935153],[-73.9840077592038,40.728361626665],[-73.9839935476946,40.7283556957401],[-73.9839820155974,40.7283716862742],[-73.9839930077109,40.7283762731938],[-73.9839625948755,40.7284184478984],[-73.983970106042,40.7284313307237],[-73.9839450785363,40.7284660373522],[-73.9839363977653,40.7284780759455],[-73.9837988950971,40.7284206933678]],[[-73.9838779118921,40.7284165360009],[-73.9839235513197,40.7283533293586],[-73.9839049356427,40.7283455499636],[-73.9838592962027,40.7284087565987],[-73.9838779118921,40.7284165360009]],[[-73.9839758192768,40.7282860830366],[-73.983956133661,40.7282777604941],[-73.9839236274698,40.7283222591108],[-73.9839433142784,40.728330581659],[-73.9839758192768,40.7282860830366]]]},"properties":{"OBJECTID":516080,"BASE_BBL":"1004370010","BIN":1005900,"CONSTRUCTION_YEAR":1920,"DOITT_ID":577810,"FEATURE_CODE":2100,"GEOM_SOURCE":"Photogrammetric","GROUND_ELEVATION":22,"HEIGHT_ROOF":68.97,"LAST_EDITED_DATE":1503429131000,"LAST_STATUS_TYPE":"Constructed","MAPPLUTO_BBL":"1004370010","NAME":null,"Shape__Area":473.9609375,"Shape__Length":153.96695427446778}},{"type":"Feature","id":516489,"geometry":{"type":"Polygon","coordinates":[[[-73.9838994019316,40.7276979833103],[-73.9839947704694,40.7275670400853],[-73.9840134448545,40.7275414006855],[-73.9840537554503,40.7275583916748],[-73.9839397125927,40.7277149752397],[-73.9838994019316,40.7276979833103]]]},"properties":{"OBJECTID":516489,"BASE_BBL":"1004360017","BIN":1005870,"CONSTRUCTION_YEAR":1900,"DOITT_ID":397240,"FEATURE_CODE":2100,"GEOM_SOURCE":"Photogrammetric","GROUND_ELEVATION":21,"HEIGHT_ROOF":59.49,"LAST_EDITED_DATE":1503429132000,"LAST_STATUS_TYPE":"Constructed","MAPPLUTO_BBL":"1004360017","NAME":null,"Shape__Area":134.90234375,"Shape__Length":62.81376259042145}},{"type":"Feature","id":521700,"geometry":{"type":"Polygon","coordinates":[[[-73.9865825762602,40.7288271925201],[-73.9866530499663,40.7287305815137],[-73.9866544787991,40.7287302115702],[-73.9866689991478,40.7287264554285],[-73.986727169173,40.728646710382],[-73.9867836837926,40.7286705677586],[-73.986725513814,40.7287503137339],[-73.9867290104568,40.7287626475059],[-73.9867129914265,40.7287846072684],[-73.986704327266,40.7287809502026],[-73.9866730872216,40.728823776593],[-73.9866817513859,40.7288274336611],[-73.9866585368267,40.7288592594588],[-73.986591679546,40.7288310351509],[-73.9865825762602,40.7288271925201]]]},"properties":{"OBJECTID":521700,"BASE_BBL":"1004500011","BIN":1006365,"CONSTRUCTION_YEAR":1910,"DOITT_ID":370285,"FEATURE_CODE":2100,"GEOM_SOURCE":"Photogrammetric","GROUND_ELEVATION":30,"HEIGHT_ROOF":66.42,"LAST_EDITED_DATE":1503430285000,"LAST_STATUS_TYPE":"Constructed","MAPPLUTO_BBL":"1004500011","NAME":null,"Shape__Area":257.171875,"Shape__Length":82.0199224672377}},{"type":"Feature","id":524925,"geometry":{"type":"Polygon","coordinates":[[[-73.9858714540746,40.73042712689],[-73.9858962846401,40.7303932221813],[-73.9858192313939,40.7303605656795],[-73.9858409489652,40.7303309100993],[-73.9858762939171,40.7303458889974],[-73.9859622517793,40.7303823187774],[-73.9860281870782,40.730410262374],[-73.9861229491191,40.7304504230083],[-73.9860763999569,40.7305139842941],[-73.9860547603965,40.7305048126972],[-73.9858714540746,40.73042712689]]]},"properties":{"OBJECTID":524925,"BASE_BBL":"1004530002","BIN":1006470,"CONSTRUCTION_YEAR":1900,"DOITT_ID":604414,"FEATURE_CODE":2100,"GEOM_SOURCE":"Photogrammetric","GROUND_ELEVATION":29,"HEIGHT_ROOF":56.09,"LAST_EDITED_DATE":1503423073000,"LAST_STATUS_TYPE":"Constructed","MAPPLUTO_BBL":"1004530002","NAME":null,"Shape__Area":328.1015625,"Shape__Length":93.29314494658043}},{"type":"Feature","id":525242,"geometry":{"type":"Polygon","coordinates":[[[-73.9839057852882,40.7303466903882],[-73.9839453713548,40.7302922781757],[-73.9841047242794,40.730359367462],[-73.9840689642792,40.7304085212877],[-73.9840414624581,40.7303969423421],[-73.9840294253589,40.730399698031],[-73.9840123227195,40.7304232070381],[-73.9839973576418,40.730433144774],[-73.9839688622818,40.7304723129366],[-73.9839681006834,40.7304839924276],[-73.9839564249634,40.7305000396665],[-73.9839916062631,40.7305148507248],[-73.9839491319559,40.7305732319912],[-73.9837897798605,40.7305061415912],[-73.9838315200898,40.7304487697502],[-73.9838684140576,40.7304643032947],[-73.9838808227828,40.730447246697],[-73.9838930680426,40.7304404018431],[-73.9839215634333,40.7304012345996],[-73.983922483485,40.7303853830744],[-73.9839350508574,40.7303681085698],[-73.9839275819397,40.7303558678142],[-73.9839057852882,40.7303466903882]]]},"properties":{"OBJECTID":525242,"BASE_BBL":"1004540047","BIN":1006500,"CONSTRUCTION_YEAR":1920,"DOITT_ID":852422,"FEATURE_CODE":2100,"GEOM_SOURCE":"Photogrammetric","GROUND_ELEVATION":23,"HEIGHT_ROOF":67.06,"LAST_EDITED_DATE":1503426582000,"LAST_STATUS_TYPE":"Constructed","MAPPLUTO_BBL":"1004540047","NAME":null,"Shape__Area":558.47265625,"Shape__Length":129.70573206277163}},{"type":"Feature","id":525420,"geometry":{"type":"Polygon","coordinates":[[[-73.9805996987005,40.7290359227009],[-73.9806850694747,40.7289175462553],[-73.980743922194,40.7289421084842],[-73.9807637425647,40.7289503811691],[-73.9807114409086,40.7290229030036],[-73.9806771616262,40.7290704360179],[-73.9806481733496,40.7291106307641],[-73.9805695013113,40.7290777948718],[-73.9805996987005,40.7290359227009]]]},"properties":{"OBJECTID":525420,"BASE_BBL":"1004060060","BIN":1086129,"CONSTRUCTION_YEAR":1900,"DOITT_ID":990184,"FEATURE_CODE":2100,"GEOM_SOURCE":"Photogrammetric","GROUND_ELEVATION":16,"HEIGHT_ROOF":52.1,"LAST_EDITED_DATE":1503428956000,"LAST_STATUS_TYPE":"Constructed","MAPPLUTO_BBL":"1004060060","NAME":null,"Shape__Area":268.21875,"Shape__Length":73.64902461177343}},{"type":"Feature","id":527743,"geometry":{"type":"Polygon","coordinates":[[[-73.9828647115508,40.7284432014561],[-73.982910735519,40.7283798556936],[-73.9829910874956,40.7282692607826],[-73.9830707764167,40.7283027678536],[-73.982970763105,40.7284404247087],[-73.9829574841725,40.7284587021742],[-73.9829444018001,40.728476708614],[-73.9828647115508,40.7284432014561]]]},"properties":{"OBJECTID":527743,"BASE_BBL":"1004380042","BIN":1005954,"CONSTRUCTION_YEAR":1900,"DOITT_ID":55997,"FEATURE_CODE":2100,"GEOM_SOURCE":"Photogrammetric","GROUND_ELEVATION":20,"HEIGHT_ROOF":54.21,"LAST_EDITED_DATE":1503427713000,"LAST_STATUS_TYPE":"Constructed","MAPPLUTO_BBL":"1004380042","NAME":null,"Shape__Area":295.90625,"Shape__Length":78.62608460438568}},{"type":"Feature","id":528548,"geometry":{"type":"Polygon","coordinates":[[[-73.9810851824591,40.7286539490795],[-73.9811684442009,40.7286886998539],[-73.9811240926767,40.7287501991486],[-73.9810408308809,40.728715449243],[-73.9810851824591,40.7286539490795]]]},"properties":{"OBJECTID":528548,"BASE_BBL":"1004050005","BIN":1083447,"CONSTRUCTION_YEAR":1920,"DOITT_ID":116240,"FEATURE_CODE":2100,"GEOM_SOURCE":"Photogrammetric","GROUND_ELEVATION":16,"HEIGHT_ROOF":33.9,"LAST_EDITED_DATE":1234569600000,"LAST_STATUS_TYPE":"Constructed","MAPPLUTO_BBL":"1004050005","NAME":null,"Shape__Area":108.9375,"Shape__Length":41.75319853345904}},{"type":"Feature","id":530422,"geometry":{"type":"Polygon","coordinates":[[[-73.9833346446557,40.7268708025388],[-73.9832476036284,40.7269903108767],[-73.98321800454,40.7270309510436],[-73.9831980530799,40.7270225409819],[-73.9831894872503,40.7270343030816],[-73.9830351674674,40.726969253792],[-73.9830697777858,40.7269217327183],[-73.9831603737218,40.7267973433738],[-73.9833346446557,40.7268708025388]]]},"properties":{"OBJECTID":530422,"BASE_BBL":"1004360034","BIN":1005881,"CONSTRUCTION_YEAR":1920,"DOITT_ID":555077,"FEATURE_CODE":2100,"GEOM_SOURCE":"Photogrammetric","GROUND_ELEVATION":18,"HEIGHT_ROOF":65.59,"LAST_EDITED_DATE":1503424621000,"LAST_STATUS_TYPE":"Constructed","MAPPLUTO_BBL":"1004360034","NAME":null,"Shape__Area":635.2734375,"Shape__Length":102.0847649767921}},{"type":"Feature","id":530546,"geometry":{"type":"Polygon","coordinates":[[[-73.9836611802853,40.7275975700232],[-73.9837565491475,40.7274666269936],[-73.9838773457355,40.7275175443388],[-73.9837819770378,40.7276484874676],[-73.9836611802853,40.7275975700232]]]},"properties":{"OBJECTID":530546,"BASE_BBL":"1004360020","BIN":1005873,"CONSTRUCTION_YEAR":1929,"DOITT_ID":202129,"FEATURE_CODE":2100,"GEOM_SOURCE":"Photogrammetric","GROUND_ELEVATION":20,"HEIGHT_ROOF":57.73,"LAST_EDITED_DATE":1503423802000,"LAST_STATUS_TYPE":"Constructed","MAPPLUTO_BBL":"1004360020","NAME":null,"Shape__Area":338.05859375,"Shape__Length":74.71452437652748}},{"type":"Feature","id":531148,"geometry":{"type":"Polygon","coordinates":[[[-73.9867909931875,40.7291848212667],[-73.986803640114,40.7291673942695],[-73.9867934963498,40.7291631337002],[-73.986811845692,40.7291378486155],[-73.9868219894537,40.7291421082827],[-73.9868374946761,40.7291207427832],[-73.9870155586991,40.729195524136],[-73.9870293871501,40.7292013312743],[-73.986997821459,40.7292448294932],[-73.9869828857898,40.7292654098346],[-73.9867909931875,40.7291848212667]]]},"properties":{"OBJECTID":531148,"BASE_BBL":"1004510001","BIN":1077563,"CONSTRUCTION_YEAR":1900,"DOITT_ID":229025,"FEATURE_CODE":2100,"GEOM_SOURCE":"Photogrammetric","GROUND_ELEVATION":30,"HEIGHT_ROOF":58.12,"LAST_EDITED_DATE":1503423074000,"LAST_STATUS_TYPE":"Constructed","MAPPLUTO_BBL":"1004510001","NAME":null,"Shape__Area":267.8203125,"Shape__Length":72.91166204814604}},{"type":"Feature","id":537976,"geometry":{"type":"Polygon","coordinates":[[[-73.9879486394699,40.7285008181562],[-73.9880232475609,40.7285315747146],[-73.9880177288321,40.7285393230193],[-73.9880838775439,40.7285665918876],[-73.9880776484064,40.7285753369849],[-73.9881024065481,40.728585543211],[-73.9881086356834,40.7285767981124],[-73.9881758225204,40.7286044947765],[-73.98818134242,40.7285967464644],[-73.9882359472231,40.7286192557711],[-73.9882496679684,40.7286249123673],[-73.9881927675313,40.72870479429],[-73.9878917387779,40.7285806999314],[-73.9879486394699,40.7285008181562]]]},"properties":{"OBJECTID":537976,"BASE_BBL":"1004630028","BIN":1006677,"CONSTRUCTION_YEAR":1900,"DOITT_ID":4560,"FEATURE_CODE":2100,"GEOM_SOURCE":"Photogrammetric","GROUND_ELEVATION":36,"HEIGHT_ROOF":65.56,"LAST_EDITED_DATE":1503423790000,"LAST_STATUS_TYPE":"Constructed","MAPPLUTO_BBL":"1004630028","NAME":null,"Shape__Area":478.19140625,"Shape__Length":108.47126210915309}},{"type":"Feature","id":540681,"geometry":{"type":"Polygon","coordinates":[[[-73.9821475095511,40.7298491757643],[-73.9821952438927,40.7297836774484],[-73.9822720071209,40.7298160526733],[-73.9822440604883,40.7298543983325],[-73.9822242728315,40.7298815510207],[-73.9821475095511,40.7298491757643]]]},"properties":{"OBJECTID":540681,"BASE_BBL":"1004400048","BIN":1076987,"CONSTRUCTION_YEAR":1910,"DOITT_ID":360959,"FEATURE_CODE":2100,"GEOM_SOURCE":"Photogrammetric","GROUND_ELEVATION":19,"HEIGHT_ROOF":34.89,"LAST_EDITED_DATE":1234569600000,"LAST_STATUS_TYPE":"Constructed","MAPPLUTO_BBL":"1004400048","NAME":null,"Shape__Area":107.4921875,"Shape__Length":41.542054664004795}},{"type":"Feature","id":541484,"geometry":{"type":"Polygon","coordinates":[[[-73.9832477246406,40.7277427312022],[-73.9832709085617,40.727710579198],[-73.9832860702878,40.727716907475],[-73.9832996699132,40.7276980482876],[-73.9832845081898,40.7276917209128],[-73.9833206262082,40.7276416326361],[-73.9833728755499,40.7276634424146],[-73.9833988670817,40.7276742855908],[-73.9833966326521,40.7276773839201],[-73.9833611090997,40.7277266465396],[-73.9833130859099,40.7277932430354],[-73.9832631634152,40.7277724088196],[-73.9832348461222,40.7277605909236],[-73.9832408176538,40.7277523098118],[-73.9832477246406,40.7277427312022]]]},"properties":{"OBJECTID":541484,"BASE_BBL":"1004370036","BIN":1005916,"CONSTRUCTION_YEAR":1910,"DOITT_ID":258091,"FEATURE_CODE":2100,"GEOM_SOURCE":"Photogrammetric","GROUND_ELEVATION":19,"HEIGHT_ROOF":52.4,"LAST_EDITED_DATE":1503427670000,"LAST_STATUS_TYPE":"Constructed","MAPPLUTO_BBL":"1004370036","NAME":null,"Shape__Area":191.9140625,"Shape__Length":63.56626325959792}},{"type":"Feature","id":545028,"geometry":{"type":"Polygon","coordinates":[[[-73.985287804043,40.7282805894092],[-73.9853269211952,40.7282269654924],[-73.9853892476616,40.7282532790825],[-73.9853501305443,40.7283069021198],[-73.985287804043,40.7282805894092]]]},"properties":{"OBJECTID":545028,"BASE_BBL":"1004500029","BIN":1079782,"CONSTRUCTION_YEAR":1900,"DOITT_ID":262781,"FEATURE_CODE":2100,"GEOM_SOURCE":"Photogrammetric","GROUND_ELEVATION":26,"HEIGHT_ROOF":53.76,"LAST_EDITED_DATE":1503426569000,"LAST_STATUS_TYPE":"Constructed","MAPPLUTO_BBL":"1004500029","NAME":null,"Shape__Area":71.48046875,"Shape__Length":33.88547725927898}},{"type":"Feature","id":548525,"geometry":{"type":"Polygon","coordinates":[[[-73.983785567736,40.7279967138869],[-73.9838773328145,40.7278694569405],[-73.9839541598342,40.727901518585],[-73.9838694794009,40.728018952032],[-73.9838628157613,40.7280161712274],[-73.9838421979929,40.7280447639977],[-73.9838488616347,40.728047543903],[-73.9838216246529,40.7280853146285],[-73.983744797485,40.7280532528964],[-73.983785567736,40.7279967138869]]]},"properties":{"OBJECTID":548525,"BASE_BBL":"1004370044","BIN":1005924,"CONSTRUCTION_YEAR":1920,"DOITT_ID":49537,"FEATURE_CODE":2100,"GEOM_SOURCE":"Photogrammetric","GROUND_ELEVATION":21,"HEIGHT_ROOF":65.03,"LAST_EDITED_DATE":1503428925000,"LAST_STATUS_TYPE":"Constructed","MAPPLUTO_BBL":"1004370044","NAME":null,"Shape__Area":296.3359375,"Shape__Length":82.7544340652989}},{"type":"Feature","id":548716,"geometry":{"type":"Polygon","coordinates":[[[-73.98467120565,40.7290640165278],[-73.9845024738864,40.7289930878824],[-73.9845487299502,40.728929406512],[-73.9848622702805,40.7290612069983],[-73.9848451280108,40.72908480798],[-73.9848203233846,40.7291189565095],[-73.9846755146187,40.7290580845492],[-73.98467120565,40.7290640165278]]]},"properties":{"OBJECTID":548716,"BASE_BBL":"1004520037","BIN":1006455,"CONSTRUCTION_YEAR":1920,"DOITT_ID":701579,"FEATURE_CODE":2100,"GEOM_SOURCE":"Photogrammetric","GROUND_ELEVATION":25,"HEIGHT_ROOF":34.81,"LAST_EDITED_DATE":1503424598000,"LAST_STATUS_TYPE":"Constructed","MAPPLUTO_BBL":"1004520037","NAME":null,"Shape__Area":407.87109375,"Shape__Length":101.18330789179878}},{"type":"Feature","id":551502,"geometry":{"type":"Polygon","coordinates":[[[-73.9810851824591,40.7286539490795],[-73.9811291467253,40.7285929864387],[-73.9812124095978,40.7286277362813],[-73.9811684442009,40.7286886998539],[-73.9810851824591,40.7286539490795]]]},"properties":{"OBJECTID":551502,"BASE_BBL":"1004050005","BIN":1083444,"CONSTRUCTION_YEAR":1920,"DOITT_ID":128755,"FEATURE_CODE":2100,"GEOM_SOURCE":"Photogrammetric","GROUND_ELEVATION":16,"HEIGHT_ROOF":33.72,"LAST_EDITED_DATE":1234569600000,"LAST_STATUS_TYPE":"Constructed","MAPPLUTO_BBL":"1004050005","NAME":null,"Shape__Area":107.984375,"Shape__Length":41.573645710575136}},{"type":"Feature","id":553648,"geometry":{"type":"Polygon","coordinates":[[[-73.9839342001371,40.7280731356962],[-73.9840185987078,40.7279560929843],[-73.9840323615812,40.7279370077058],[-73.984079317166,40.7279566029776],[-73.9841125560838,40.7279704745051],[-73.9840172034626,40.728102708252],[-73.9840143947542,40.7281066025632],[-73.9839342001371,40.7280731356962]]]},"properties":{"OBJECTID":553648,"BASE_BBL":"1004370046","BIN":1005926,"CONSTRUCTION_YEAR":1900,"DOITT_ID":203320,"FEATURE_CODE":2100,"GEOM_SOURCE":"Photogrammetric","GROUND_ELEVATION":23,"HEIGHT_ROOF":52.93,"LAST_EDITED_DATE":1503425533000,"LAST_STATUS_TYPE":"Constructed","MAPPLUTO_BBL":"1004370046","NAME":null,"Shape__Area":232.23046875,"Shape__Length":65.95758493569154}},{"type":"Feature","id":554064,"geometry":{"type":"Polygon","coordinates":[[[-73.9837863814722,40.7268705221295],[-73.9838228691865,40.7268203418899],[-73.9838438219707,40.7268291599146],[-73.9838614995274,40.7268231172758],[-73.9838560038999,40.7268122680726],[-73.9839541882399,40.7266772369489],[-73.9840270193024,40.7267078868956],[-73.984033249625,40.7267105091415],[-73.9839350653963,40.7268455394316],[-73.983922616878,40.7268488371596],[-73.9839225815724,40.726862707696],[-73.9839437817499,40.7268716301962],[-73.9839075202591,40.7269215007302],[-73.9838513892448,40.7268978788236],[-73.9837863814722,40.7268705221295]]]},"properties":{"OBJECTID":554064,"BASE_BBL":"1004350025","BIN":1005833,"CONSTRUCTION_YEAR":1920,"DOITT_ID":357834,"FEATURE_CODE":2100,"GEOM_SOURCE":"Photogrammetric","GROUND_ELEVATION":20,"HEIGHT_ROOF":65.57,"LAST_EDITED_DATE":1503424598000,"LAST_STATUS_TYPE":"Constructed","MAPPLUTO_BBL":"1004350025","NAME":null,"Shape__Area":382.86328125,"Shape__Length":100.30502296396755}},{"type":"Feature","id":559202,"geometry":{"type":"Polygon","coordinates":[[[-73.9850696767105,40.7293420451309],[-73.9850727210396,40.7293378545577],[-73.9850893792693,40.7293348634245],[-73.9851076037858,40.7293097731056],[-73.9851162667472,40.729313414082],[-73.9851329850718,40.7292903965355],[-73.9851243232962,40.7292867555606],[-73.9851431090499,40.7292608917714],[-73.9851368792116,40.7292495247458],[-73.9851658505673,40.7292096386435],[-73.9851785417318,40.729192166805],[-73.9852606711274,40.7292266902449],[-73.9852216799824,40.7292803708801],[-73.9852190086563,40.7292840482152],[-73.9852034585958,40.7292862605695],[-73.9851923268789,40.7293015857981],[-73.9851846728586,40.7293121234679],[-73.9851764478355,40.7293086662569],[-73.9851597295214,40.7293316838095],[-73.9851679533627,40.7293351410216],[-73.985149728862,40.7293602313499],[-73.9851548493762,40.7293723780723],[-73.9851512047109,40.7293773961378],[-73.9851152778499,40.7294268573468],[-73.9850331482829,40.7293923338041],[-73.9850696767105,40.7293420451309]]]},"properties":{"OBJECTID":559202,"BASE_BBL":"1004520042","BIN":1006458,"CONSTRUCTION_YEAR":1900,"DOITT_ID":582660,"FEATURE_CODE":2100,"GEOM_SOURCE":"Photogrammetric","GROUND_ELEVATION":26,"HEIGHT_ROOF":58.53,"LAST_EDITED_DATE":1503423769000,"LAST_STATUS_TYPE":"Constructed","MAPPLUTO_BBL":"1004520042","NAME":null,"Shape__Area":304.87890625,"Shape__Length":94.87073236754335}},{"type":"Feature","id":560415,"geometry":{"type":"Polygon","coordinates":[[[-73.9858981730827,40.7313706506307],[-73.9859097348169,40.7313547382593],[-73.9859343099959,40.7313209172626],[-73.9860175621556,40.7313559220615],[-73.9861151356352,40.7313969493272],[-73.9861026219146,40.7314141718442],[-73.9861580603522,40.7314374818795],[-73.9861370932414,40.7314663388543],[-73.9861344384559,40.7314699927982],[-73.9858981730827,40.7313706506307]]]},"properties":{"OBJECTID":560415,"BASE_BBL":"1004680039","BIN":1006871,"CONSTRUCTION_YEAR":1900,"DOITT_ID":349714,"FEATURE_CODE":2100,"GEOM_SOURCE":"Photogrammetric","GROUND_ELEVATION":30,"HEIGHT_ROOF":56.78,"LAST_EDITED_DATE":1503425522000,"LAST_STATUS_TYPE":"Constructed","MAPPLUTO_BBL":"1004680039","NAME":null,"Shape__Area":230.484375,"Shape__Length":76.83720683484466}},{"type":"Feature","id":561118,"geometry":{"type":"Polygon","coordinates":[[[-73.9853608868868,40.72865775075],[-73.9854074841095,40.728593541377],[-73.9854482922763,40.7285373079609],[-73.9855315134893,40.7285722590905],[-73.9854506609181,40.728683671567],[-73.9854407868521,40.7286972770078],[-73.9853575655306,40.7286623258133],[-73.9853608868868,40.72865775075]]]},"properties":{"OBJECTID":561118,"BASE_BBL":"1004510042","BIN":1006419,"CONSTRUCTION_YEAR":1900,"DOITT_ID":341831,"FEATURE_CODE":2100,"GEOM_SOURCE":"Photogrammetric","GROUND_ELEVATION":26,"HEIGHT_ROOF":54.79,"LAST_EDITED_DATE":1503430242000,"LAST_STATUS_TYPE":"Constructed","MAPPLUTO_BBL":"1004510042","NAME":null,"Shape__Area":221.98828125,"Shape__Length":63.100747208622515}},{"type":"Feature","id":562578,"geometry":{"type":"Polygon","coordinates":[[[-73.983582998633,40.7275646155843],[-73.983693239922,40.7274132511815],[-73.983715774548,40.7273823110794],[-73.9837202551838,40.7273761585348],[-73.9837984378667,40.7274091128815],[-73.9837565491475,40.7274666269936],[-73.9836611802853,40.7275975700232],[-73.983582998633,40.7275646155843]]]},"properties":{"OBJECTID":562578,"BASE_BBL":"1004360022","BIN":1005874,"CONSTRUCTION_YEAR":1900,"DOITT_ID":848690,"FEATURE_CODE":2100,"GEOM_SOURCE":"Photogrammetric","GROUND_ELEVATION":20,"HEIGHT_ROOF":57.48,"LAST_EDITED_DATE":1503423769000,"LAST_STATUS_TYPE":"Constructed","MAPPLUTO_BBL":"1004360022","NAME":null,"Shape__Area":314.890625,"Shape__Length":83.15763487410963}},{"type":"Feature","id":563163,"geometry":{"type":"Polygon","coordinates":[[[-73.9854127347235,40.7271728667076],[-73.985260327472,40.7271087319591],[-73.985302488206,40.7270507472664],[-73.9854597729391,40.7271169348355],[-73.9854176123,40.7271749195854],[-73.9854127347235,40.7271728667076]]]},"properties":{"OBJECTID":563163,"BASE_BBL":"1004350004","BIN":1005815,"CONSTRUCTION_YEAR":1853,"DOITT_ID":732327,"FEATURE_CODE":2100,"GEOM_SOURCE":"Photogrammetric","GROUND_ELEVATION":26,"HEIGHT_ROOF":49.51,"LAST_EDITED_DATE":1580232046000,"LAST_STATUS_TYPE":"Constructed","MAPPLUTO_BBL":"1004350004","NAME":null,"Shape__Area":194.76171875,"Shape__Length":59.50438034378982}},{"type":"Feature","id":564937,"geometry":{"type":"Polygon","coordinates":[[[-73.9837934212202,40.7300237180039],[-73.9841413532001,40.7295486490364],[-73.9846689309583,40.729772252857],[-73.9843210015722,40.7302473234042],[-73.9837934212202,40.7300237180039]]]},"properties":{"OBJECTID":564937,"BASE_BBL":"1004530034","BIN":1006478,"CONSTRUCTION_YEAR":1955,"DOITT_ID":346101,"FEATURE_CODE":2100,"GEOM_SOURCE":"Photogrammetric","GROUND_ELEVATION":24,"HEIGHT_ROOF":30.35,"LAST_EDITED_DATE":1503430228000,"LAST_STATUS_TYPE":"Constructed","MAPPLUTO_BBL":"1004530034","NAME":null,"Shape__Area":5370.8359375,"Shape__Length":294.2127614726387}},{"type":"Feature","id":565825,"geometry":{"type":"Polygon","coordinates":[[[-73.9812424694642,40.728719042874],[-73.9812883425392,40.7286554311869],[-73.9813171131813,40.7286674387405],[-73.9814103361454,40.7287063459033],[-73.9814312193919,40.7287150616955],[-73.9813853452284,40.7287786734389],[-73.9812844998669,40.728736585321],[-73.9812424694642,40.728719042874]]]},"properties":{"OBJECTID":565825,"BASE_BBL":"1004050005","BIN":1083445,"CONSTRUCTION_YEAR":1920,"DOITT_ID":699997,"FEATURE_CODE":2100,"GEOM_SOURCE":"Photogrammetric","GROUND_ELEVATION":17,"HEIGHT_ROOF":41.38,"LAST_EDITED_DATE":1503423778000,"LAST_STATUS_TYPE":"Constructed","MAPPLUTO_BBL":"1004050005","NAME":null,"Shape__Area":193.3515625,"Shape__Length":57.61244641232793}},{"type":"Feature","id":566461,"geometry":{"type":"Polygon","coordinates":[[[-73.9859916318227,40.7282233624798],[-73.9860112777271,40.7281964297459],[-73.9861098527538,40.7280612960002],[-73.9861845493057,40.7280928291009],[-73.986076136051,40.7282414522447],[-73.9860363611564,40.7282959777454],[-73.9860330494023,40.728294579754],[-73.9859616644468,40.7282644445495],[-73.9859916318227,40.7282233624798]]]},"properties":{"OBJECTID":566461,"BASE_BBL":"1004500042","BIN":1006390,"CONSTRUCTION_YEAR":1900,"DOITT_ID":68067,"FEATURE_CODE":2100,"GEOM_SOURCE":"Photogrammetric","GROUND_ELEVATION":28,"HEIGHT_ROOF":58.3,"LAST_EDITED_DATE":1503426555000,"LAST_STATUS_TYPE":"Constructed","MAPPLUTO_BBL":"1004500042","NAME":null,"Shape__Area":324.5546875,"Shape__Length":87.2319448820166}},{"type":"Feature","id":569529,"geometry":{"type":"Polygon","coordinates":[[[-73.98321800454,40.7270309510436],[-73.9832476036284,40.7269903108767],[-73.9833346446557,40.7268708025388],[-73.983516391415,40.7269474124903],[-73.9834759911554,40.7270028843625],[-73.9834425860036,40.7269888037074],[-73.9834274437758,40.7269855930155],[-73.9834143369646,40.7270035887027],[-73.9834205400675,40.7270062037737],[-73.9833913934047,40.7270462226989],[-73.9834319260541,40.7270633075921],[-73.9833997089935,40.7271075422607],[-73.9832942549789,40.727063092293],[-73.98321800454,40.7270309510436]]]},"properties":{"OBJECTID":569529,"BASE_BBL":"1004360036","BIN":1005882,"CONSTRUCTION_YEAR":1907,"DOITT_ID":712480,"FEATURE_CODE":2100,"GEOM_SOURCE":"Photogrammetric","GROUND_ELEVATION":17,"HEIGHT_ROOF":66.51,"LAST_EDITED_DATE":1503430243000,"LAST_STATUS_TYPE":"Constructed","MAPPLUTO_BBL":"1004360036","NAME":null,"Shape__Area":567.25390625,"Shape__Length":111.58837886897946}},{"type":"Feature","id":570730,"geometry":{"type":"Polygon","coordinates":[[[-73.98818134242,40.7285967464644],[-73.9881646933657,40.7285898828772],[-73.9881616530729,40.7285793006852],[-73.9881313472158,40.7285668075083],[-73.988137502936,40.7285581668594],[-73.9881016600401,40.7285433912147],[-73.9880951408218,40.7285525442136],[-73.9880389453142,40.7285293782038],[-73.9880232475609,40.7285315747146],[-73.9879486394699,40.7285008181562],[-73.9879871948001,40.7284466907948],[-73.9879934061774,40.7284379700141],[-73.9880322033446,40.7284539634877],[-73.9880680142187,40.7284687265437],[-73.9880734393987,40.7284809533146],[-73.9881313819245,40.7285048398949],[-73.9881267275447,40.728511374408],[-73.9881635362767,40.7285265472686],[-73.9881681906538,40.7285200136546],[-73.9881957824165,40.7285313872112],[-73.9882094599291,40.7285270355524],[-73.9882807149228,40.7285564084189],[-73.9882359472231,40.7286192557711],[-73.98818134242,40.7285967464644]]]},"properties":{"OBJECTID":570730,"BASE_BBL":"1004630030","BIN":1006678,"CONSTRUCTION_YEAR":1900,"DOITT_ID":370487,"FEATURE_CODE":2100,"GEOM_SOURCE":"Photogrammetric","GROUND_ELEVATION":36,"HEIGHT_ROOF":66.7,"LAST_EDITED_DATE":1503423778000,"LAST_STATUS_TYPE":"Constructed","MAPPLUTO_BBL":"1004630030","NAME":null,"Shape__Area":329.3359375,"Shape__Length":101.02483960289888}},{"type":"Feature","id":571521,"geometry":{"type":"Polygon","coordinates":[[[-73.9867935612791,40.7281125676618],[-73.986885679535,40.7279848166833],[-73.9869226688226,40.7279335197958],[-73.9869706348797,40.7279535363419],[-73.9870020741158,40.7279666558071],[-73.9869715319443,40.7280090113958],[-73.9868729655376,40.7281457046617],[-73.9867935612791,40.7281125676618]]]},"properties":{"OBJECTID":571521,"BASE_BBL":"1004490015","BIN":1006321,"CONSTRUCTION_YEAR":1920,"DOITT_ID":519591,"FEATURE_CODE":2100,"GEOM_SOURCE":"Photogrammetric","GROUND_ELEVATION":28,"HEIGHT_ROOF":58.64,"LAST_EDITED_DATE":1503425508000,"LAST_STATUS_TYPE":"Constructed","MAPPLUTO_BBL":"1004490015","NAME":null,"Shape__Area":302.4453125,"Shape__Length":80.12592557491668}},{"type":"Feature","id":574915,"geometry":{"type":"Polygon","coordinates":[[[-73.9845419410033,40.7292979658417],[-73.9845002668723,40.7292804471459],[-73.9843420523793,40.7292139393797],[-73.984382377509,40.7291584257868],[-73.9845094449417,40.7292118404177],[-73.9846640850571,40.7292768454294],[-73.9846237612739,40.7293323600207],[-73.9845419410033,40.7292979658417]]]},"properties":{"OBJECTID":574915,"BASE_BBL":"1004520033","BIN":1006452,"CONSTRUCTION_YEAR":1900,"DOITT_ID":51216,"FEATURE_CODE":2100,"GEOM_SOURCE":"Photogrammetric","GROUND_ELEVATION":22,"HEIGHT_ROOF":64.35,"LAST_EDITED_DATE":1503427653000,"LAST_STATUS_TYPE":"Constructed","MAPPLUTO_BBL":"1004520033","NAME":null,"Shape__Area":333.82421875,"Shape__Length":90.34015393582227}},{"type":"Feature","id":579765,"geometry":{"type":"Polygon","coordinates":[[[-73.9853943370368,40.727904972782],[-73.9854756208155,40.727793543278],[-73.9855043776062,40.7278056839609],[-73.98555546899,40.7278272530672],[-73.9854900458739,40.7279169409374],[-73.9854741853037,40.727938682627],[-73.9853991270784,40.7279069950319],[-73.9853943370368,40.727904972782]]]},"properties":{"OBJECTID":579765,"BASE_BBL":"1004500033","BIN":1077696,"CONSTRUCTION_YEAR":1900,"DOITT_ID":120588,"FEATURE_CODE":2100,"GEOM_SOURCE":"Photogrammetric","GROUND_ELEVATION":26,"HEIGHT_ROOF":52.15,"LAST_EDITED_DATE":1503423756000,"LAST_STATUS_TYPE":"Constructed","MAPPLUTO_BBL":"1004500033","NAME":null,"Shape__Area":190.30078125,"Shape__Length":57.75570649700177}},{"type":"Feature","id":579947,"geometry":{"type":"Polygon","coordinates":[[[-73.9845360225776,40.7308121001553],[-73.9845665367084,40.7307701585582],[-73.9845864676028,40.7307656028528],[-73.9846022474438,40.7307439135126],[-73.984612197158,40.7307431052851],[-73.9846343796186,40.7307126143241],[-73.9846306667626,40.7307048505441],[-73.9846588504051,40.7306661108196],[-73.9846514856019,40.7306533928558],[-73.9846870357119,40.7306045278862],[-73.9848122442494,40.7306572413292],[-73.9847759659608,40.7307071067058],[-73.9846985033377,40.7308135824819],[-73.9846612325694,40.730864813761],[-73.9845360225776,40.7308121001553]],[[-73.9846676509208,40.7307928738853],[-73.984682555664,40.7307723883976],[-73.9847041643617,40.7307814855058],[-73.98471742551,40.7307632582708],[-73.9846695990022,40.7307431228459],[-73.9846579163006,40.7307591809605],[-73.9846604383916,40.7307665330486],[-73.9846441801722,40.7307888797042],[-73.98465310197,40.7308001579625],[-73.9846683478899,40.7307991838418],[-73.9846676509208,40.7307928738853]],[[-73.9846800850757,40.7307315112823],[-73.9847118068532,40.730744866438],[-73.9847086757558,40.7307347407037],[-73.9847347125287,40.7306989534434],[-73.9847446006877,40.7306981064745],[-73.9847369576293,40.730685612706],[-73.9847194268792,40.7306874447175],[-73.9846905647529,40.7307271163929],[-73.9846800850757,40.7307315112823]]]},"properties":{"OBJECTID":579947,"BASE_BBL":"1004540059","BIN":1006505,"CONSTRUCTION_YEAR":1900,"DOITT_ID":207566,"FEATURE_CODE":2100,"GEOM_SOURCE":"Photogrammetric","GROUND_ELEVATION":24,"HEIGHT_ROOF":73.47,"LAST_EDITED_DATE":1503425494000,"LAST_STATUS_TYPE":"Constructed","MAPPLUTO_BBL":"1004540059","NAME":null,"Shape__Area":468.2265625,"Shape__Length":155.99703339252255}},{"type":"Feature","id":580825,"geometry":{"type":"Polygon","coordinates":[[[-73.9833611090997,40.7277266465396],[-73.9833966326521,40.7276773839201],[-73.9833988670817,40.7276742855908],[-73.98347564867,40.7277063286382],[-73.9834648163737,40.7277213493741],[-73.9834378907302,40.727758689612],[-73.983426963837,40.7277637191836],[-73.983407390353,40.7277908631084],[-73.9833959675507,40.7277860959686],[-73.9833807883185,40.7278071449771],[-73.9833922111233,40.7278119121184],[-73.9833747761332,40.7278360918703],[-73.9833741412868,40.7278470941971],[-73.9833558051642,40.7278725228219],[-73.9833372937777,40.7278981936553],[-73.9832605120349,40.7278661505164],[-73.9832973607691,40.7278150501823],[-73.9833037994573,40.7278131159222],[-73.9833130555891,40.7278103346911],[-73.9833304917786,40.7277861549485],[-73.9833426057912,40.7277912103577],[-73.9833577850318,40.7277701613541],[-73.9833456710222,40.7277651050461],[-73.9833652445237,40.7277379611317],[-73.9833611090997,40.7277266465396]]]},"properties":{"OBJECTID":580825,"BASE_BBL":"1004370037","BIN":1005917,"CONSTRUCTION_YEAR":1900,"DOITT_ID":634533,"FEATURE_CODE":2100,"GEOM_SOURCE":"Photogrammetric","GROUND_ELEVATION":19,"HEIGHT_ROOF":58.51,"LAST_EDITED_DATE":1503427631000,"LAST_STATUS_TYPE":"Constructed","MAPPLUTO_BBL":"1004370037","NAME":null,"Shape__Area":277.09375,"Shape__Length":91.01068792259278}},{"type":"Feature","id":582256,"geometry":{"type":"Polygon","coordinates":[[[-73.985009411966,40.728929116199],[-73.9850404625392,40.7288863316592],[-73.9851065723871,40.7289140975114],[-73.9851363523586,40.7288730633706],[-73.9851170262322,40.7288649472902],[-73.985162854175,40.7288017996185],[-73.9850769294889,40.7287657114311],[-73.9850526354382,40.7287991864977],[-73.9849407067838,40.728752177962],[-73.9849372504067,40.7287569403013],[-73.9848802238421,40.728732989199],[-73.9847944982445,40.7286969854745],[-73.9847371036789,40.7286728802656],[-73.9847514443073,40.7286531195979],[-73.9847612280452,40.7286572290143],[-73.9848147895164,40.7285834258805],[-73.9848050046023,40.7285793164684],[-73.9848187448538,40.7285603832806],[-73.9851333137532,40.7286925001503],[-73.985210337577,40.7287248491411],[-73.9854494060356,40.7288252557119],[-73.9854482811549,40.7288268053455],[-73.9854721678009,40.728836837328],[-73.9855231309743,40.7288582407357],[-73.985501345006,40.7288882600588],[-73.9854736279307,40.7289264525483],[-73.9853691652463,40.7290703982654],[-73.9853007849448,40.7290416795365],[-73.9852953286457,40.7290491980885],[-73.985009411966,40.728929116199]]]},"properties":{"OBJECTID":582256,"BASE_BBL":"1004510026","BIN":1006416,"CONSTRUCTION_YEAR":1999,"DOITT_ID":913190,"FEATURE_CODE":2100,"GEOM_SOURCE":"Other (Manual)","GROUND_ELEVATION":26,"HEIGHT_ROOF":169,"LAST_EDITED_DATE":1503429546000,"LAST_STATUS_TYPE":"Constructed","MAPPLUTO_BBL":"1004517502","NAME":"Theatre for the New City","Shape__Area":2322.29296875,"Shape__Length":285.8995991988897}},{"type":"Feature","id":583098,"geometry":{"type":"Polygon","coordinates":[[[-73.9808412163781,40.7291034472638],[-73.9809107504756,40.7290070314264],[-73.9809829258636,40.7290371554817],[-73.9809803182524,40.7290407714945],[-73.9809437489042,40.7290914794039],[-73.9809313763469,40.7291086356507],[-73.9809133930227,40.7291335713625],[-73.9808412163781,40.7291034472638]]]},"properties":{"OBJECTID":583098,"BASE_BBL":"1004060063","BIN":1005233,"CONSTRUCTION_YEAR":1910,"DOITT_ID":507513,"FEATURE_CODE":2100,"GEOM_SOURCE":"Photogrammetric","GROUND_ELEVATION":17,"HEIGHT_ROOF":38.47,"LAST_EDITED_DATE":1503425508000,"LAST_STATUS_TYPE":"Constructed","MAPPLUTO_BBL":"1004060063","NAME":null,"Shape__Area":148.04296875,"Shape__Length":50.62599272942873}},{"type":"Feature","id":586071,"geometry":{"type":"Polygon","coordinates":[[[-73.983479597475,40.7282700414967],[-73.9835736133449,40.7281396648566],[-73.9835760644758,40.7281362666855],[-73.9835965272669,40.7281078891628],[-73.9836218828212,40.7280727251964],[-73.9836423921428,40.7280812838466],[-73.9837025021915,40.7281063697414],[-73.9836869819569,40.7281278924087],[-73.9835602158287,40.7283036852397],[-73.983479597475,40.7282700414967]]]},"properties":{"OBJECTID":586071,"BASE_BBL":"1004370015","BIN":1005904,"CONSTRUCTION_YEAR":1900,"DOITT_ID":703744,"FEATURE_CODE":2100,"GEOM_SOURCE":"Photogrammetric","GROUND_ELEVATION":21,"HEIGHT_ROOF":55.68,"LAST_EDITED_DATE":1503427613000,"LAST_STATUS_TYPE":"Constructed","MAPPLUTO_BBL":"1004370015","NAME":null,"Shape__Area":338.40625,"Shape__Length":86.55118701304724}},{"type":"Feature","id":588664,"geometry":{"type":"Polygon","coordinates":[[[-73.9830373937819,40.7303095719649],[-73.9829042807013,40.7302534325828],[-73.9829423221658,40.7302012339353],[-73.9831443980794,40.7302864572101],[-73.9831484034787,40.73028814625],[-73.9831514004262,40.7302894110027],[-73.9831133602589,40.7303416097188],[-73.9830373937819,40.7303095719649]]]},"properties":{"OBJECTID":588664,"BASE_BBL":"1004400006","BIN":1005980,"CONSTRUCTION_YEAR":1900,"DOITT_ID":200320,"FEATURE_CODE":2100,"GEOM_SOURCE":"Photogrammetric","GROUND_ELEVATION":22,"HEIGHT_ROOF":39.27,"LAST_EDITED_DATE":1503423023000,"LAST_STATUS_TYPE":"Constructed","MAPPLUTO_BBL":"1004400006","NAME":null,"Shape__Area":233.3203125,"Shape__Length":70.79177860233044}},{"type":"Feature","id":589197,"geometry":{"type":"Polygon","coordinates":[[[-73.985526000278,40.7291473980772],[-73.9855618390703,40.7290980141709],[-73.9855744818311,40.7290957743887],[-73.985586995257,40.7290785321124],[-73.985594792415,40.7290680115431],[-73.9856093471936,40.7290479554296],[-73.9856164185972,40.72903798678],[-73.985628647821,40.7290211370854],[-73.9856270253487,40.7290081893673],[-73.985659679994,40.7289631932116],[-73.9857350390251,40.728994842848],[-73.9857083900816,40.7290315640943],[-73.9857023844152,40.7290398390248],[-73.9856856133528,40.7290450616937],[-73.985666954563,40.7290707716009],[-73.9856521746227,40.7290645634539],[-73.9856353996938,40.7290876792247],[-73.9856501808216,40.7290938864735],[-73.9856314485909,40.7291196990237],[-73.9856371982075,40.7291296638706],[-73.9856013594541,40.7291790468998],[-73.985526000278,40.7291473980772]]]},"properties":{"OBJECTID":589197,"BASE_BBL":"1004510023","BIN":1006413,"CONSTRUCTION_YEAR":1900,"DOITT_ID":570717,"FEATURE_CODE":2100,"GEOM_SOURCE":"Photogrammetric","GROUND_ELEVATION":27,"HEIGHT_ROOF":67.38,"LAST_EDITED_DATE":1503426534000,"LAST_STATUS_TYPE":"Constructed","MAPPLUTO_BBL":"1004510023","NAME":null,"Shape__Area":256.55078125,"Shape__Length":86.58703110382284}},{"type":"Feature","id":592562,"geometry":{"type":"Polygon","coordinates":[[[-73.9829918852046,40.727499711164],[-73.9830009693989,40.7275026283534],[-73.9830849858259,40.7275376921365],[-73.9830395734919,40.7276006679568],[-73.9830281069559,40.7275958827637],[-73.982967358488,40.7275705298701],[-73.9829529543165,40.7275645186423],[-73.9829451391371,40.7275612576426],[-73.9829918852046,40.727499711164]]]},"properties":{"OBJECTID":592562,"BASE_BBL":"1004370031","BIN":1077656,"CONSTRUCTION_YEAR":1900,"DOITT_ID":86438,"FEATURE_CODE":2100,"GEOM_SOURCE":"Photogrammetric","GROUND_ELEVATION":19,"HEIGHT_ROOF":55.89,"LAST_EDITED_DATE":1538587270000,"LAST_STATUS_TYPE":"Constructed","MAPPLUTO_BBL":"1004370031","NAME":null,"Shape__Area":125.2265625,"Shape__Length":44.74989545874661}},{"type":"Feature","id":598281,"geometry":{"type":"Polygon","coordinates":[[[-73.9861589339998,40.7289805917905],[-73.9862394838102,40.7288695948203],[-73.9863192153334,40.728903079834],[-73.9862821505139,40.7289541540864],[-73.9862386644316,40.7290140768594],[-73.9861589339998,40.7289805917905]]]},"properties":{"OBJECTID":598281,"BASE_BBL":"1004510053","BIN":1082517,"CONSTRUCTION_YEAR":1900,"DOITT_ID":826317,"FEATURE_CODE":2100,"GEOM_SOURCE":"Photogrammetric","GROUND_ELEVATION":29,"HEIGHT_ROOF":51.73,"LAST_EDITED_DATE":1503423022000,"LAST_STATUS_TYPE":"Constructed","MAPPLUTO_BBL":"1004510053","NAME":null,"Shape__Area":188.8203125,"Shape__Length":57.51123681069157}},{"type":"Feature","id":599758,"geometry":{"type":"Polygon","coordinates":[[[-73.9837540174644,40.7259843958729],[-73.9840172551701,40.7260952205505],[-73.9840703414442,40.7261175704388],[-73.9840305246963,40.7261723077769],[-73.9837142005363,40.7260391331026],[-73.9837540174644,40.7259843958729]]]},"properties":{"OBJECTID":599758,"BASE_BBL":"1004340029","BIN":1005791,"CONSTRUCTION_YEAR":1908,"DOITT_ID":307867,"FEATURE_CODE":2100,"GEOM_SOURCE":"Photogrammetric","GROUND_ELEVATION":18,"HEIGHT_ROOF":92.79,"LAST_EDITED_DATE":1503423745000,"LAST_STATUS_TYPE":"Constructed","MAPPLUTO_BBL":"1004340029","NAME":null,"Shape__Area":369.83203125,"Shape__Length":98.92629050459269}},{"type":"Feature","id":600747,"geometry":{"type":"Polygon","coordinates":[[[-73.9878104589749,40.7289655580273],[-73.9877310060478,40.728931749893],[-73.987656078245,40.7288998674767],[-73.9876900337884,40.728853684914],[-73.9876964881577,40.7288564312551],[-73.987911094758,40.7289477484655],[-73.9878771381363,40.7289939301921],[-73.9878104589749,40.7289655580273]]]},"properties":{"OBJECTID":600747,"BASE_BBL":"1004640039","BIN":1079841,"CONSTRUCTION_YEAR":1884,"DOITT_ID":171452,"FEATURE_CODE":2100,"GEOM_SOURCE":"Photogrammetric","GROUND_ELEVATION":35,"HEIGHT_ROOF":45.85,"LAST_EDITED_DATE":1503424551000,"LAST_STATUS_TYPE":"Constructed","MAPPLUTO_BBL":"1004640039","NAME":null,"Shape__Area":219.1796875,"Shape__Length":71.97661239754532}},{"type":"Feature","id":603752,"geometry":{"type":"Polygon","coordinates":[[[-73.9808267476078,40.7287948143665],[-73.9808731954677,40.7287304077917],[-73.9809045202457,40.7287434811744],[-73.9809212110232,40.7287385743665],[-73.9809521517123,40.7286956720424],[-73.9809506493376,40.7286881786597],[-73.980949289989,40.7286814030062],[-73.9809179652314,40.7286683296355],[-73.9809581177392,40.7286126524155],[-73.9809816118844,40.7286224574363],[-73.9810102089643,40.7285828037448],[-73.9810746539454,40.7286097008468],[-73.9810842303302,40.7286136979779],[-73.9809791485307,40.7287594064165],[-73.9809728861739,40.7287567921053],[-73.9809723568122,40.7287742015554],[-73.9809921818957,40.728782476003],[-73.9809470675229,40.7288450313998],[-73.9808267476078,40.7287948143665]]]},"properties":{"OBJECTID":603752,"BASE_BBL":"1004050010","BIN":1005168,"CONSTRUCTION_YEAR":1930,"DOITT_ID":482144,"FEATURE_CODE":2100,"GEOM_SOURCE":"Photogrammetric","GROUND_ELEVATION":16,"HEIGHT_ROOF":63.07,"LAST_EDITED_DATE":1503423745000,"LAST_STATUS_TYPE":"Constructed","MAPPLUTO_BBL":"1004050010","NAME":null,"Shape__Area":417.578125,"Shape__Length":114.41864258884343}},{"type":"Feature","id":608811,"geometry":{"type":"Polygon","coordinates":[[[-73.9837540174644,40.7259843958729],[-73.9837931298035,40.7259306274777],[-73.9840563673618,40.7260414520668],[-73.9840172551701,40.7260952205505],[-73.9837540174644,40.7259843958729]]]},"properties":{"OBJECTID":608811,"BASE_BBL":"1004340030","BIN":1005792,"CONSTRUCTION_YEAR":1920,"DOITT_ID":658668,"FEATURE_CODE":2100,"GEOM_SOURCE":"Other (Manual)","GROUND_ELEVATION":20,"HEIGHT_ROOF":71,"LAST_EDITED_DATE":1503430287000,"LAST_STATUS_TYPE":"Constructed","MAPPLUTO_BBL":"1004347504","NAME":null,"Shape__Area":302.3203125,"Shape__Length":85.08076424267277}},{"type":"Feature","id":611613,"geometry":{"type":"Polygon","coordinates":[[[-73.9854532547968,40.7281289296061],[-73.9852040395435,40.7280237184156],[-73.9852437439125,40.7279692895457],[-73.9852477669792,40.727970988421],[-73.9853763241334,40.72802526048],[-73.9855198446573,40.7280858504471],[-73.9854801404441,40.7281402803118],[-73.9854532547968,40.7281289296061]]]},"properties":{"OBJECTID":611613,"BASE_BBL":"1004500032","BIN":1006382,"CONSTRUCTION_YEAR":1900,"DOITT_ID":830030,"FEATURE_CODE":2100,"GEOM_SOURCE":"Photogrammetric","GROUND_ELEVATION":26,"HEIGHT_ROOF":50.26,"LAST_EDITED_DATE":1503423747000,"LAST_STATUS_TYPE":"Constructed","MAPPLUTO_BBL":"1004500032","NAME":null,"Shape__Area":321.41796875,"Shape__Length":88.63737524479458}},{"type":"Feature","id":611617,"geometry":{"type":"Polygon","coordinates":[[[-73.9855238660004,40.7305807906419],[-73.9854980085498,40.7306160981327],[-73.9854909737367,40.730625702972],[-73.9854811683671,40.7306215476901],[-73.9854441873066,40.7306720426444],[-73.9854539926812,40.7306761988299],[-73.985420719038,40.7307216315851],[-73.9852466476971,40.7306478586642],[-73.9852551698012,40.7306362215823],[-73.985152096439,40.7305925372746],[-73.9851435731387,40.7306041743487],[-73.9850788690125,40.7305767518003],[-73.984879455409,40.7304922355708],[-73.9848696473127,40.7303804145237],[-73.9848969426837,40.7303790286215],[-73.9849326771169,40.7303302356392],[-73.9850371442619,40.7303745110598],[-73.9850468196995,40.7303612991531],[-73.9851079336094,40.7303872002971],[-73.9852582518723,40.7304509072086],[-73.9852485764634,40.7304641200334],[-73.985315466748,40.7304924684885],[-73.9853308057649,40.7304715246126],[-73.9854003995456,40.7305010188095],[-73.9853850605435,40.7305219635952],[-73.9854514407911,40.7305500957843],[-73.9855238660004,40.7305807906419]]]},"properties":{"OBJECTID":611617,"BASE_BBL":"1004530011","BIN":1082513,"CONSTRUCTION_YEAR":1940,"DOITT_ID":768266,"FEATURE_CODE":2100,"GEOM_SOURCE":"Photogrammetric","GROUND_ELEVATION":28,"HEIGHT_ROOF":49.13,"LAST_EDITED_DATE":1503423022000,"LAST_STATUS_TYPE":"Constructed","MAPPLUTO_BBL":"1004530011","NAME":null,"Shape__Area":1814.84765625,"Shape__Length":213.69698416890205}},{"type":"Feature","id":611809,"geometry":{"type":"Polygon","coordinates":[[[-73.9849397982161,40.7283935790045],[-73.9849786398849,40.7283400569283],[-73.9851036029703,40.7283925413101],[-73.9850647613715,40.7284460625275],[-73.9849397982161,40.7283935790045]]]},"properties":{"OBJECTID":611809,"BASE_BBL":"1004510039","BIN":1079106,"CONSTRUCTION_YEAR":1900,"DOITT_ID":359351,"FEATURE_CODE":2100,"GEOM_SOURCE":"Photogrammetric","GROUND_ELEVATION":26,"HEIGHT_ROOF":41.31,"LAST_EDITED_DATE":1503427612000,"LAST_STATUS_TYPE":"Constructed","MAPPLUTO_BBL":"1004510039","NAME":null,"Shape__Area":142.703125,"Shape__Length":49.75413655871863}},{"type":"Feature","id":612613,"geometry":{"type":"Polygon","coordinates":[[[-73.9819646168038,40.729688525756],[-73.9819130249117,40.7297567852317],[-73.9819116152333,40.7297561870725],[-73.9818376112411,40.7297249754995],[-73.9817645719585,40.7296941710614],[-73.9817859643219,40.7296648160609],[-73.981819459052,40.7296188566859],[-73.9819077814197,40.7294976666199],[-73.9819446378693,40.7294470944292],[-73.9820945036688,40.7295103011239],[-73.9820175829239,40.7296158485753],[-73.9819646168038,40.729688525756]]]},"properties":{"OBJECTID":612613,"BASE_BBL":"1004400043","BIN":1082612,"CONSTRUCTION_YEAR":1900,"DOITT_ID":85857,"FEATURE_CODE":2100,"GEOM_SOURCE":null,"GROUND_ELEVATION":18,"HEIGHT_ROOF":59,"LAST_EDITED_DATE":1733769390000,"LAST_STATUS_TYPE":null,"MAPPLUTO_BBL":"1004407503","NAME":null,"Shape__Area":790.59375,"Shape__Length":120.93202990751305}},{"type":"Feature","id":614208,"geometry":{"type":"Polygon","coordinates":[[[-73.9858459920197,40.7277154306174],[-73.9858869935397,40.7276585703086],[-73.9859357754057,40.7275909210367],[-73.9859545117516,40.7275879192252],[-73.9859659390435,40.7275720716602],[-73.9859531999298,40.7275667553031],[-73.985984830689,40.7275228899608],[-73.9860630833808,40.7275555465101],[-73.9860392046398,40.7275886607364],[-73.9860314514739,40.7275994118735],[-73.9860184424881,40.7275939829272],[-73.986007015205,40.7276098304975],[-73.9860140269696,40.7276235776188],[-73.9860082464269,40.7276315932476],[-73.9859242436858,40.7277480872599],[-73.9858459920197,40.7277154306174]]]},"properties":{"OBJECTID":614208,"BASE_BBL":"1004490027","BIN":1006332,"CONSTRUCTION_YEAR":1929,"DOITT_ID":338593,"FEATURE_CODE":2100,"GEOM_SOURCE":"Photogrammetric","GROUND_ELEVATION":27,"HEIGHT_ROOF":58.94,"LAST_EDITED_DATE":1503428865000,"LAST_STATUS_TYPE":"Constructed","MAPPLUTO_BBL":"1004490027","NAME":null,"Shape__Area":309.5546875,"Shape__Length":89.13433904679661}},{"type":"Feature","id":614752,"geometry":{"type":"Polygon","coordinates":[[[-73.9848979169213,40.7284512889354],[-73.9849397982161,40.7283935790045],[-73.9850647613715,40.7284460625275],[-73.9850813922875,40.7284530481294],[-73.9850395110779,40.7285107581113],[-73.9848979169213,40.7284512889354]]]},"properties":{"OBJECTID":614752,"BASE_BBL":"1004510038","BIN":1076847,"CONSTRUCTION_YEAR":1900,"DOITT_ID":158360,"FEATURE_CODE":2100,"GEOM_SOURCE":"Photogrammetric","GROUND_ELEVATION":26,"HEIGHT_ROOF":49.66,"LAST_EDITED_DATE":1503427571000,"LAST_STATUS_TYPE":"Constructed","MAPPLUTO_BBL":"1004510038","NAME":null,"Shape__Area":174.3515625,"Shape__Length":55.391852656656326}},{"type":"Feature","id":616730,"geometry":{"type":"Polygon","coordinates":[[[-73.9868517641184,40.7286010823824],[-73.9868781327877,40.728564935362],[-73.9868973690776,40.7285730556394],[-73.9869435325207,40.7285097695171],[-73.9869242962436,40.7285016483468],[-73.9869781321848,40.7284278451371],[-73.987054561202,40.7284601099813],[-73.9869927744874,40.7285448147895],[-73.986977239393,40.7285382564289],[-73.986927534489,40.7286063968058],[-73.986912659348,40.728626789841],[-73.9868517641184,40.7286010823824]]]},"properties":{"OBJECTID":616730,"BASE_BBL":"1004500003","BIN":1079105,"CONSTRUCTION_YEAR":1938,"DOITT_ID":512643,"FEATURE_CODE":2100,"GEOM_SOURCE":"Photogrammetric","GROUND_ELEVATION":31,"HEIGHT_ROOF":72.18,"LAST_EDITED_DATE":1503423725000,"LAST_STATUS_TYPE":"Constructed","MAPPLUTO_BBL":"1004500003","NAME":null,"Shape__Area":227.72265625,"Shape__Length":82.53523611082736}},{"type":"Feature","id":616831,"geometry":{"type":"Polygon","coordinates":[[[-73.9834041822883,40.7282385677731],[-73.9834204403511,40.7282160213717],[-73.9834981970775,40.7281081920943],[-73.9835724475039,40.7281391784155],[-73.9835736133449,40.7281396648566],[-73.983479597475,40.7282700414967],[-73.9834041822883,40.7282385677731]]]},"properties":{"OBJECTID":616831,"BASE_BBL":"1004370016","BIN":1076960,"CONSTRUCTION_YEAR":1900,"DOITT_ID":31802,"FEATURE_CODE":2100,"GEOM_SOURCE":"Photogrammetric","GROUND_ELEVATION":20,"HEIGHT_ROOF":54.05,"LAST_EDITED_DATE":1503430185000,"LAST_STATUS_TYPE":"Constructed","MAPPLUTO_BBL":"1004370016","NAME":null,"Shape__Area":209.1640625,"Shape__Length":62.81764549679679}},{"type":"Feature","id":619228,"geometry":{"type":"Polygon","coordinates":[[[-73.984692861647,40.7295811743917],[-73.9847711387384,40.7294734091806],[-73.9848056177119,40.7294259416146],[-73.9848198317781,40.7294063736327],[-73.9848983571074,40.7294393830997],[-73.9847713883031,40.7296141839446],[-73.984692861647,40.7295811743917]]]},"properties":{"OBJECTID":619228,"BASE_BBL":"1004520025","BIN":1006446,"CONSTRUCTION_YEAR":1900,"DOITT_ID":769108,"FEATURE_CODE":2100,"GEOM_SOURCE":"Photogrammetric","GROUND_ELEVATION":26,"HEIGHT_ROOF":53.7,"LAST_EDITED_DATE":1503428845000,"LAST_STATUS_TYPE":"Constructed","MAPPLUTO_BBL":"1004520025","NAME":null,"Shape__Area":293,"Shape__Length":78.61463573327109}},{"type":"Feature","id":621284,"geometry":{"type":"Polygon","coordinates":[[[-73.9839677300657,40.7289047720224],[-73.9839429535494,40.7288943550865],[-73.9839554851174,40.7288771057855],[-73.9839430477447,40.7288718765983],[-73.9838254017526,40.7288224113945],[-73.9838553186361,40.7287812317212],[-73.9839590500679,40.7288248470531],[-73.9841428150597,40.728902111846],[-73.9841492266854,40.728904807051],[-73.984106777206,40.7289632352181],[-73.9839677300657,40.7289047720224]]]},"properties":{"OBJECTID":621284,"BASE_BBL":"1004380003","BIN":1005930,"CONSTRUCTION_YEAR":1900,"DOITT_ID":362659,"FEATURE_CODE":2100,"GEOM_SOURCE":"Photogrammetric","GROUND_ELEVATION":22,"HEIGHT_ROOF":57.76,"LAST_EDITED_DATE":1503424529000,"LAST_STATUS_TYPE":"Constructed","MAPPLUTO_BBL":"1004380003","NAME":null,"Shape__Area":318.69140625,"Shape__Length":94.42791896117569}},{"type":"Feature","id":621298,"geometry":{"type":"Polygon","coordinates":[[[-73.9863591056938,40.7268737489345],[-73.9861402515363,40.7267814881621],[-73.9861797022185,40.7267273272816],[-73.9864603208111,40.7268456262736],[-73.9864208714705,40.7268997872495],[-73.9863591056938,40.7268737489345]]]},"properties":{"OBJECTID":621298,"BASE_BBL":"1004480031","BIN":1006287,"CONSTRUCTION_YEAR":1910,"DOITT_ID":595525,"FEATURE_CODE":2100,"GEOM_SOURCE":"Photogrammetric","GROUND_ELEVATION":26,"HEIGHT_ROOF":52.98,"LAST_EDITED_DATE":1503423004000,"LAST_STATUS_TYPE":"Constructed","MAPPLUTO_BBL":"1004480031","NAME":null,"Shape__Area":324.8359375,"Shape__Length":89.66766456830067}},{"type":"Feature","id":621814,"geometry":{"type":"Polygon","coordinates":[[[-73.9861574545773,40.7294125953935],[-73.9861895182085,40.729368413079],[-73.9862445173196,40.7292926247385],[-73.9863233213812,40.7293257197163],[-73.9862752006244,40.7293920301588],[-73.986234468413,40.7294481585109],[-73.9861730317452,40.7294223560781],[-73.986155664251,40.7294150625723],[-73.9861574545773,40.7294125953935]]]},"properties":{"OBJECTID":621814,"BASE_BBL":"1004510015","BIN":1006406,"CONSTRUCTION_YEAR":1900,"DOITT_ID":563739,"FEATURE_CODE":2100,"GEOM_SOURCE":"Photogrammetric","GROUND_ELEVATION":28,"HEIGHT_ROOF":57.72,"LAST_EDITED_DATE":1503426476000,"LAST_STATUS_TYPE":"Constructed","MAPPLUTO_BBL":"1004510015","NAME":null,"Shape__Area":205.8671875,"Shape__Length":61.11163136332714}},{"type":"Feature","id":622694,"geometry":{"type":"Polygon","coordinates":[[[-73.983471340848,40.7278603006447],[-73.9835353897567,40.727771479113],[-73.9835601803921,40.7277371003217],[-73.9836156314954,40.7277602404985],[-73.9835771631657,40.7278135865732],[-73.983526790839,40.7278834417642],[-73.983471340848,40.7278603006447]]]},"properties":{"OBJECTID":622694,"BASE_BBL":"1004370039","BIN":1005919,"CONSTRUCTION_YEAR":1901,"DOITT_ID":337287,"FEATURE_CODE":2100,"GEOM_SOURCE":"Photogrammetric","GROUND_ELEVATION":20,"HEIGHT_ROOF":45.62,"LAST_EDITED_DATE":1503423002000,"LAST_STATUS_TYPE":"Constructed","MAPPLUTO_BBL":"1004370039","NAME":null,"Shape__Area":145.33203125,"Shape__Length":55.34048894297648}},{"type":"Feature","id":623319,"geometry":{"type":"Polygon","coordinates":[[[-73.9856464795074,40.7274163811093],[-73.9856827270306,40.7273661138053],[-73.9858155977217,40.7274215655815],[-73.9857793502689,40.7274718320264],[-73.9856464795074,40.7274163811093]]]},"properties":{"OBJECTID":623319,"BASE_BBL":"1004490033","BIN":1006336,"CONSTRUCTION_YEAR":1900,"DOITT_ID":320332,"FEATURE_CODE":2100,"GEOM_SOURCE":"Photogrammetric","GROUND_ELEVATION":26,"HEIGHT_ROOF":46.95,"LAST_EDITED_DATE":1503422994000,"LAST_STATUS_TYPE":"Constructed","MAPPLUTO_BBL":"1004490033","NAME":null,"Shape__Area":142.0859375,"Shape__Length":50.600285420974004}},{"type":"Feature","id":623979,"geometry":{"type":"Polygon","coordinates":[[[-73.9860300794397,40.7285939535702],[-73.9861609324754,40.7284145690907],[-73.9862385375991,40.7284473307983],[-73.9861468381095,40.7285730407484],[-73.9861142467881,40.7286177182721],[-73.9861076847081,40.7286267144647],[-73.9860863901823,40.7286177248157],[-73.9860300794397,40.7285939535702]]]},"properties":{"OBJECTID":623979,"BASE_BBL":"1004500020","BIN":1006371,"CONSTRUCTION_YEAR":1920,"DOITT_ID":38188,"FEATURE_CODE":2100,"GEOM_SOURCE":"Photogrammetric","GROUND_ELEVATION":28,"HEIGHT_ROOF":59.78,"LAST_EDITED_DATE":1503426476000,"LAST_STATUS_TYPE":"Constructed","MAPPLUTO_BBL":"1004500020","NAME":null,"Shape__Area":297.74609375,"Shape__Length":79.9959471921491}},{"type":"Feature","id":626013,"geometry":{"type":"Polygon","coordinates":[[[-73.981197843256,40.7287809221669],[-73.9812424694642,40.728719042874],[-73.9812844998669,40.728736585321],[-73.9813853452284,40.7287786734389],[-73.981340719113,40.7288405527867],[-73.981232196926,40.7287952602693],[-73.981197843256,40.7287809221669]]]},"properties":{"OBJECTID":626013,"BASE_BBL":"1004050005","BIN":1083446,"CONSTRUCTION_YEAR":1920,"DOITT_ID":338223,"FEATURE_CODE":2100,"GEOM_SOURCE":"Photogrammetric","GROUND_ELEVATION":17,"HEIGHT_ROOF":41.75,"LAST_EDITED_DATE":1503427573000,"LAST_STATUS_TYPE":"Constructed","MAPPLUTO_BBL":"1004050005","NAME":null,"Shape__Area":188.08984375,"Shape__Length":57.03256794603395}},{"type":"Feature","id":626782,"geometry":{"type":"Polygon","coordinates":[[[-73.9851422369319,40.7272948357923],[-73.98518756999,40.727232488586],[-73.9853207133109,40.7272885172952],[-73.9853316650872,40.7272931256947],[-73.9852863321227,40.7273554729572],[-73.9851422369319,40.7272948357923]]]},"properties":{"OBJECTID":626782,"BASE_BBL":"1004350007","BIN":1005818,"CONSTRUCTION_YEAR":1900,"DOITT_ID":475128,"FEATURE_CODE":2100,"GEOM_SOURCE":"Photogrammetric","GROUND_ELEVATION":24,"HEIGHT_ROOF":51.08,"LAST_EDITED_DATE":1503430170000,"LAST_STATUS_TYPE":"Constructed","MAPPLUTO_BBL":"1004350007","NAME":null,"Shape__Area":191.85546875,"Shape__Length":57.60891848142524}},{"type":"Feature","id":628228,"geometry":{"type":"Polygon","coordinates":[[[-73.9860815588488,40.7278154356335],[-73.9861133163355,40.7277713928725],[-73.9861235853124,40.7277756787319],[-73.9861423335856,40.727749678793],[-73.9861320646113,40.7277453938358],[-73.9861613177655,40.7277048258237],[-73.9861850431593,40.7277147270667],[-73.9861875355832,40.7277112712122],[-73.9861858943709,40.7277027026725],[-73.9862109559441,40.7276679469301],[-73.9862732029972,40.727693925045],[-73.9861755130063,40.7278294021372],[-73.9861615210628,40.7278488055242],[-73.9861021962367,40.7278240478919],[-73.9860815588488,40.7278154356335]]]},"properties":{"OBJECTID":628228,"BASE_BBL":"1004490024","BIN":1006330,"CONSTRUCTION_YEAR":1900,"DOITT_ID":393155,"FEATURE_CODE":2100,"GEOM_SOURCE":"Photogrammetric","GROUND_ELEVATION":26,"HEIGHT_ROOF":56.95,"LAST_EDITED_DATE":1503424540000,"LAST_STATUS_TYPE":"Constructed","MAPPLUTO_BBL":"1004490024","NAME":null,"Shape__Area":240.265625,"Shape__Length":75.80799750233606}},{"type":"Feature","id":630077,"geometry":{"type":"Polygon","coordinates":[[[-73.9826024534672,40.7297753586487],[-73.9826308143194,40.729736443843],[-73.9826735049552,40.7297544487416],[-73.9827117606043,40.7297705826018],[-73.9825820181681,40.7299486116344],[-73.9825669649502,40.7299692670263],[-73.982503166544,40.7299566682397],[-73.982613797892,40.729804863729],[-73.9826236128481,40.7298028849916],[-73.9826258890563,40.7297852425683],[-73.9826024534672,40.7297753586487]]]},"properties":{"OBJECTID":630077,"BASE_BBL":"1004400052","BIN":1006006,"CONSTRUCTION_YEAR":1900,"DOITT_ID":802482,"FEATURE_CODE":2100,"GEOM_SOURCE":"Photogrammetric","GROUND_ELEVATION":20,"HEIGHT_ROOF":61.79,"LAST_EDITED_DATE":1503427591000,"LAST_STATUS_TYPE":"Constructed","MAPPLUTO_BBL":"1004400052","NAME":null,"Shape__Area":263.5,"Shape__Length":89.71865639323357}},{"type":"Feature","id":630587,"geometry":{"type":"Polygon","coordinates":[[[-73.9831150835673,40.728524967722],[-73.9832283755555,40.7283690332479],[-73.9833071131034,40.7284021401904],[-73.9832789722484,40.7284408723982],[-73.9831886359152,40.7285652114178],[-73.983184008314,40.7285715800414],[-73.9831610088374,40.728603237672],[-73.9831599928484,40.7286046351132],[-73.9830812551343,40.728571528071],[-73.9831116531236,40.728529690388],[-73.9831150835673,40.728524967722]]]},"properties":{"OBJECTID":630587,"BASE_BBL":"1004380045","BIN":1005957,"CONSTRUCTION_YEAR":1900,"DOITT_ID":773129,"FEATURE_CODE":2100,"GEOM_SOURCE":"Photogrammetric","GROUND_ELEVATION":20,"HEIGHT_ROOF":56.35,"LAST_EDITED_DATE":1503423003000,"LAST_STATUS_TYPE":"Constructed","MAPPLUTO_BBL":"1004380045","NAME":null,"Shape__Area":340.37890625,"Shape__Length":87.96020397276915}},{"type":"Feature","id":635205,"geometry":{"type":"Polygon","coordinates":[[[-73.9849171537326,40.7263635657818],[-73.9849374957633,40.7263355986304],[-73.9849609091887,40.7263454559618],[-73.9849675825055,40.7263362815455],[-73.9850030234014,40.7263512021996],[-73.984996350088,40.7263603766179],[-73.9850166815062,40.7263689359027],[-73.985009131995,40.7263793141886],[-73.9848950483625,40.7265361517619],[-73.9848158624816,40.7265028153072],[-73.9849171537326,40.7263635657818]]]},"properties":{"OBJECTID":635205,"BASE_BBL":"1004340017","BIN":1005783,"CONSTRUCTION_YEAR":1881,"DOITT_ID":451550,"FEATURE_CODE":2100,"GEOM_SOURCE":"Photogrammetric","GROUND_ELEVATION":23,"HEIGHT_ROOF":57.01,"LAST_EDITED_DATE":1580231966000,"LAST_STATUS_TYPE":"Constructed","MAPPLUTO_BBL":"1004340017","NAME":null,"Shape__Area":289.765625,"Shape__Length":79.3401977727079}},{"type":"Feature","id":635381,"geometry":{"type":"Polygon","coordinates":[[[-73.9847527053431,40.7277615159883],[-73.9847874368084,40.7277138269249],[-73.9848656795947,40.727746806668],[-73.9848704388361,40.7277488127268],[-73.9849049039899,40.7277633397574],[-73.9849707569878,40.7277910966533],[-73.9849360256138,40.7278387839705],[-73.9848417603279,40.7277990519527],[-73.9847527053431,40.7277615159883]]]},"properties":{"OBJECTID":635381,"BASE_BBL":"1004360001","BIN":1005858,"CONSTRUCTION_YEAR":1900,"DOITT_ID":349695,"FEATURE_CODE":2100,"GEOM_SOURCE":"Photogrammetric","GROUND_ELEVATION":23,"HEIGHT_ROOF":34.74,"LAST_EDITED_DATE":1503422983000,"LAST_STATUS_TYPE":"Constructed","MAPPLUTO_BBL":"1004360001","NAME":null,"Shape__Area":186.8359375,"Shape__Length":62.7050556360261}},{"type":"Feature","id":638333,"geometry":{"type":"Polygon","coordinates":[[[-73.9873092403277,40.7297466349068],[-73.9871310903869,40.7296722151084],[-73.9871587097689,40.7296339528738],[-73.987213145757,40.7296566931738],[-73.9874129151439,40.7297401437105],[-73.9873934575622,40.7297670992113],[-73.987317402035,40.7297353281179],[-73.9873092403277,40.7297466349068]]]},"properties":{"OBJECTID":638333,"BASE_BBL":"1004650049","BIN":1006797,"CONSTRUCTION_YEAR":1900,"DOITT_ID":760972,"FEATURE_CODE":2100,"GEOM_SOURCE":"Photogrammetric","GROUND_ELEVATION":33,"HEIGHT_ROOF":51.68,"LAST_EDITED_DATE":1503430156000,"LAST_STATUS_TYPE":"Constructed","MAPPLUTO_BBL":"1004650049","NAME":null,"Shape__Area":188.71484375,"Shape__Length":77.43888853219265}},{"type":"Feature","id":638789,"geometry":{"type":"Polygon","coordinates":[[[-73.9823234467132,40.7298878797518],[-73.9823563656743,40.7298427107804],[-73.9823741033679,40.7298366107489],[-73.9823925149379,40.7298113479923],[-73.9824035769998,40.7298160134176],[-73.982425741202,40.7297856003191],[-73.9824141382321,40.729780706084],[-73.9824500672467,40.7297314051102],[-73.9824461438952,40.729719519598],[-73.9824801260755,40.7296728919281],[-73.9825557423926,40.7297047832167],[-73.9825217614327,40.7297514109089],[-73.9825056260847,40.7297548366957],[-73.982475179822,40.7297966138703],[-73.9824670777792,40.7298029549201],[-73.9824448697756,40.7298334283539],[-73.9824433896346,40.7298441522865],[-73.9824313051255,40.7298607351126],[-73.9824319821249,40.7298746021495],[-73.982399064383,40.7299197711425],[-73.9823234467132,40.7298878797518]]]},"properties":{"OBJECTID":638789,"BASE_BBL":"1004400050","BIN":1006004,"CONSTRUCTION_YEAR":1900,"DOITT_ID":33924,"FEATURE_CODE":2100,"GEOM_SOURCE":"Photogrammetric","GROUND_ELEVATION":19,"HEIGHT_ROOF":61.16,"LAST_EDITED_DATE":1503426475000,"LAST_STATUS_TYPE":"Constructed","MAPPLUTO_BBL":"1004400050","NAME":null,"Shape__Area":289.75390625,"Shape__Length":96.23997568647309}},{"type":"Feature","id":638793,"geometry":{"type":"Polygon","coordinates":[[[-73.9832141403787,40.7289555497015],[-73.9832953356522,40.7288437930534],[-73.9833008750478,40.7288361683479],[-73.9833832894626,40.7288708210423],[-73.9832965548962,40.7289902015569],[-73.9832141403787,40.7289555497015]]]},"properties":{"OBJECTID":638793,"BASE_BBL":"1004380014","BIN":1076966,"CONSTRUCTION_YEAR":1900,"DOITT_ID":418356,"FEATURE_CODE":2100,"GEOM_SOURCE":"Photogrammetric","GROUND_ELEVATION":20,"HEIGHT_ROOF":54.06,"LAST_EDITED_DATE":1503427554000,"LAST_STATUS_TYPE":"Constructed","MAPPLUTO_BBL":"1004380014","NAME":null,"Shape__Area":210.0390625,"Shape__Length":61.02181150219825}},{"type":"Feature","id":638795,"geometry":{"type":"Polygon","coordinates":[[[-73.9852517728273,40.7309659927953],[-73.9853206699783,40.7308712897076],[-73.9853878779633,40.730899584129],[-73.9853189808786,40.7309942872565],[-73.9852517728273,40.7309659927953]]]},"properties":{"OBJECTID":638795,"BASE_BBL":"1004540068","BIN":1006509,"CONSTRUCTION_YEAR":1900,"DOITT_ID":853517,"FEATURE_CODE":2100,"GEOM_SOURCE":"Photogrammetric","GROUND_ELEVATION":26,"HEIGHT_ROOF":36.91,"LAST_EDITED_DATE":1503424528000,"LAST_STATUS_TYPE":"Constructed","MAPPLUTO_BBL":"1004540068","NAME":null,"Shape__Area":135.9609375,"Shape__Length":48.889446654853295}},{"type":"Feature","id":641402,"geometry":{"type":"Polygon","coordinates":[[[-73.9837377626609,40.7272091291916],[-73.9838316057058,40.7270802804616],[-73.9839100839908,40.7271133608467],[-73.9838746820146,40.7271619680747],[-73.9838162410513,40.7272422087395],[-73.9837377626609,40.7272091291916]]]},"properties":{"OBJECTID":641402,"BASE_BBL":"1004360041","BIN":1005886,"CONSTRUCTION_YEAR":1900,"DOITT_ID":65463,"FEATURE_CODE":2100,"GEOM_SOURCE":"Photogrammetric","GROUND_ELEVATION":20,"HEIGHT_ROOF":54.36,"LAST_EDITED_DATE":1503424517000,"LAST_STATUS_TYPE":"Constructed","MAPPLUTO_BBL":"1004360041","NAME":null,"Shape__Area":216.10546875,"Shape__Length":63.23031419305161}},{"type":"Feature","id":642074,"geometry":{"type":"Polygon","coordinates":[[[-73.9830784377506,40.7281150894147],[-73.983122673372,40.7280537469342],[-73.9831691824395,40.7279892502857],[-73.9831850391016,40.7279672603727],[-73.983213596697,40.7279276592549],[-73.9832934676572,40.7279609915013],[-73.9832788887044,40.7279812085127],[-73.9832490581879,40.7280225753592],[-73.9831633130082,40.7281414822634],[-73.9831583088678,40.7281484217539],[-73.9830784377506,40.7281150894147]]]},"properties":{"OBJECTID":642074,"BASE_BBL":"1004370020","BIN":1005908,"CONSTRUCTION_YEAR":1920,"DOITT_ID":469844,"FEATURE_CODE":2100,"GEOM_SOURCE":"Photogrammetric","GROUND_ELEVATION":19,"HEIGHT_ROOF":55.61,"LAST_EDITED_DATE":1503422992000,"LAST_STATUS_TYPE":"Constructed","MAPPLUTO_BBL":"1004370020","NAME":null,"Shape__Area":318.47265625,"Shape__Length":83.05151319092809}},{"type":"Feature","id":647454,"geometry":{"type":"Polygon","coordinates":[[[-73.9836308095346,40.7279268521224],[-73.983645338636,40.7279067034979],[-73.983646867329,40.7279045839169],[-73.9836598063504,40.7279099834041],[-73.983672906213,40.7278918174941],[-73.9836599671943,40.7278864171078],[-73.9837196500564,40.7278036516777],[-73.9837955809458,40.7278353395904],[-73.9837358981496,40.7279181050595],[-73.9837226478357,40.7279125758635],[-73.9837095479824,40.7279307426797],[-73.9837227982988,40.7279362718772],[-73.9837038145744,40.7279625964719],[-73.9836839344586,40.7279901663404],[-73.9836658139244,40.728015295175],[-73.9835898840753,40.7279836071777],[-73.9836308095346,40.7279268521224]]]},"properties":{"OBJECTID":647454,"BASE_BBL":"1004370042","BIN":1005922,"CONSTRUCTION_YEAR":1900,"DOITT_ID":153025,"FEATURE_CODE":2100,"GEOM_SOURCE":"Photogrammetric","GROUND_ELEVATION":20,"HEIGHT_ROOF":59.54,"LAST_EDITED_DATE":1503430169000,"LAST_STATUS_TYPE":"Constructed","MAPPLUTO_BBL":"1004370042","NAME":null,"Shape__Area":280.56640625,"Shape__Length":86.20339940468263}},{"type":"Feature","id":648624,"geometry":{"type":"Polygon","coordinates":[[[-73.984382377509,40.7291584257868],[-73.984422627973,40.7291030121257],[-73.9845496953323,40.7291564267126],[-73.9845094449417,40.7292118404177],[-73.984382377509,40.7291584257868]]]},"properties":{"OBJECTID":648624,"BASE_BBL":"1004520034","BIN":1006453,"CONSTRUCTION_YEAR":1901,"DOITT_ID":595322,"FEATURE_CODE":2100,"GEOM_SOURCE":"Photogrammetric","GROUND_ELEVATION":24,"HEIGHT_ROOF":26.48,"LAST_EDITED_DATE":1503423724000,"LAST_STATUS_TYPE":"Constructed","MAPPLUTO_BBL":"1004520034","NAME":null,"Shape__Area":150.296875,"Shape__Length":50.93491384095714}},{"type":"Feature","id":648759,"geometry":{"type":"Polygon","coordinates":[[[-73.9869927744874,40.7285448147895],[-73.987054561202,40.7284601099813],[-73.9871028969242,40.7284805146317],[-73.987143219523,40.7284975369567],[-73.9870908827011,40.7285692863502],[-73.9870814328864,40.7285822418121],[-73.9869927744874,40.7285448147895]]]},"properties":{"OBJECTID":648759,"BASE_BBL":"1004500054","BIN":1006401,"CONSTRUCTION_YEAR":1900,"DOITT_ID":116365,"FEATURE_CODE":2100,"GEOM_SOURCE":"Photogrammetric","GROUND_ELEVATION":30,"HEIGHT_ROOF":52.7,"LAST_EDITED_DATE":1503424527000,"LAST_STATUS_TYPE":"Constructed","MAPPLUTO_BBL":"1004500054","NAME":null,"Shape__Area":160.6171875,"Shape__Length":51.02947426716329}},{"type":"Feature","id":650528,"geometry":{"type":"Polygon","coordinates":[[[-73.9820110289673,40.7283773251182],[-73.9820521927305,40.7283206688194],[-73.9822101104676,40.7283870698328],[-73.9822899636558,40.7284206468083],[-73.9822488000329,40.7284773031913],[-73.98222340256,40.728466623741],[-73.9820110289673,40.7283773251182]]]},"properties":{"OBJECTID":650528,"BASE_BBL":"1004380028","BIN":1005945,"CONSTRUCTION_YEAR":1900,"DOITT_ID":829938,"FEATURE_CODE":2100,"GEOM_SOURCE":"Photogrammetric","GROUND_ELEVATION":18,"HEIGHT_ROOF":67.21,"LAST_EDITED_DATE":1503428805000,"LAST_STATUS_TYPE":"Constructed","MAPPLUTO_BBL":"1004380028","NAME":null,"Shape__Area":287.5859375,"Shape__Length":79.54142685681393}},{"type":"Feature","id":651154,"geometry":{"type":"Polygon","coordinates":[[[-73.9849707569878,40.7277910966533],[-73.9849049039899,40.7277633397574],[-73.9849861683255,40.7276517584082],[-73.985023145752,40.7276009853226],[-73.9850379549416,40.7275806510531],[-73.9850762726478,40.7275968012505],[-73.9851082214431,40.7276102679954],[-73.9850855334571,40.7276414199686],[-73.9850580499546,40.7276791576378],[-73.9849751694412,40.7277929567801],[-73.9849707569878,40.7277910966533]]]},"properties":{"OBJECTID":651154,"BASE_BBL":"1004360060","BIN":1005893,"CONSTRUCTION_YEAR":1920,"DOITT_ID":75199,"FEATURE_CODE":2100,"GEOM_SOURCE":"Photogrammetric","GROUND_ELEVATION":24,"HEIGHT_ROOF":56.02,"LAST_EDITED_DATE":1503425432000,"LAST_STATUS_TYPE":"Constructed","MAPPLUTO_BBL":"1004360060","NAME":null,"Shape__Area":274.359375,"Shape__Length":79.20482135776493}},{"type":"Feature","id":653400,"geometry":{"type":"Polygon","coordinates":[[[-73.983664620312,40.7268192821651],[-73.9837011080901,40.7267691010632],[-73.9837232822873,40.726778432573],[-73.9837401834191,40.7267720629582],[-73.9837338332775,40.7267608543253],[-73.9838320177892,40.7266258242053],[-73.9839105168566,40.7266588586691],[-73.9838123324554,40.7267938888555],[-73.9837990530732,40.7267968370558],[-73.9838017495241,40.7268114544986],[-73.9838228691865,40.7268203418899],[-73.9837863814722,40.7268705221295],[-73.983664620312,40.7268192821651]]]},"properties":{"OBJECTID":653400,"BASE_BBL":"1004350027","BIN":1005834,"CONSTRUCTION_YEAR":1920,"DOITT_ID":160779,"FEATURE_CODE":2100,"GEOM_SOURCE":"Photogrammetric","GROUND_ELEVATION":20,"HEIGHT_ROOF":65.94,"LAST_EDITED_DATE":1503425433000,"LAST_STATUS_TYPE":"Constructed","MAPPLUTO_BBL":"1004350027","NAME":null,"Shape__Area":381.5703125,"Shape__Length":100.73983276292705}},{"type":"Feature","id":655069,"geometry":{"type":"Polygon","coordinates":[[[-73.9861797022185,40.7267273272816],[-73.9862190486425,40.7266733086551],[-73.9863773548088,40.7267400444071],[-73.9864996682611,40.7267916075522],[-73.9864603208111,40.7268456262736],[-73.9861797022185,40.7267273272816]]]},"properties":{"OBJECTID":655069,"BASE_BBL":"1004480032","BIN":1006288,"CONSTRUCTION_YEAR":1920,"DOITT_ID":481879,"FEATURE_CODE":2100,"GEOM_SOURCE":"Photogrammetric","GROUND_ELEVATION":26,"HEIGHT_ROOF":52.8,"LAST_EDITED_DATE":1503430139000,"LAST_STATUS_TYPE":"Constructed","MAPPLUTO_BBL":"1004480032","NAME":null,"Shape__Area":323.98828125,"Shape__Length":89.61991708449843}},{"type":"Feature","id":655917,"geometry":{"type":"Polygon","coordinates":[[[-73.9853255583256,40.7298471310455],[-73.985357293528,40.7298034406011],[-73.9853750469002,40.7298109035716],[-73.9853854354847,40.7298053847719],[-73.985490743521,40.7296604026754],[-73.985545738791,40.7296835193462],[-73.9855133833015,40.7297280634474],[-73.9854371046929,40.7298330801587],[-73.9854031943286,40.7298797654412],[-73.9853255583256,40.7298471310455]]]},"properties":{"OBJECTID":655917,"BASE_BBL":"1004520017","BIN":1006440,"CONSTRUCTION_YEAR":1900,"DOITT_ID":502751,"FEATURE_CODE":2100,"GEOM_SOURCE":"Photogrammetric","GROUND_ELEVATION":27,"HEIGHT_ROOF":62.87,"LAST_EDITED_DATE":1503428786000,"LAST_STATUS_TYPE":"Constructed","MAPPLUTO_BBL":"1004520017","NAME":null,"Shape__Area":251.890625,"Shape__Length":85.10005225018102}},{"type":"Feature","id":662360,"geometry":{"type":"Polygon","coordinates":[[[-73.9855254837748,40.7266855002133],[-73.9855627408855,40.7266342803304],[-73.9856917395942,40.7266885872227],[-73.9857412252544,40.7267094194341],[-73.985748602538,40.7267125253026],[-73.9857113455264,40.726763745245],[-73.9856865553336,40.7267533088684],[-73.9855254837748,40.7266855002133]]]},"properties":{"OBJECTID":662360,"BASE_BBL":"1004340007","BIN":1005774,"CONSTRUCTION_YEAR":1900,"DOITT_ID":187407,"FEATURE_CODE":2100,"GEOM_SOURCE":"Photogrammetric","GROUND_ELEVATION":22,"HEIGHT_ROOF":58.7,"LAST_EDITED_DATE":1503423695000,"LAST_STATUS_TYPE":"Constructed","MAPPLUTO_BBL":"1004340007","NAME":null,"Shape__Area":203.33984375,"Shape__Length":64.51867829683486}},{"type":"Feature","id":663365,"geometry":{"type":"Polygon","coordinates":[[[-73.9825010745127,40.7277082513444],[-73.982643056816,40.7277675065102],[-73.9826258027396,40.7277914322326],[-73.9826849132006,40.7278161015732],[-73.9827021672622,40.7277921758419],[-73.9827734958824,40.7278219438523],[-73.9828168162291,40.727840023539],[-73.9828044526755,40.7278571682846],[-73.9827955491604,40.7278695147336],[-73.9828336274462,40.7278854062944],[-73.9827813584816,40.7279578894616],[-73.9827410550266,40.7279410691255],[-73.9827236529224,40.727965201957],[-73.9826103519091,40.7279179162892],[-73.9826267794942,40.7278951358922],[-73.982548302023,40.7278623842225],[-73.9825318744192,40.7278851646084],[-73.9824821722461,40.7278644219396],[-73.9824851302367,40.7278603178696],[-73.9824130951065,40.727830254206],[-73.9824581564987,40.727767766657],[-73.9825010745127,40.7277082513444]]]},"properties":{"OBJECTID":663365,"BASE_BBL":"1004370025","BIN":1005912,"CONSTRUCTION_YEAR":1883,"DOITT_ID":59621,"FEATURE_CODE":2100,"GEOM_SOURCE":"Photogrammetric","GROUND_ELEVATION":18,"HEIGHT_ROOF":103.01,"LAST_EDITED_DATE":1580231966000,"LAST_STATUS_TYPE":"Constructed","MAPPLUTO_BBL":"1004370025","NAME":null,"Shape__Area":830.23046875,"Shape__Length":147.78699717158383}},{"type":"Feature","id":667060,"geometry":{"type":"Polygon","coordinates":[[[-73.984718982911,40.7278738752253],[-73.9847571956628,40.7278214067321],[-73.9848144557361,40.727845541633],[-73.9849037061617,40.7278831604217],[-73.9848654934899,40.727935628963],[-73.9847668251234,40.7278940403568],[-73.984718982911,40.7278738752253]]]},"properties":{"OBJECTID":667060,"BASE_BBL":"1004360003","BIN":1005860,"CONSTRUCTION_YEAR":1900,"DOITT_ID":630226,"FEATURE_CODE":2100,"GEOM_SOURCE":"Photogrammetric","GROUND_ELEVATION":23,"HEIGHT_ROOF":44.26,"LAST_EDITED_DATE":1503424496000,"LAST_STATUS_TYPE":"Constructed","MAPPLUTO_BBL":"1004360003","NAME":null,"Shape__Area":164.28515625,"Shape__Length":54.93157177019822}},{"type":"Feature","id":668276,"geometry":{"type":"Polygon","coordinates":[[[-73.9829220209233,40.7280479883159],[-73.9829603442645,40.7279948432537],[-73.9829895717879,40.7280070404655],[-73.9830009529024,40.7280082119071],[-73.983012469779,40.7279922403789],[-73.983022967806,40.7279842535122],[-73.9830581874248,40.7279354105912],[-73.9830594911522,40.7279336034615],[-73.9830172252548,40.7279159634702],[-73.9830454004543,40.7278768918368],[-73.9830561689278,40.7278619584806],[-73.983213596697,40.7279276592549],[-73.9831850391016,40.7279672603727],[-73.9831691824395,40.7279892502857],[-73.983127565084,40.7279718823836],[-73.9830810559886,40.7280363781149],[-73.983122673372,40.7280537469342],[-73.9830784377506,40.7281150894147],[-73.9830738160784,40.728121498558],[-73.9829163891728,40.7280557975945],[-73.9829220209233,40.7280479883159]]]},"properties":{"OBJECTID":668276,"BASE_BBL":"1004370021","BIN":1005909,"CONSTRUCTION_YEAR":1900,"DOITT_ID":310076,"FEATURE_CODE":2100,"GEOM_SOURCE":"Photogrammetric","GROUND_ELEVATION":18,"HEIGHT_ROOF":64.7,"LAST_EDITED_DATE":1503430140000,"LAST_STATUS_TYPE":"Constructed","MAPPLUTO_BBL":"1004370021","NAME":null,"Shape__Area":523.2265625,"Shape__Length":125.45547615774386}},{"type":"Feature","id":668278,"geometry":{"type":"Polygon","coordinates":[[[-73.9858736926163,40.7285279325976],[-73.9860219741343,40.7283246563079],[-73.9860253025279,40.7283200929327],[-73.986033889656,40.7283237185227],[-73.986104014156,40.7283533222299],[-73.986083256411,40.7283817776053],[-73.9860162906268,40.7284735799761],[-73.9859524032307,40.7285611610968],[-73.9858736926163,40.7285279325976]]]},"properties":{"OBJECTID":668278,"BASE_BBL":"1004500022","BIN":1006373,"CONSTRUCTION_YEAR":1899,"DOITT_ID":759108,"FEATURE_CODE":2100,"GEOM_SOURCE":"Photogrammetric","GROUND_ELEVATION":27,"HEIGHT_ROOF":27.77,"LAST_EDITED_DATE":1503425404000,"LAST_STATUS_TYPE":"Constructed","MAPPLUTO_BBL":"1004500022","NAME":null,"Shape__Area":349.890625,"Shape__Length":89.83010408138159}},{"type":"Feature","id":671134,"geometry":{"type":"Polygon","coordinates":[[[-73.9855629494966,40.7275401447296],[-73.9856069136672,40.7274791767685],[-73.9857479146715,40.7275380209545],[-73.9857039517748,40.7275989889691],[-73.9856122546971,40.7275607212266],[-73.9855943645886,40.7275532546712],[-73.9855629494966,40.7275401447296]]]},"properties":{"OBJECTID":671134,"BASE_BBL":"1004490031","BIN":1006334,"CONSTRUCTION_YEAR":1900,"DOITT_ID":90465,"FEATURE_CODE":2100,"GEOM_SOURCE":"Photogrammetric","GROUND_ELEVATION":27,"HEIGHT_ROOF":46.05,"LAST_EDITED_DATE":1503426434000,"LAST_STATUS_TYPE":"Constructed","MAPPLUTO_BBL":"1004490031","NAME":null,"Shape__Area":182.875,"Shape__Length":56.2494710104726}},{"type":"Feature","id":671916,"geometry":{"type":"Polygon","coordinates":[[[-73.987033058011,40.7282151376265],[-73.9871390516276,40.7280681423319],[-73.9871729764953,40.7280210954245],[-73.9872017550254,40.7280331051116],[-73.987166461431,40.7280820510483],[-73.9872131505408,40.7281015351499],[-73.9871085257805,40.7282466314919],[-73.987033058011,40.7282151376265]]]},"properties":{"OBJECTID":671916,"BASE_BBL":"1004490012","BIN":1006318,"CONSTRUCTION_YEAR":1940,"DOITT_ID":423381,"FEATURE_CODE":2100,"GEOM_SOURCE":"Photogrammetric","GROUND_ELEVATION":30,"HEIGHT_ROOF":58.27,"LAST_EDITED_DATE":1503423692000,"LAST_STATUS_TYPE":"Constructed","MAPPLUTO_BBL":"1004490012","NAME":null,"Shape__Area":262.90625,"Shape__Length":84.14507299707857}},{"type":"Feature","id":673205,"geometry":{"type":"Polygon","coordinates":[[[-73.9834233286343,40.7274973120829],[-73.9834234967778,40.7274970815768],[-73.983465821555,40.7274389697107],[-73.9834805210814,40.7274378110641],[-73.983497317636,40.7274147487351],[-73.9835059021443,40.7274183673096],[-73.9835211806622,40.7273973885374],[-73.9835125961556,40.7273937708645],[-73.9835284004077,40.7273720726598],[-73.983522129356,40.727361659177],[-73.9835605866818,40.7273088552222],[-73.983640941076,40.7273427258039],[-73.9835452867944,40.7274740604205],[-73.9835036831858,40.72753118366],[-73.9834233286343,40.7274973120829]]]},"properties":{"OBJECTID":673205,"BASE_BBL":"1004360024","BIN":1005876,"CONSTRUCTION_YEAR":1900,"DOITT_ID":2977,"FEATURE_CODE":2100,"GEOM_SOURCE":"Photogrammetric","GROUND_ELEVATION":18,"HEIGHT_ROOF":64.21,"LAST_EDITED_DATE":1503428770000,"LAST_STATUS_TYPE":"Constructed","MAPPLUTO_BBL":"1004360024","NAME":null,"Shape__Area":303.59375,"Shape__Length":87.28336779992298}},{"type":"Feature","id":674044,"geometry":{"type":"Polygon","coordinates":[[[-73.9812883425392,40.7286554311869],[-73.9812377891802,40.7286343321438],[-73.9813254710169,40.7285127479811],[-73.9813162295864,40.7285088914036],[-73.9813340550948,40.7284841744249],[-73.98136156838,40.7284460225186],[-73.9813708086204,40.7284498799928],[-73.9814156890448,40.7283876476717],[-73.9815882343797,40.7284596611668],[-73.9814103361454,40.7287063459033],[-73.9813171131813,40.7286674387405],[-73.9812883425392,40.7286554311869]]]},"properties":{"OBJECTID":674044,"BASE_BBL":"1004050001","BIN":1086128,"CONSTRUCTION_YEAR":1998,"DOITT_ID":961789,"FEATURE_CODE":2100,"GEOM_SOURCE":"Photogrammetric","GROUND_ELEVATION":14,"HEIGHT_ROOF":63.25,"LAST_EDITED_DATE":1503430125000,"LAST_STATUS_TYPE":"Constructed","MAPPLUTO_BBL":"1004050001","NAME":null,"Shape__Area":917.88671875,"Shape__Length":128.7960596560083}},{"type":"Feature","id":674367,"geometry":{"type":"Polygon","coordinates":[[[-73.9858164223024,40.7266060403697],[-73.9856790415282,40.7265482052803],[-73.9856221586288,40.726524258158],[-73.9856032000385,40.7265162772787],[-73.9856757768115,40.7264165000125],[-73.9857159534105,40.7264334138625],[-73.9857545949263,40.7264496818436],[-73.9858963749382,40.7265093688292],[-73.9858237983944,40.7266091462333],[-73.9858164223024,40.7266060403697]]]},"properties":{"OBJECTID":674367,"BASE_BBL":"1004340003","BIN":1005771,"CONSTRUCTION_YEAR":1977,"DOITT_ID":53159,"FEATURE_CODE":2100,"GEOM_SOURCE":"Photogrammetric","GROUND_ELEVATION":24,"HEIGHT_ROOF":17.25,"LAST_EDITED_DATE":1503424484000,"LAST_STATUS_TYPE":"Constructed","MAPPLUTO_BBL":"1004340003","NAME":null,"Shape__Area":470.1328125,"Shape__Length":89.6546810016185}},{"type":"Feature","id":679291,"geometry":{"type":"Polygon","coordinates":[[[-73.9859010483991,40.7297593610108],[-73.9859232287681,40.7297288256723],[-73.9859268568173,40.7297238300933],[-73.9859319026739,40.7297259505073],[-73.9859468648169,40.729705353197],[-73.9859638204558,40.7297124800897],[-73.9859869302886,40.7296806652291],[-73.9859734308819,40.7296749903808],[-73.9859890063577,40.7296535466614],[-73.9860070494577,40.7296287047196],[-73.9860082450401,40.7296117798032],[-73.9860162778721,40.7296007189296],[-73.9860476679358,40.7295575037202],[-73.9861287388751,40.7295915815596],[-73.9860893160252,40.7296458576701],[-73.9860697633941,40.7296550657101],[-73.9860361436649,40.7297013513893],[-73.9860252328703,40.729696765576],[-73.9860021242338,40.7297285813449],[-73.9860190349062,40.7297356893133],[-73.9859793075712,40.7297903831841],[-73.985978264389,40.729791818468],[-73.9859010483991,40.7297593610108]]]},"properties":{"OBJECTID":679291,"BASE_BBL":"1004520053","BIN":1006468,"CONSTRUCTION_YEAR":1920,"DOITT_ID":637020,"FEATURE_CODE":2100,"GEOM_SOURCE":"Photogrammetric","GROUND_ELEVATION":28,"HEIGHT_ROOF":56.94,"LAST_EDITED_DATE":1503428771000,"LAST_STATUS_TYPE":"Constructed","MAPPLUTO_BBL":"1004520053","NAME":null,"Shape__Area":292.6875,"Shape__Length":96.48087293559354}},{"type":"Feature","id":680114,"geometry":{"type":"Polygon","coordinates":[[[-73.9879177607416,40.7293373840092],[-73.9878888039614,40.72937747522],[-73.9878280154186,40.7293516089016],[-73.9878505120218,40.7293210110886],[-73.9878620977643,40.7293052543072],[-73.9878849081041,40.7292742296792],[-73.9879599150762,40.7291722162037],[-73.9880944008273,40.7292294404076],[-73.9880612694544,40.7292745011387],[-73.9879815660268,40.7292420051941],[-73.9879129444835,40.7293353348464],[-73.9879177607416,40.7293373840092]]]},"properties":{"OBJECTID":680114,"BASE_BBL":"1004640032","BIN":1006744,"CONSTRUCTION_YEAR":1900,"DOITT_ID":317131,"FEATURE_CODE":2100,"GEOM_SOURCE":"Photogrammetric","GROUND_ELEVATION":34,"HEIGHT_ROOF":45.76,"LAST_EDITED_DATE":1532964280000,"LAST_STATUS_TYPE":"Constructed","MAPPLUTO_BBL":"1004640032","NAME":null,"Shape__Area":295.59375,"Shape__Length":95.77285275731114}},{"type":"Feature","id":681144,"geometry":{"type":"Polygon","coordinates":[[[-73.9855627408855,40.7266342803304],[-73.9855309806523,40.7266209091874],[-73.9855558396237,40.7265867334849],[-73.9856291412035,40.7266175922961],[-73.9856403694579,40.7266021562691],[-73.9856419205505,40.7266000231564],[-73.985778863473,40.7266576745318],[-73.9857412252544,40.7267094194341],[-73.9856917395942,40.7266885872227],[-73.9855627408855,40.7266342803304]]]},"properties":{"OBJECTID":681144,"BASE_BBL":"1004340006","BIN":1005773,"CONSTRUCTION_YEAR":1900,"DOITT_ID":621119,"FEATURE_CODE":2100,"GEOM_SOURCE":"Photogrammetric","GROUND_ELEVATION":24,"HEIGHT_ROOF":51.35,"LAST_EDITED_DATE":1503424484000,"LAST_STATUS_TYPE":"Constructed","MAPPLUTO_BBL":"1004340006","NAME":null,"Shape__Area":204.8515625,"Shape__Length":70.9047028861663}},{"type":"Feature","id":682959,"geometry":{"type":"Polygon","coordinates":[[[-73.9851751852279,40.7284924394942],[-73.9851636402736,40.7284875905682],[-73.9852024818172,40.7284340693177],[-73.9852928127345,40.7284720076211],[-73.9852539712413,40.7285255289018],[-73.9851751852279,40.7284924394942]]]},"properties":{"OBJECTID":682959,"BASE_BBL":"1004510139","BIN":1079787,"CONSTRUCTION_YEAR":1900,"DOITT_ID":819041,"FEATURE_CODE":2100,"GEOM_SOURCE":"Photogrammetric","GROUND_ELEVATION":26,"HEIGHT_ROOF":37.8,"LAST_EDITED_DATE":1503422954000,"LAST_STATUS_TYPE":"Constructed","MAPPLUTO_BBL":"1004510139","NAME":null,"Shape__Area":103.15625,"Shape__Length":40.93853720441956}},{"type":"Feature","id":687319,"geometry":{"type":"Polygon","coordinates":[[[-73.9853501305443,40.7283069021198],[-73.9853892476616,40.7282532790825],[-73.9854376123142,40.7282736961429],[-73.9854326557814,40.7282804898557],[-73.9853984952237,40.728327320097],[-73.9853501305443,40.7283069021198]]]},"properties":{"OBJECTID":687319,"BASE_BBL":"1004500029","BIN":1079783,"CONSTRUCTION_YEAR":1900,"DOITT_ID":781856,"FEATURE_CODE":2100,"GEOM_SOURCE":"Photogrammetric","GROUND_ELEVATION":26,"HEIGHT_ROOF":53.76,"LAST_EDITED_DATE":1503430099000,"LAST_STATUS_TYPE":"Constructed","MAPPLUTO_BBL":"1004500029","NAME":null,"Shape__Area":55.4765625,"Shape__Length":30.32703608989814}},{"type":"Feature","id":687659,"geometry":{"type":"Polygon","coordinates":[[[-73.9863621667702,40.7313107578543],[-73.9862472868555,40.7314688653843],[-73.9862407884475,40.7314778084585],[-73.9862285835938,40.7314726768029],[-73.9861951187964,40.7314586059533],[-73.9862243699268,40.7314183486208],[-73.9862058478285,40.7314105615079],[-73.9862464900732,40.731354625879],[-73.986264033148,40.7313568225118],[-73.9862549872453,40.7313429328898],[-73.9862979751248,40.7312837682985],[-73.9863621667702,40.7313107578543]]]},"properties":{"OBJECTID":687659,"BASE_BBL":"1004680043","BIN":1006872,"CONSTRUCTION_YEAR":1900,"DOITT_ID":644713,"FEATURE_CODE":2100,"GEOM_SOURCE":"Photogrammetric","GROUND_ELEVATION":29,"HEIGHT_ROOF":59.8,"LAST_EDITED_DATE":1503428744000,"LAST_STATUS_TYPE":"Constructed","MAPPLUTO_BBL":"1004680043","NAME":null,"Shape__Area":211.18359375,"Shape__Length":74.66603068998354}},{"type":"Feature","id":688399,"geometry":{"type":"Polygon","coordinates":[[[-73.9830343453174,40.7301805232217],[-73.9830325176348,40.7301664489025],[-73.9829792568677,40.7301439868596],[-73.9829936054183,40.7301242975561],[-73.9829761126329,40.7301169198056],[-73.9829975673586,40.7300874799433],[-73.982975418207,40.7300781383962],[-73.9829705493392,40.7300646291456],[-73.9829898784738,40.7300381075188],[-73.9830162933928,40.7300492480081],[-73.9830600401258,40.7300676977695],[-73.9830472641777,40.7300852287936],[-73.9830801902446,40.730099114977],[-73.9830929673705,40.7300815839494],[-73.9831298349164,40.7300971330361],[-73.9831316929789,40.7301081753457],[-73.9831819473584,40.7301293698635],[-73.9831901309495,40.730132820907],[-73.9831958504506,40.7301249738086],[-73.9832465120309,40.7301463394542],[-73.9831775771973,40.7302409296421],[-73.983166430973,40.7302362291592],[-73.9830343453174,40.7301805232217]]]},"properties":{"OBJECTID":688399,"BASE_BBL":"1004400003","BIN":1005978,"CONSTRUCTION_YEAR":1905,"DOITT_ID":363935,"FEATURE_CODE":2100,"GEOM_SOURCE":"Photogrammetric","GROUND_ELEVATION":22,"HEIGHT_ROOF":71.05,"LAST_EDITED_DATE":1503425390000,"LAST_STATUS_TYPE":"Constructed","MAPPLUTO_BBL":"1004400003","NAME":null,"Shape__Area":429.03515625,"Shape__Length":103.35160791484024}},{"type":"Feature","id":692294,"geometry":{"type":"Polygon","coordinates":[[[-73.9883253262485,40.7284937780556],[-73.9883050836825,40.7284854336877],[-73.9883008055146,40.7284730485547],[-73.9882423409719,40.7284489485857],[-73.9882484623306,40.7284403547538],[-73.9882163952706,40.7284271365096],[-73.9882102750928,40.7284357294395],[-73.9881823057878,40.7284241991588],[-73.9881651494815,40.7284277318945],[-73.9881502333127,40.7284215825867],[-73.9881464949122,40.7284094370388],[-73.9881320451011,40.7284034804854],[-73.9880925637989,40.7283872051153],[-73.9880867147493,40.7283954153504],[-73.9880380176937,40.7283753406615],[-73.9880848823101,40.7283095489371],[-73.9881040240168,40.7283174393737],[-73.988133579332,40.7283296227059],[-73.9881279256552,40.7283375592086],[-73.9881756201725,40.7283572195226],[-73.9881818579238,40.7283597911157],[-73.9881970871952,40.728355803423],[-73.9882120045373,40.728361952725],[-73.9882176687804,40.7283745541254],[-73.9882451409441,40.7283858790307],[-73.9882427776517,40.7283891962642],[-73.9882901562089,40.7284087277256],[-73.9883006666769,40.7284075581322],[-73.9883483932533,40.7284272327859],[-73.9883665044742,40.728425642517],[-73.9884108115548,40.7284439075029],[-73.9884232669706,40.7284490416561],[-73.9883764037736,40.7285148344176],[-73.9883253262485,40.7284937780556]]]},"properties":{"OBJECTID":692294,"BASE_BBL":"1004630032","BIN":1006680,"CONSTRUCTION_YEAR":1901,"DOITT_ID":57305,"FEATURE_CODE":2100,"GEOM_SOURCE":"Photogrammetric","GROUND_ELEVATION":36,"HEIGHT_ROOF":75.83,"LAST_EDITED_DATE":1580232095000,"LAST_STATUS_TYPE":"Constructed","MAPPLUTO_BBL":"1004630032","NAME":null,"Shape__Area":396.28515625,"Shape__Length":117.3098982513565}},{"type":"Feature","id":692521,"geometry":{"type":"Polygon","coordinates":[[[-73.9817805565814,40.7281029038217],[-73.9818673283544,40.7279830309613],[-73.9818689392054,40.7279837056961],[-73.9819069628744,40.7279996353758],[-73.9819427673491,40.7280146344693],[-73.9818559944869,40.7281345073859],[-73.9818267884324,40.7281222720685],[-73.9817805565814,40.7281029038217]]]},"properties":{"OBJECTID":692521,"BASE_BBL":"1004040060","BIN":1005164,"CONSTRUCTION_YEAR":1900,"DOITT_ID":371459,"FEATURE_CODE":2100,"GEOM_SOURCE":"Photogrammetric","GROUND_ELEVATION":17,"HEIGHT_ROOF":33.1,"LAST_EDITED_DATE":1503427504000,"LAST_STATUS_TYPE":"Constructed","MAPPLUTO_BBL":"1004040060","NAME":null,"Shape__Area":192.71484375,"Shape__Length":59.3594304439893}},{"type":"Feature","id":692653,"geometry":{"type":"Polygon","coordinates":[[[-73.9833736622857,40.728732824778],[-73.9833315343207,40.7287908096568],[-73.9832563695977,40.7287592053011],[-73.9832984976079,40.72870122135],[-73.9833736622857,40.728732824778]]]},"properties":{"OBJECTID":692653,"BASE_BBL":"1004380015","BIN":1076969,"CONSTRUCTION_YEAR":1900,"DOITT_ID":13021,"FEATURE_CODE":2100,"GEOM_SOURCE":"Photogrammetric","GROUND_ELEVATION":20,"HEIGHT_ROOF":35.58,"LAST_EDITED_DATE":1234569600000,"LAST_STATUS_TYPE":"Constructed","MAPPLUTO_BBL":"1004380015","NAME":null,"Shape__Area":93.046875,"Shape__Length":38.58469356585838}},{"type":"Feature","id":693309,"geometry":{"type":"Polygon","coordinates":[[[-73.9833315343207,40.7287908096568],[-73.9833736622857,40.728732824778],[-73.9834542952862,40.7287667279415],[-73.9834121673699,40.7288247128496],[-73.9833315343207,40.7287908096568]]]},"properties":{"OBJECTID":693309,"BASE_BBL":"1004380014","BIN":1076967,"CONSTRUCTION_YEAR":1900,"DOITT_ID":111659,"FEATURE_CODE":2100,"GEOM_SOURCE":"Photogrammetric","GROUND_ELEVATION":20,"HEIGHT_ROOF":35.84,"LAST_EDITED_DATE":1234569600000,"LAST_STATUS_TYPE":"Constructed","MAPPLUTO_BBL":"1004380014","NAME":null,"Shape__Area":99.81640625,"Shape__Length":39.97713458838736}},{"type":"Feature","id":694667,"geometry":{"type":"Polygon","coordinates":[[[-73.9868188932349,40.7284994652048],[-73.9868963260421,40.7283933112485],[-73.9869781321848,40.7284278451371],[-73.9869242962436,40.7285016483468],[-73.9868781327877,40.728564935362],[-73.9868517641184,40.7286010823824],[-73.986842086916,40.7286143493746],[-73.9867756677446,40.7285863107275],[-73.9868047786986,40.7285464026132],[-73.9868143982051,40.7285435409973],[-73.9868400375014,40.7285083916658],[-73.9868188932349,40.7284994652048]]]},"properties":{"OBJECTID":694667,"BASE_BBL":"1004500052","BIN":1006400,"CONSTRUCTION_YEAR":1900,"DOITT_ID":222675,"FEATURE_CODE":2100,"GEOM_SOURCE":"Photogrammetric","GROUND_ELEVATION":31,"HEIGHT_ROOF":57.85,"LAST_EDITED_DATE":1503423675000,"LAST_STATUS_TYPE":"Constructed","MAPPLUTO_BBL":"1004500052","NAME":null,"Shape__Area":295.21484375,"Shape__Length":84.45208582319847}},{"type":"Feature","id":696685,"geometry":{"type":"Polygon","coordinates":[[[-73.9820191893628,40.7298873301664],[-73.9820434379297,40.7298540574514],[-73.9820646300939,40.7298249788249],[-73.9821423638692,40.7298577631181],[-73.9821000825934,40.7299157790317],[-73.9820969231888,40.7299201135895],[-73.9820191893628,40.7298873301664]]]},"properties":{"OBJECTID":696685,"BASE_BBL":"1004400023","BIN":1077003,"CONSTRUCTION_YEAR":1905,"DOITT_ID":815999,"FEATURE_CODE":2100,"GEOM_SOURCE":"Photogrammetric","GROUND_ELEVATION":19,"HEIGHT_ROOF":34.67,"LAST_EDITED_DATE":1234569600000,"LAST_STATUS_TYPE":"Constructed","MAPPLUTO_BBL":"1004400023","NAME":null,"Shape__Area":103.61328125,"Shape__Length":40.732921718674795}},{"type":"Feature","id":701761,"geometry":{"type":"Polygon","coordinates":[[[-73.9858853800039,40.7307279876251],[-73.9857107127545,40.7306539613894],[-73.9857470956297,40.7306042812357],[-73.9859217639732,40.7306783065164],[-73.9859479357912,40.7306893985755],[-73.9859115518356,40.7307390787919],[-73.9858853800039,40.7307279876251]]]},"properties":{"OBJECTID":701761,"BASE_BBL":"1004530006","BIN":1006474,"CONSTRUCTION_YEAR":1900,"DOITT_ID":503177,"FEATURE_CODE":2100,"GEOM_SOURCE":"Photogrammetric","GROUND_ELEVATION":29,"HEIGHT_ROOF":53.71,"LAST_EDITED_DATE":1503422953000,"LAST_STATUS_TYPE":"Constructed","MAPPLUTO_BBL":"1004530006","NAME":null,"Shape__Area":213.81640625,"Shape__Length":67.92593046955368}},{"type":"Feature","id":703440,"geometry":{"type":"Polygon","coordinates":[[[-73.9854756208155,40.727793543278],[-73.9853943370368,40.727904972782],[-73.9853190954292,40.7278732076675],[-73.9853150723664,40.7278715096952],[-73.9853963562368,40.7277600802468],[-73.9854756208155,40.727793543278]]]},"properties":{"OBJECTID":703440,"BASE_BBL":"1004500033","BIN":1077695,"CONSTRUCTION_YEAR":1900,"DOITT_ID":801978,"FEATURE_CODE":2100,"GEOM_SOURCE":"Photogrammetric","GROUND_ELEVATION":26,"HEIGHT_ROOF":50.91,"LAST_EDITED_DATE":1503425379000,"LAST_STATUS_TYPE":"Constructed","MAPPLUTO_BBL":"1004500033","NAME":null,"Shape__Area":188.91015625,"Shape__Length":57.60689797570403}},{"type":"Feature","id":703526,"geometry":{"type":"Polygon","coordinates":[[[-73.9877180167296,40.7281686068703],[-73.987653083024,40.7281415099178],[-73.9876229621354,40.7281289400828],[-73.9876169848305,40.7281264459312],[-73.9875601613973,40.7281027330098],[-73.9875217977906,40.7280867241147],[-73.9874602967494,40.7280610592342],[-73.9874448066853,40.728054594594],[-73.9874126879217,40.7280411915153],[-73.9873851509688,40.7280296998095],[-73.987431841785,40.727964947516],[-73.9874401034559,40.7279683955655],[-73.9874689648648,40.7279804403149],[-73.9875160848302,40.728000103542],[-73.9875700781188,40.7280226356129],[-73.9876140437883,40.7280409819154],[-73.9876444782958,40.7280536823602],[-73.9876693710873,40.7280640705975],[-73.9878168531359,40.7281256153659],[-73.9877701625814,40.7281903678141],[-73.9877180167296,40.7281686068703]]]},"properties":{"OBJECTID":703526,"BASE_BBL":"1004490003","BIN":1006309,"CONSTRUCTION_YEAR":1920,"DOITT_ID":662412,"FEATURE_CODE":2100,"GEOM_SOURCE":"Photogrammetric","GROUND_ELEVATION":34,"HEIGHT_ROOF":61.08,"LAST_EDITED_DATE":1503425378000,"LAST_STATUS_TYPE":"Constructed","MAPPLUTO_BBL":"1004490003","NAME":"Ukranian Sport Club","Shape__Area":530.33984375,"Shape__Length":119.53440964461608}},{"type":"Feature","id":707389,"geometry":{"type":"Polygon","coordinates":[[[-73.9857601776013,40.7292457475203],[-73.9857937688835,40.7291994583133],[-73.985797778189,40.7291939341864],[-73.9858398053322,40.7292115848309],[-73.9858974132388,40.7291322030447],[-73.9858553861305,40.729114552421],[-73.9858654555468,40.7291006777172],[-73.9858959396612,40.7290586718184],[-73.9860562953519,40.7291260178848],[-73.9860269338126,40.7291664786888],[-73.9860157430985,40.7291818985435],[-73.9859735608718,40.7291641831075],[-73.9859197515598,40.7292383316389],[-73.9859619326354,40.7292560470943],[-73.9859534711968,40.7292677076512],[-73.985920533605,40.7293130937741],[-73.9857601776013,40.7292457475203]]]},"properties":{"OBJECTID":707389,"BASE_BBL":"1004510019","BIN":1006410,"CONSTRUCTION_YEAR":1900,"DOITT_ID":721057,"FEATURE_CODE":2100,"GEOM_SOURCE":"Photogrammetric","GROUND_ELEVATION":28,"HEIGHT_ROOF":63.4,"LAST_EDITED_DATE":1503427456000,"LAST_STATUS_TYPE":"Constructed","MAPPLUTO_BBL":"1004510019","NAME":null,"Shape__Area":502.15234375,"Shape__Length":124.97752000583047}},{"type":"Feature","id":707498,"geometry":{"type":"Polygon","coordinates":[[[-73.987213145757,40.7296566931738],[-73.9871587097689,40.7296339528738],[-73.9871446314614,40.7296280718818],[-73.9872255215337,40.7295160116695],[-73.9872373035504,40.7295209333555],[-73.987299074536,40.7295467370579],[-73.9872759819148,40.7295787286839],[-73.9873771471768,40.7296209889843],[-73.9873936097757,40.7296194815347],[-73.9874120525813,40.7295939325172],[-73.9874737124392,40.7296196892871],[-73.9874594517217,40.7296394457972],[-73.9874598531243,40.7296514253085],[-73.9874773119711,40.7296587186273],[-73.9874845394227,40.7296487048554],[-73.9875550317676,40.7296781519252],[-73.9875127315338,40.7297367542552],[-73.9874335535124,40.7297036789632],[-73.9874194040661,40.7297232814933],[-73.9872468988862,40.7296512200221],[-73.9872559154814,40.7296387291631],[-73.9872416063528,40.729632751803],[-73.9872263219545,40.7296384386224],[-73.987213145757,40.7296566931738]]]},"properties":{"OBJECTID":707498,"BASE_BBL":"1004650050","BIN":1006798,"CONSTRUCTION_YEAR":1900,"DOITT_ID":179395,"FEATURE_CODE":2100,"GEOM_SOURCE":"Photogrammetric","GROUND_ELEVATION":33,"HEIGHT_ROOF":65.19,"LAST_EDITED_DATE":1503425366000,"LAST_STATUS_TYPE":"Constructed","MAPPLUTO_BBL":"1004650050","NAME":null,"Shape__Area":573.49609375,"Shape__Length":140.87340944644933}},{"type":"Feature","id":707850,"geometry":{"type":"Polygon","coordinates":[[[-73.9807685069958,40.7293568059003],[-73.9807089461114,40.7293319482],[-73.9807534428796,40.7292702491812],[-73.9808379787674,40.7293055308041],[-73.9808828630836,40.7293242643437],[-73.9809617509824,40.7293571883063],[-73.980917254349,40.7294188874048],[-73.9807685069958,40.7293568059003]]]},"properties":{"OBJECTID":707850,"BASE_BBL":"1004060005","BIN":1005200,"CONSTRUCTION_YEAR":1910,"DOITT_ID":438536,"FEATURE_CODE":2100,"GEOM_SOURCE":"Photogrammetric","GROUND_ELEVATION":16,"HEIGHT_ROOF":43.34,"LAST_EDITED_DATE":1503430084000,"LAST_STATUS_TYPE":"Constructed","MAPPLUTO_BBL":"1004060005","NAME":null,"Shape__Area":273.4296875,"Shape__Length":73.60352636637859}},{"type":"Feature","id":708350,"geometry":{"type":"Polygon","coordinates":[[[-73.9828802498991,40.7271819554183],[-73.983020254785,40.7269897291703],[-73.9830967370614,40.7270219678399],[-73.9830868663254,40.727035520853],[-73.98311428374,40.7270470784075],[-73.9831241556558,40.7270335253923],[-73.9831956942531,40.7270636803939],[-73.983099896217,40.7271952109356],[-73.9830795861001,40.7271866495154],[-73.9830353784041,40.7272473463257],[-73.9828802498991,40.7271819554183]]]},"properties":{"OBJECTID":708350,"BASE_BBL":"1004360030","BIN":1082477,"CONSTRUCTION_YEAR":1928,"DOITT_ID":331492,"FEATURE_CODE":2100,"GEOM_SOURCE":"Photogrammetric","GROUND_ELEVATION":18,"HEIGHT_ROOF":55.65,"LAST_EDITED_DATE":1503427456000,"LAST_STATUS_TYPE":"Constructed","MAPPLUTO_BBL":"1004360030","NAME":null,"Shape__Area":686.46875,"Shape__Length":113.74805437263615}},{"type":"Feature","id":709834,"geometry":{"type":"Polygon","coordinates":[[[-73.9855267390735,40.7299316980611],[-73.9856028885864,40.7298268613775],[-73.9856724211357,40.7297311333652],[-73.9856806127063,40.7297198555122],[-73.9858315396969,40.7297832961069],[-73.9858237483676,40.7297940220079],[-73.9858045471107,40.7298204585785],[-73.9857767078667,40.7298587861974],[-73.9857174012067,40.7299404351856],[-73.9856776663972,40.7299951397561],[-73.9855267390735,40.7299316980611]]]},"properties":{"OBJECTID":709834,"BASE_BBL":"1004520013","BIN":1006438,"CONSTRUCTION_YEAR":1925,"DOITT_ID":224696,"FEATURE_CODE":2100,"GEOM_SOURCE":"Photogrammetric","GROUND_ELEVATION":28,"HEIGHT_ROOF":80.96,"LAST_EDITED_DATE":1503424461000,"LAST_STATUS_TYPE":"Constructed","MAPPLUTO_BBL":"1004520013","NAME":null,"Shape__Area":682.4765625,"Shape__Length":109.47021810057021}},{"type":"Feature","id":711284,"geometry":{"type":"Polygon","coordinates":[[[-73.9855942851868,40.7306699498238],[-73.9858262093534,40.7307682411971],[-73.985875038758,40.7307889354803],[-73.9858050425759,40.7308845122586],[-73.985524288727,40.730765526433],[-73.985565434303,40.7307093434628],[-73.9855942851868,40.7306699498238]]]},"properties":{"OBJECTID":711284,"BASE_BBL":"1004530008","BIN":1006476,"CONSTRUCTION_YEAR":1920,"DOITT_ID":759581,"FEATURE_CODE":2100,"GEOM_SOURCE":"Photogrammetric","GROUND_ELEVATION":29,"HEIGHT_ROOF":67.05,"LAST_EDITED_DATE":1503424461000,"LAST_STATUS_TYPE":"Constructed","MAPPLUTO_BBL":"1004530008","NAME":null,"Shape__Area":575.00390625,"Shape__Length":103.73342032886217}},{"type":"Feature","id":712472,"geometry":{"type":"Polygon","coordinates":[[[-73.9846506527043,40.7276187591524],[-73.9847445300836,40.7274898601623],[-73.9848289355502,40.7275254369151],[-73.9847566701105,40.7276246607615],[-73.9846556631946,40.7277633482424],[-73.9846077903364,40.7277431695526],[-73.9846745181764,40.7276515480617],[-73.9846396163851,40.7276368362992],[-73.9846379865777,40.727636149894],[-73.9846415068548,40.7276313155308],[-73.9846506527043,40.7276187591524]]]},"properties":{"OBJECTID":712472,"BASE_BBL":"1004360056","BIN":1005891,"CONSTRUCTION_YEAR":1920,"DOITT_ID":645253,"FEATURE_CODE":2100,"GEOM_SOURCE":"Photogrammetric","GROUND_ELEVATION":22,"HEIGHT_ROOF":58.89,"LAST_EDITED_DATE":1503424462000,"LAST_STATUS_TYPE":"Constructed","MAPPLUTO_BBL":"1004360056","NAME":null,"Shape__Area":357.62890625,"Shape__Length":101.33779263366719}},{"type":"Feature","id":712901,"geometry":{"type":"Polygon","coordinates":[[[-73.9840711022993,40.7269903412757],[-73.9841692994912,40.7268552901624],[-73.9842297376171,40.7268807243283],[-73.9841315393265,40.7270157754925],[-73.9840711022993,40.7269903412757]]]},"properties":{"OBJECTID":712901,"BASE_BBL":"1004350022","BIN":1005830,"CONSTRUCTION_YEAR":1900,"DOITT_ID":126923,"FEATURE_CODE":2100,"GEOM_SOURCE":"Photogrammetric","GROUND_ELEVATION":21,"HEIGHT_ROOF":49.75,"LAST_EDITED_DATE":1503427471000,"LAST_STATUS_TYPE":"Constructed","MAPPLUTO_BBL":"1004350022","NAME":null,"Shape__Area":174.3046875,"Shape__Length":60.69213734490043}},{"type":"Feature","id":713323,"geometry":{"type":"Polygon","coordinates":[[[-73.9852477669792,40.727970988421],[-73.985301039547,40.7278979594549],[-73.9853981648189,40.7279389629774],[-73.9854295954199,40.7279522323553],[-73.9854010309421,40.7279913900706],[-73.9853763241334,40.72802526048],[-73.9852477669792,40.727970988421]]]},"properties":{"OBJECTID":713323,"BASE_BBL":"1004500033","BIN":1077697,"CONSTRUCTION_YEAR":1900,"DOITT_ID":235040,"FEATURE_CODE":2100,"GEOM_SOURCE":"Photogrammetric","GROUND_ELEVATION":26,"HEIGHT_ROOF":47.35,"LAST_EDITED_DATE":1503427471000,"LAST_STATUS_TYPE":"Constructed","MAPPLUTO_BBL":"1004500033","NAME":null,"Shape__Area":200.80078125,"Shape__Length":57.278415533002686}},{"type":"Feature","id":717014,"geometry":{"type":"Polygon","coordinates":[[[-73.9811365317447,40.7284390861788],[-73.9812327621207,40.7283056482836],[-73.9813119874908,40.7283387134459],[-73.9813118702571,40.7283388755185],[-73.9812619581745,40.7284080868254],[-73.9812157560417,40.728472152307],[-73.9811942290305,40.7284631671181],[-73.9811288014932,40.7285538934911],[-73.9811162969272,40.7285486747934],[-73.981095209014,40.7285398733619],[-73.9811482120964,40.7284663771127],[-73.981124104886,40.7284563162807],[-73.9811365317447,40.7284390861788]]]},"properties":{"OBJECTID":717014,"BASE_BBL":"1004050058","BIN":1005195,"CONSTRUCTION_YEAR":1910,"DOITT_ID":776845,"FEATURE_CODE":2100,"GEOM_SOURCE":"Photogrammetric","GROUND_ELEVATION":16,"HEIGHT_ROOF":49.7,"LAST_EDITED_DATE":1503425352000,"LAST_STATUS_TYPE":"Constructed","MAPPLUTO_BBL":"1004050058","NAME":null,"Shape__Area":298.57421875,"Shape__Length":95.18806864095936}},{"type":"Feature","id":718058,"geometry":{"type":"Polygon","coordinates":[[[-73.9834759911554,40.7270028843625],[-73.983516391415,40.7269474124903],[-73.9836360317102,40.7269978427516],[-73.9835926156234,40.7270574538758],[-73.9835747543005,40.7270499248751],[-73.9835719489823,40.7270401395435],[-73.9835591559753,40.7270433498337],[-73.983548791561,40.7270575808991],[-73.9835600698414,40.7270623353965],[-73.9834735452372,40.7271811343747],[-73.9833990699389,40.7271497418234],[-73.9834855934516,40.727030942],[-73.9834978931469,40.7270361270933],[-73.9835082587525,40.7270218960325],[-73.9835040639305,40.7270115242689],[-73.9834899950337,40.7270141976652],[-73.9834729764378,40.72700702357],[-73.9834759911554,40.7270028843625]]]},"properties":{"OBJECTID":718058,"BASE_BBL":"1004360037","BIN":1005883,"CONSTRUCTION_YEAR":1910,"DOITT_ID":515406,"FEATURE_CODE":2100,"GEOM_SOURCE":"Photogrammetric","GROUND_ELEVATION":19,"HEIGHT_ROOF":66.54,"LAST_EDITED_DATE":1503430084000,"LAST_STATUS_TYPE":"Constructed","MAPPLUTO_BBL":"1004360037","NAME":null,"Shape__Area":354.625,"Shape__Length":102.99606444406878}},{"type":"Feature","id":720527,"geometry":{"type":"Polygon","coordinates":[[[-73.9853691652463,40.7290703982654],[-73.9854736279307,40.7289264525483],[-73.985501345006,40.7288882600588],[-73.9855590631625,40.7289125009035],[-73.9855155468549,40.7289724648234],[-73.9855406740008,40.7289830183421],[-73.9854458202671,40.7291137233518],[-73.9854283404887,40.7291063819948],[-73.9853629736319,40.729078928899],[-73.9853691652463,40.7290703982654]]]},"properties":{"OBJECTID":720527,"BASE_BBL":"1004510025","BIN":1006415,"CONSTRUCTION_YEAR":1900,"DOITT_ID":579433,"FEATURE_CODE":2100,"GEOM_SOURCE":"Photogrammetric","GROUND_ELEVATION":24,"HEIGHT_ROOF":55.15,"LAST_EDITED_DATE":1503422932000,"LAST_STATUS_TYPE":"Constructed","MAPPLUTO_BBL":"1004510025","NAME":null,"Shape__Area":304.8828125,"Shape__Length":85.0178550242106}},{"type":"Feature","id":721853,"geometry":{"type":"Polygon","coordinates":[[[-73.9838553186361,40.7287812317212],[-73.9838959730929,40.7287252743906],[-73.9839537118229,40.7287495511633],[-73.9840260575095,40.7287799696032],[-73.9841834705326,40.728846154415],[-73.9841428150597,40.728902111846],[-73.9839590500679,40.7288248470531],[-73.9838553186361,40.7287812317212]]]},"properties":{"OBJECTID":721853,"BASE_BBL":"1004380002","BIN":1005929,"CONSTRUCTION_YEAR":1930,"DOITT_ID":354190,"FEATURE_CODE":2100,"GEOM_SOURCE":"Photogrammetric","GROUND_ELEVATION":22,"HEIGHT_ROOF":56.63,"LAST_EDITED_DATE":1503424461000,"LAST_STATUS_TYPE":"Constructed","MAPPLUTO_BBL":"1004380002","NAME":null,"Shape__Area":343.4296875,"Shape__Length":91.96711280387859}},{"type":"Feature","id":723046,"geometry":{"type":"Polygon","coordinates":[[[-73.9872234330304,40.7297835489786],[-73.9871959356365,40.7297720626378],[-73.9871301069307,40.7297445636701],[-73.9870907375674,40.7297281177759],[-73.9871310903869,40.7296722151084],[-73.9873092403277,40.7297466349068],[-73.9873835251202,40.7297776664939],[-73.9873567026784,40.7298148248454],[-73.9872824178571,40.7297837932412],[-73.9872688876127,40.7298025367356],[-73.9872234330304,40.7297835489786]]]},"properties":{"OBJECTID":723046,"BASE_BBL":"1004650048","BIN":1006796,"CONSTRUCTION_YEAR":1900,"DOITT_ID":505924,"FEATURE_CODE":2100,"GEOM_SOURCE":"Photogrammetric","GROUND_ELEVATION":33,"HEIGHT_ROOF":55.25,"LAST_EDITED_DATE":1503428729000,"LAST_STATUS_TYPE":"Constructed","MAPPLUTO_BBL":"1004650048","NAME":null,"Shape__Area":270.7109375,"Shape__Length":82.89604280990156}},{"type":"Feature","id":730166,"geometry":{"type":"Polygon","coordinates":[[[-73.9844220196849,40.7263371293602],[-73.9845151284659,40.726209129139],[-73.9845959684751,40.7262431630173],[-73.984579873553,40.7262652899751],[-73.9845577884563,40.7262956512838],[-73.9845335021677,40.7263290389036],[-73.9845028598018,40.7263711633033],[-73.9844220196849,40.7263371293602]]]},"properties":{"OBJECTID":730166,"BASE_BBL":"1004340021","BIN":1077641,"CONSTRUCTION_YEAR":1900,"DOITT_ID":57508,"FEATURE_CODE":2100,"GEOM_SOURCE":"Photogrammetric","GROUND_ELEVATION":19,"HEIGHT_ROOF":55.51,"LAST_EDITED_DATE":1503429099000,"LAST_STATUS_TYPE":"Constructed","MAPPLUTO_BBL":"1004340021","NAME":null,"Shape__Area":221.015625,"Shape__Length":63.528446054986055}},{"type":"Feature","id":732747,"geometry":{"type":"Polygon","coordinates":[[[-73.9867003600641,40.7294361554411],[-73.986636387871,40.7294092885613],[-73.9865599579337,40.7293771909384],[-73.9864720432387,40.7293402687912],[-73.9864305390143,40.7293228381635],[-73.9864555477414,40.7292883759351],[-73.9865067527363,40.7292178153764],[-73.9867031547507,40.7293002996088],[-73.986738872223,40.729315298999],[-73.98681848735,40.729348735024],[-73.986884699007,40.7293765412885],[-73.986898141617,40.7293821872074],[-73.986821928324,40.7294872093508],[-73.9867003600641,40.7294361554411]]]},"properties":{"OBJECTID":732747,"BASE_BBL":"1004510004","BIN":1006403,"CONSTRUCTION_YEAR":1920,"DOITT_ID":525442,"FEATURE_CODE":2100,"GEOM_SOURCE":"Photogrammetric","GROUND_ELEVATION":30,"HEIGHT_ROOF":36.91,"LAST_EDITED_DATE":1503429096000,"LAST_STATUS_TYPE":"Constructed","MAPPLUTO_BBL":"1004510004","NAME":null,"Shape__Area":877.0234375,"Shape__Length":134.83841745401145}},{"type":"Feature","id":734382,"geometry":{"type":"Polygon","coordinates":[[[-73.9862012868839,40.7269557980272],[-73.9860574509537,40.7268951629358],[-73.9860996842471,40.7268371824609],[-73.986299450733,40.7269213976936],[-73.9862572187439,40.7269793773407],[-73.9862012868839,40.7269557980272]]]},"properties":{"OBJECTID":734382,"BASE_BBL":"1004480029","BIN":1006285,"CONSTRUCTION_YEAR":1910,"DOITT_ID":583915,"FEATURE_CODE":2100,"GEOM_SOURCE":"Photogrammetric","GROUND_ELEVATION":27,"HEIGHT_ROOF":45.38,"LAST_EDITED_DATE":1503423897000,"LAST_STATUS_TYPE":"Constructed","MAPPLUTO_BBL":"1004480029","NAME":null,"Shape__Area":247.5546875,"Shape__Length":70.3508619119791}},{"type":"Feature","id":734507,"geometry":{"type":"Polygon","coordinates":[[[-73.9806771616262,40.7290704360179],[-73.9807114409086,40.7290229030036],[-73.9807637425647,40.7289503811691],[-73.9808437567392,40.7289837763685],[-73.9807768313769,40.7290765752573],[-73.9807571759015,40.7291038312769],[-73.9806901633634,40.7290758628637],[-73.9806771616262,40.7290704360179]]]},"properties":{"OBJECTID":734507,"BASE_BBL":"1004060061","BIN":1076991,"CONSTRUCTION_YEAR":1900,"DOITT_ID":219677,"FEATURE_CODE":2100,"GEOM_SOURCE":"Photogrammetric","GROUND_ELEVATION":16,"HEIGHT_ROOF":49.46,"LAST_EDITED_DATE":1503423154000,"LAST_STATUS_TYPE":"Constructed","MAPPLUTO_BBL":"1004060061","NAME":null,"Shape__Area":204.36328125,"Shape__Length":60.53265217160245}},{"type":"Feature","id":740810,"geometry":{"type":"Polygon","coordinates":[[[-73.9810333783575,40.7288810542938],[-73.9810814318458,40.7288144218423],[-73.9811523418452,40.7288440169857],[-73.9812235383365,40.7288737318997],[-73.9812952177968,40.7289036476614],[-73.9813017026957,40.728906353843],[-73.9812541834325,40.7289722462542],[-73.9812536493614,40.7289729863856],[-73.9812533155884,40.7289728467524],[-73.9811530428746,40.7289309972486],[-73.9810333783575,40.7288810542938]]]},"properties":{"OBJECTID":740810,"BASE_BBL":"1004050008","BIN":1005166,"CONSTRUCTION_YEAR":1920,"DOITT_ID":414639,"FEATURE_CODE":2100,"GEOM_SOURCE":"Photogrammetric","GROUND_ELEVATION":17,"HEIGHT_ROOF":51.31,"LAST_EDITED_DATE":1503429099000,"LAST_STATUS_TYPE":"Constructed","MAPPLUTO_BBL":"1004050008","NAME":null,"Shape__Area":312.25390625,"Shape__Length":78.29556704681336}},{"type":"Feature","id":741482,"geometry":{"type":"Polygon","coordinates":[[[-73.9832965548962,40.7289902015569],[-73.9833832894626,40.7288708210423],[-73.9834018649972,40.7288452537728],[-73.9834701519499,40.7288739655123],[-73.9834798516042,40.7288780435075],[-73.9833745416208,40.7290229922629],[-73.983356728319,40.7290155019592],[-73.9832965548962,40.7289902015569]]]},"properties":{"OBJECTID":741482,"BASE_BBL":"1004380013","BIN":1005936,"CONSTRUCTION_YEAR":1920,"DOITT_ID":737524,"FEATURE_CODE":2100,"GEOM_SOURCE":"Photogrammetric","GROUND_ELEVATION":21,"HEIGHT_ROOF":54.16,"LAST_EDITED_DATE":1503429116000,"LAST_STATUS_TYPE":"Constructed","MAPPLUTO_BBL":"1004380013","NAME":null,"Shape__Area":241.30859375,"Shape__Length":68.46916640071701}},{"type":"Feature","id":743283,"geometry":{"type":"Polygon","coordinates":[[[-73.9820910778604,40.7282636573507],[-73.9821335298457,40.7282052281204],[-73.9822170104675,40.7282403302715],[-73.9823732439325,40.7283060230019],[-73.9823307920932,40.7283644523198],[-73.982198997229,40.7283090354177],[-73.9820910778604,40.7282636573507]]]},"properties":{"OBJECTID":743283,"BASE_BBL":"1004380030","BIN":1005947,"CONSTRUCTION_YEAR":1910,"DOITT_ID":700009,"FEATURE_CODE":2100,"GEOM_SOURCE":"Photogrammetric","GROUND_ELEVATION":19,"HEIGHT_ROOF":57.03,"LAST_EDITED_DATE":1503424702000,"LAST_STATUS_TYPE":"Constructed","MAPPLUTO_BBL":"1004380030","NAME":null,"Shape__Area":299,"Shape__Length":80.63072722293224}},{"type":"Feature","id":743284,"geometry":{"type":"Polygon","coordinates":[[[-73.98681848735,40.729348735024],[-73.9868099126361,40.7293353299693],[-73.9867528186195,40.7293113527735],[-73.986738872223,40.729315298999],[-73.9867031547507,40.7293002996088],[-73.986711083234,40.7292893737504],[-73.9866323228177,40.7292562961526],[-73.9866627970471,40.7292143044587],[-73.9866631155599,40.7292138650473],[-73.9866792615442,40.729220645946],[-73.9867418759416,40.7292469417238],[-73.9867432494521,40.7292450490124],[-73.9867525715611,40.7292322043274],[-73.9867893850565,40.7292476648886],[-73.9867892592776,40.729261137386],[-73.9868270457483,40.7292770068777],[-73.9868463532641,40.7292851154644],[-73.9868471926489,40.7292845311301],[-73.9868584811286,40.7292766835842],[-73.986947557105,40.7293140927435],[-73.9869437669381,40.7293193152648],[-73.9869005594665,40.7293788546996],[-73.986898141617,40.7293821872074],[-73.986884699007,40.7293765412885],[-73.98681848735,40.729348735024]]]},"properties":{"OBJECTID":743284,"BASE_BBL":"1004510001","BIN":1077565,"CONSTRUCTION_YEAR":1900,"DOITT_ID":670961,"FEATURE_CODE":2100,"GEOM_SOURCE":"Photogrammetric","GROUND_ELEVATION":30,"HEIGHT_ROOF":59.16,"LAST_EDITED_DATE":1503427823000,"LAST_STATUS_TYPE":"Constructed","MAPPLUTO_BBL":"1004510001","NAME":null,"Shape__Area":329.6875,"Shape__Length":95.77473428991227}},{"type":"Feature","id":747432,"geometry":{"type":"Polygon","coordinates":[[[-73.9860398924417,40.7314992316943],[-73.9858597756285,40.7314234985686],[-73.9858981730827,40.7313706506307],[-73.9861344384559,40.7314699927982],[-73.9861083263409,40.7315059289459],[-73.9860521788443,40.7314823207327],[-73.9860398924417,40.7314992316943]]]},"properties":{"OBJECTID":747432,"BASE_BBL":"1004680038","BIN":1006870,"CONSTRUCTION_YEAR":1900,"DOITT_ID":801276,"FEATURE_CODE":2100,"GEOM_SOURCE":"Photogrammetric","GROUND_ELEVATION":30,"HEIGHT_ROOF":55.96,"LAST_EDITED_DATE":1503423145000,"LAST_STATUS_TYPE":"Constructed","MAPPLUTO_BBL":"1004680038","NAME":null,"Shape__Area":246.29296875,"Shape__Length":77.88155485395407}},{"type":"Feature","id":747949,"geometry":{"type":"Polygon","coordinates":[[[-73.9864003794903,40.7290746264695],[-73.9864363194252,40.7290251018231],[-73.9864768321564,40.7289692750411],[-73.9865577380807,40.7290032535059],[-73.986494286532,40.7290906890893],[-73.9864812855036,40.7291086049875],[-73.9864003794903,40.7290746264695]]]},"properties":{"OBJECTID":747949,"BASE_BBL":"1004510056","BIN":1006430,"CONSTRUCTION_YEAR":1900,"DOITT_ID":313962,"FEATURE_CODE":2100,"GEOM_SOURCE":"Photogrammetric","GROUND_ELEVATION":30,"HEIGHT_ROOF":43.39,"LAST_EDITED_DATE":1503429078000,"LAST_STATUS_TYPE":"Constructed","MAPPLUTO_BBL":"1004510056","NAME":null,"Shape__Area":181.859375,"Shape__Length":55.91738732477596}},{"type":"Feature","id":749456,"geometry":{"type":"Polygon","coordinates":[[[-73.9877381751018,40.729167757804],[-73.9877149449418,40.729157873145],[-73.9877164139103,40.7291452778853],[-73.98769240966,40.729135063553],[-73.9876779312836,40.7291421237948],[-73.9876515254328,40.7291308871195],[-73.9876484238736,40.7291190577034],[-73.9876045380381,40.7291003845408],[-73.987587188654,40.7291035119402],[-73.9875256109908,40.7290773094863],[-73.9875660990245,40.7290222441493],[-73.9876276766528,40.7290484456813],[-73.9876335136818,40.7290609768881],[-73.9876788269694,40.7290802589365],[-73.9876961158923,40.729077567363],[-73.9877251292902,40.7290899137329],[-73.9877104627045,40.7291098620407],[-73.9877348504485,40.7291202385017],[-73.9877495170292,40.7291002901908],[-73.9877786630147,40.7291126923929],[-73.9877863348338,40.7291253975848],[-73.9878302219202,40.7291440724792],[-73.9878436792917,40.7291403575006],[-73.9879010634894,40.7291647745354],[-73.9878605768296,40.7292198408897],[-73.9878031914157,40.7291954229344],[-73.9878001369204,40.7291849902166],[-73.9877562498155,40.7291663153108],[-73.9877381751018,40.729167757804]]]},"properties":{"OBJECTID":749456,"BASE_BBL":"1004640036","BIN":1006747,"CONSTRUCTION_YEAR":1900,"DOITT_ID":160270,"FEATURE_CODE":2100,"GEOM_SOURCE":"Photogrammetric","GROUND_ELEVATION":34,"HEIGHT_ROOF":66.39,"LAST_EDITED_DATE":1503424690000,"LAST_STATUS_TYPE":"Constructed","MAPPLUTO_BBL":"1004640036","NAME":null,"Shape__Area":343.7734375,"Shape__Length":116.82591940693472}},{"type":"Feature","id":749921,"geometry":{"type":"Polygon","coordinates":[[[-73.9837686817859,40.7262479805762],[-73.9837336898389,40.726296104251],[-73.9837254462633,40.7263074404964],[-73.9835660371221,40.7262403551411],[-73.9836092727434,40.7261808952802],[-73.9837686817859,40.7262479805762]]]},"properties":{"OBJECTID":749921,"BASE_BBL":"1004350037","BIN":1077644,"CONSTRUCTION_YEAR":1900,"DOITT_ID":539002,"FEATURE_CODE":2100,"GEOM_SOURCE":"Photogrammetric","GROUND_ELEVATION":19,"HEIGHT_ROOF":49.32,"LAST_EDITED_DATE":1503430370000,"LAST_STATUS_TYPE":"Constructed","MAPPLUTO_BBL":"1004350037","NAME":null,"Shape__Area":202.4140625,"Shape__Length":60.540643714122034}},{"type":"Feature","id":750095,"geometry":{"type":"Polygon","coordinates":[[[-73.9863458036095,40.7287272379283],[-73.9863849556943,40.7286735641316],[-73.9864691574464,40.7285581333222],[-73.9865487726822,40.728591742435],[-73.9864967666816,40.7286630377398],[-73.9864800419016,40.728685964534],[-73.9864508987226,40.7287259166865],[-73.9864254178012,40.7287608480259],[-73.9863458036095,40.7287272379283]]]},"properties":{"OBJECTID":750095,"BASE_BBL":"1004500015","BIN":1006368,"CONSTRUCTION_YEAR":1988,"DOITT_ID":51029,"FEATURE_CODE":2100,"GEOM_SOURCE":"Photogrammetric","GROUND_ELEVATION":29,"HEIGHT_ROOF":62.93,"LAST_EDITED_DATE":1503425661000,"LAST_STATUS_TYPE":"Constructed","MAPPLUTO_BBL":"1004500015","NAME":null,"Shape__Area":287.95703125,"Shape__Length":77.05754156118631}},{"type":"Feature","id":751178,"geometry":{"type":"Polygon","coordinates":[[[-73.9847245973629,40.7293918844617],[-73.9847570893896,40.7293471514912],[-73.9847747515822,40.7293228355882],[-73.9848557718728,40.7293568936067],[-73.9848198317781,40.7294063736327],[-73.9848056177119,40.7294259416146],[-73.9847245973629,40.7293918844617]]]},"properties":{"OBJECTID":751178,"BASE_BBL":"1004520026","BIN":1077701,"CONSTRUCTION_YEAR":1900,"DOITT_ID":415650,"FEATURE_CODE":2100,"GEOM_SOURCE":"Photogrammetric","GROUND_ELEVATION":26,"HEIGHT_ROOF":32.78,"LAST_EDITED_DATE":1234569600000,"LAST_STATUS_TYPE":"Constructed","MAPPLUTO_BBL":"1004520026","NAME":null,"Shape__Area":119.421875,"Shape__Length":43.78396658590219}},{"type":"Feature","id":753113,"geometry":{"type":"Polygon","coordinates":[[[-73.9858762939171,40.7303458889974],[-73.9859193962482,40.7302870352289],[-73.986001880045,40.7303219922232],[-73.9860053540582,40.7303234640766],[-73.9860031741392,40.7303264408932],[-73.9859622517793,40.7303823187774],[-73.9858762939171,40.7303458889974]]]},"properties":{"OBJECTID":753113,"BASE_BBL":"1004530001","BIN":1077705,"CONSTRUCTION_YEAR":1900,"DOITT_ID":712839,"FEATURE_CODE":2100,"GEOM_SOURCE":"Photogrammetric","GROUND_ELEVATION":29,"HEIGHT_ROOF":53.48,"LAST_EDITED_DATE":1503430371000,"LAST_STATUS_TYPE":"Constructed","MAPPLUTO_BBL":"1004530001","NAME":null,"Shape__Area":108.41015625,"Shape__Length":41.70292087902557}},{"type":"Feature","id":753248,"geometry":{"type":"Polygon","coordinates":[[[-73.9857174885115,40.72731790667],[-73.9857520569415,40.7272699678516],[-73.9857566919022,40.7272719018179],[-73.9858896192798,40.7273273769296],[-73.9859043941311,40.7273335427231],[-73.9858698257777,40.7273814815867],[-73.9857236420285,40.7273204747842],[-73.9857174885115,40.72731790667]]]},"properties":{"OBJECTID":753248,"BASE_BBL":"1004490035","BIN":1006338,"CONSTRUCTION_YEAR":1900,"DOITT_ID":728165,"FEATURE_CODE":2100,"GEOM_SOURCE":"Photogrammetric","GROUND_ELEVATION":26,"HEIGHT_ROOF":42.25,"LAST_EDITED_DATE":1503423136000,"LAST_STATUS_TYPE":"Constructed","MAPPLUTO_BBL":"1004490035","NAME":null,"Shape__Area":155.35546875,"Shape__Length":54.76847932093427}},{"type":"Feature","id":754951,"geometry":{"type":"Polygon","coordinates":[[[-73.9869520284789,40.72818132247],[-73.9870520499535,40.7280426121607],[-73.987058023404,40.72803432815],[-73.9871390516276,40.7280681423319],[-73.987033058011,40.7282151376265],[-73.9869520284789,40.72818132247]]]},"properties":{"OBJECTID":754951,"BASE_BBL":"1004490013","BIN":1006319,"CONSTRUCTION_YEAR":1900,"DOITT_ID":31900,"FEATURE_CODE":2100,"GEOM_SOURCE":"Photogrammetric","GROUND_ELEVATION":30,"HEIGHT_ROOF":57.82,"LAST_EDITED_DATE":1503426703000,"LAST_STATUS_TYPE":"Constructed","MAPPLUTO_BBL":"1004490013","NAME":null,"Shape__Area":253.37890625,"Shape__Length":69.80746337089887}},{"type":"Feature","id":755320,"geometry":{"type":"Polygon","coordinates":[[[-73.983407952672,40.7286893225388],[-73.9835441795927,40.7285018183179],[-73.9836233897115,40.7285351232229],[-73.983588326585,40.7285833846064],[-73.9834837964614,40.7287272610725],[-73.9834654838687,40.7287524654884],[-73.9833862735704,40.7287191604757],[-73.9834078318907,40.728689488215],[-73.983407952672,40.7286893225388]]]},"properties":{"OBJECTID":755320,"BASE_BBL":"1004380049","BIN":1005961,"CONSTRUCTION_YEAR":1920,"DOITT_ID":522255,"FEATURE_CODE":2100,"GEOM_SOURCE":"Photogrammetric","GROUND_ELEVATION":20,"HEIGHT_ROOF":56.75,"LAST_EDITED_DATE":1503424701000,"LAST_STATUS_TYPE":"Constructed","MAPPLUTO_BBL":"1004380049","NAME":null,"Shape__Area":367.51953125,"Shape__Length":93.05986751433726}},{"type":"Feature","id":755507,"geometry":{"type":"Polygon","coordinates":[[[-73.9850917547623,40.7308390202951],[-73.9851274562168,40.7307899462924],[-73.9851930140246,40.7308175463227],[-73.9851960560142,40.730818827237],[-73.9851946942697,40.7308206983187],[-73.9851058325643,40.7309428453524],[-73.9851002351801,40.7309505394741],[-73.9850316352886,40.7309216584731],[-73.9850917547623,40.7308390202951]]]},"properties":{"OBJECTID":755507,"BASE_BBL":"1004540065","BIN":1006508,"CONSTRUCTION_YEAR":1900,"DOITT_ID":300870,"FEATURE_CODE":2100,"GEOM_SOURCE":"Photogrammetric","GROUND_ELEVATION":26,"HEIGHT_ROOF":43.05,"LAST_EDITED_DATE":1503429062000,"LAST_STATUS_TYPE":"Constructed","MAPPLUTO_BBL":"1004540065","NAME":null,"Shape__Area":193.0078125,"Shape__Length":61.66018618102353}},{"type":"Feature","id":757654,"geometry":{"type":"Polygon","coordinates":[[[-73.9830950184345,40.7300457340993],[-73.9832670832633,40.7301181123985],[-73.9832465120309,40.7301463394542],[-73.9831958504506,40.7301249738086],[-73.9831882929983,40.7301217867059],[-73.9831298349164,40.7300971330361],[-73.9830929673705,40.7300815839494],[-73.9830745525418,40.7300738179592],[-73.9830950184345,40.7300457340993]]]},"properties":{"OBJECTID":757654,"BASE_BBL":"1004400001","BIN":1083481,"CONSTRUCTION_YEAR":1900,"DOITT_ID":90074,"FEATURE_CODE":2100,"GEOM_SOURCE":"Photogrammetric","GROUND_ELEVATION":22,"HEIGHT_ROOF":57.37,"LAST_EDITED_DATE":1503430369000,"LAST_STATUS_TYPE":"Constructed","MAPPLUTO_BBL":"1004400001","NAME":null,"Shape__Area":103.515625,"Shape__Length":53.26419355321856}},{"type":"Feature","id":759847,"geometry":{"type":"Polygon","coordinates":[[[-73.9853820887406,40.7296232168358],[-73.9853657493312,40.7296457121704],[-73.9853478587368,40.729670343312],[-73.9853325909787,40.7296749483712],[-73.9853168234619,40.7296966558264],[-73.9853032672948,40.7296909565786],[-73.9852938347228,40.7297039425113],[-73.9853073908919,40.7297096417603],[-73.9852759138363,40.729752977424],[-73.9852762074529,40.7297688363205],[-73.9852441832915,40.7298129256311],[-73.9851690531998,40.7297813441453],[-73.9852010785795,40.7297372548556],[-73.9852196367263,40.7297293219559],[-73.9852370194026,40.7297053904646],[-73.9852443011213,40.7297084504259],[-73.9852649530955,40.729680019507],[-73.9852576713792,40.7296769586465],[-73.9852763139145,40.7296512929305],[-73.9852726447187,40.7296387267626],[-73.985306875943,40.7295916012092],[-73.9853820887406,40.7296232168358]]]},"properties":{"OBJECTID":759847,"BASE_BBL":"1004520019","BIN":1006441,"CONSTRUCTION_YEAR":1900,"DOITT_ID":268911,"FEATURE_CODE":2100,"GEOM_SOURCE":"Photogrammetric","GROUND_ELEVATION":27,"HEIGHT_ROOF":74.23,"LAST_EDITED_DATE":1503427808000,"LAST_STATUS_TYPE":"Constructed","MAPPLUTO_BBL":"1004520019","NAME":null,"Shape__Area":260.6875,"Shape__Length":89.62394532639742}},{"type":"Feature","id":761978,"geometry":{"type":"Polygon","coordinates":[[[-73.9829797488938,40.7288569960317],[-73.9830833343234,40.7287138601051],[-73.9831413536691,40.7286336873046],[-73.98313832602,40.7286324198454],[-73.9831392970129,40.7286310836323],[-73.9832969916844,40.728697388566],[-73.9832151263693,40.7288100681414],[-73.9831339310025,40.7289218238329],[-73.9830744596261,40.7288968178834],[-73.9830887096111,40.7288772050935],[-73.9830495654854,40.7288607461419],[-73.9830353154922,40.7288803598275],[-73.9829797488938,40.7288569960317]]]},"properties":{"OBJECTID":761978,"BASE_BBL":"1004380016","BIN":1005937,"CONSTRUCTION_YEAR":2001,"DOITT_ID":938362,"FEATURE_CODE":2100,"GEOM_SOURCE":"Other (Manual)","GROUND_ELEVATION":21,"HEIGHT_ROOF":85,"LAST_EDITED_DATE":1503426094000,"LAST_STATUS_TYPE":"Constructed","MAPPLUTO_BBL":"1004387502","NAME":null,"Shape__Area":723.58984375,"Shape__Length":121.93902314493461}},{"type":"Feature","id":769481,"geometry":{"type":"Polygon","coordinates":[[[-73.9857492439681,40.7296861291671],[-73.9857811730072,40.7296421702774],[-73.985795926859,40.7296381432219],[-73.9858134490274,40.7296140180511],[-73.9858239739281,40.7296184417455],[-73.9858445474774,40.7295901178732],[-73.9858340225798,40.7295856941807],[-73.9858539034235,40.7295583229598],[-73.9858485559883,40.7295494009627],[-73.9858657335448,40.72952575121],[-73.9858906194886,40.7294914899036],[-73.9859690850834,40.7295244716174],[-73.9859392520568,40.7295655455858],[-73.9859376961678,40.7295676877061],[-73.9859270216303,40.7295823836054],[-73.9859166302531,40.7295846894385],[-73.9858967494273,40.7296120606703],[-73.9858840253247,40.7296067118906],[-73.9858634517868,40.7296350366704],[-73.9858761758933,40.7296403854523],[-73.9858586537408,40.729664509732],[-73.985859638725,40.7296751529656],[-73.985827709722,40.7297191118768],[-73.9857492439681,40.7296861291671]]]},"properties":{"OBJECTID":769481,"BASE_BBL":"1004520051","BIN":1006466,"CONSTRUCTION_YEAR":1900,"DOITT_ID":648783,"FEATURE_CODE":2100,"GEOM_SOURCE":"Photogrammetric","GROUND_ELEVATION":28,"HEIGHT_ROOF":57.31,"LAST_EDITED_DATE":1503423855000,"LAST_STATUS_TYPE":"Constructed","MAPPLUTO_BBL":"1004520051","NAME":null,"Shape__Area":282.95703125,"Shape__Length":92.7860792019435}},{"type":"Feature","id":769623,"geometry":{"type":"Polygon","coordinates":[[[-73.98313832602,40.7286324198454],[-73.9831413536691,40.7286336873046],[-73.9830833343234,40.7287138601051],[-73.9829797488938,40.7288569960317],[-73.9829793687823,40.7288575218727],[-73.98289995854,40.7288242633229],[-73.9830619436126,40.7286004288654],[-73.98313832602,40.7286324198454]]]},"properties":{"OBJECTID":769623,"BASE_BBL":"1004380018","BIN":1087563,"CONSTRUCTION_YEAR":2007,"DOITT_ID":996159,"FEATURE_CODE":2100,"GEOM_SOURCE":"Photogrammetric","GROUND_ELEVATION":20,"HEIGHT_ROOF":86.15843442,"LAST_EDITED_DATE":1503426685000,"LAST_STATUS_TYPE":"Constructed","MAPPLUTO_BBL":"1004380018","NAME":null,"Shape__Area":378.75,"Shape__Length":95.20128716485117}},{"type":"Feature","id":772502,"geometry":{"type":"Polygon","coordinates":[[[-73.9857470956297,40.7306042812357],[-73.9857841379963,40.730553702444],[-73.9859588050645,40.7306277285693],[-73.9859217639732,40.7306783065164],[-73.9857470956297,40.7306042812357]]]},"properties":{"OBJECTID":772502,"BASE_BBL":"1004530005","BIN":1006473,"CONSTRUCTION_YEAR":1910,"DOITT_ID":41089,"FEATURE_CODE":2100,"GEOM_SOURCE":"Photogrammetric","GROUND_ELEVATION":29,"HEIGHT_ROOF":54.65,"LAST_EDITED_DATE":1503425636000,"LAST_STATUS_TYPE":"Constructed","MAPPLUTO_BBL":"1004530005","NAME":null,"Shape__Area":189.30859375,"Shape__Length":61.55153358809323}},{"type":"Feature","id":772788,"geometry":{"type":"Polygon","coordinates":[[[-73.986634283286,40.7284702008032],[-73.9866846917116,40.7284010952874],[-73.9866948200355,40.728387210611],[-73.9867247266282,40.7283462120914],[-73.9867388605531,40.728326835669],[-73.9868201587586,40.7283611561911],[-73.986782643556,40.7284125862576],[-73.986707377352,40.7285157678076],[-73.9867041235901,40.7285202294534],[-73.9866228240666,40.7284859088501],[-73.986634283286,40.7284702008032]]]},"properties":{"OBJECTID":772788,"BASE_BBL":"1004500050","BIN":1006398,"CONSTRUCTION_YEAR":1900,"DOITT_ID":698816,"FEATURE_CODE":2100,"GEOM_SOURCE":"Photogrammetric","GROUND_ELEVATION":30,"HEIGHT_ROOF":57.77,"LAST_EDITED_DATE":1503423124000,"LAST_STATUS_TYPE":"Constructed","MAPPLUTO_BBL":"1004500050","NAME":null,"Shape__Area":276.59765625,"Shape__Length":74.11887787787096}},{"type":"Feature","id":773120,"geometry":{"type":"Polygon","coordinates":[[[-73.9836367899062,40.7283356416983],[-73.983716242081,40.7282254612876],[-73.9837237543749,40.7282285961205],[-73.9837965989247,40.7282589967672],[-73.9837848832582,40.7282752439009],[-73.9837648077034,40.7283030830067],[-73.9837563826912,40.7283147659217],[-73.9837501411936,40.7283234225337],[-73.9837171468429,40.7283691772329],[-73.9836367899062,40.7283356416983]]]},"properties":{"OBJECTID":773120,"BASE_BBL":"1004370013","BIN":1005902,"CONSTRUCTION_YEAR":1900,"DOITT_ID":214082,"FEATURE_CODE":2100,"GEOM_SOURCE":"Photogrammetric","GROUND_ELEVATION":22,"HEIGHT_ROOF":54.06,"LAST_EDITED_DATE":1503426700000,"LAST_STATUS_TYPE":"Constructed","MAPPLUTO_BBL":"1004370013","NAME":null,"Shape__Area":188.3515625,"Shape__Length":57.312160272549534}},{"type":"Feature","id":777577,"geometry":{"type":"Polygon","coordinates":[[[-73.985920533605,40.7293130937741],[-73.9859534711968,40.7292677076512],[-73.98596904086,40.7292622074405],[-73.9859889866811,40.7292347227388],[-73.9859999778851,40.7292393391829],[-73.9860195364932,40.72921238753],[-73.9860085452923,40.7292077710877],[-73.9860284034591,40.7291804070364],[-73.9860269338126,40.7291664786888],[-73.9860562953519,40.7291260178848],[-73.9860584918119,40.7291229915406],[-73.9861379347412,40.7291563559756],[-73.986134338708,40.7291613110426],[-73.9861063767778,40.7291998431453],[-73.9860868357902,40.7292049475716],[-73.9860724350511,40.7292247921441],[-73.9860599800071,40.7292293724259],[-73.9860404214104,40.7292563240857],[-73.986041512863,40.7292674013764],[-73.9860274732411,40.7292867480055],[-73.986032914246,40.729301072158],[-73.9859999766919,40.7293464583034],[-73.985920533605,40.7293130937741]]]},"properties":{"OBJECTID":777577,"BASE_BBL":"1004510018","BIN":1006409,"CONSTRUCTION_YEAR":1900,"DOITT_ID":358009,"FEATURE_CODE":2100,"GEOM_SOURCE":"Photogrammetric","GROUND_ELEVATION":28,"HEIGHT_ROOF":65.65,"LAST_EDITED_DATE":1503426702000,"LAST_STATUS_TYPE":"Constructed","MAPPLUTO_BBL":"1004510018","NAME":null,"Shape__Area":269.69140625,"Shape__Length":89.24838577487849}},{"type":"Feature","id":778529,"geometry":{"type":"Polygon","coordinates":[[[-73.9815380576357,40.729023504949],[-73.9815933302002,40.7290472377012],[-73.9816829435875,40.729085715422],[-73.9816466486847,40.7291346342868],[-73.9816286260946,40.7291268960426],[-73.9815017626601,40.7290724246691],[-73.9815380576357,40.729023504949]]]},"properties":{"OBJECTID":778529,"BASE_BBL":"1004390028","BIN":1077672,"CONSTRUCTION_YEAR":1900,"DOITT_ID":725876,"FEATURE_CODE":2100,"GEOM_SOURCE":"Photogrammetric","GROUND_ELEVATION":18,"HEIGHT_ROOF":40.42,"LAST_EDITED_DATE":1503423124000,"LAST_STATUS_TYPE":"Constructed","MAPPLUTO_BBL":"1004390028","NAME":null,"Shape__Area":152.81640625,"Shape__Length":53.56348126325604}},{"type":"Feature","id":782090,"geometry":{"type":"Polygon","coordinates":[[[-73.9858263895529,40.7304886612122],[-73.9857155240757,40.7304416751841],[-73.9857576509108,40.7303841532081],[-73.9857605886681,40.7303801409049],[-73.9858714540746,40.73042712689],[-73.9860547603965,40.7305048126972],[-73.9860763999569,40.7305139842941],[-73.9860622381573,40.7305333210038],[-73.9860313355657,40.7305755186957],[-73.9858263895529,40.7304886612122]]]},"properties":{"OBJECTID":782090,"BASE_BBL":"1004530003","BIN":1006471,"CONSTRUCTION_YEAR":1920,"DOITT_ID":30847,"FEATURE_CODE":2100,"GEOM_SOURCE":"Photogrammetric","GROUND_ELEVATION":28,"HEIGHT_ROOF":55.19,"LAST_EDITED_DATE":1503425637000,"LAST_STATUS_TYPE":"Constructed","MAPPLUTO_BBL":"1004530003","NAME":null,"Shape__Area":416.42578125,"Shape__Length":101.237425497605}},{"type":"Feature","id":783392,"geometry":{"type":"Polygon","coordinates":[[[-73.982545203373,40.7284578362706],[-73.9825888368625,40.7283977807339],[-73.982666110023,40.7284302719452],[-73.9826224765819,40.7284903275109],[-73.982545203373,40.7284578362706]]]},"properties":{"OBJECTID":783392,"BASE_BBL":"1004380024","BIN":1076971,"CONSTRUCTION_YEAR":1910,"DOITT_ID":780631,"FEATURE_CODE":2100,"GEOM_SOURCE":"Photogrammetric","GROUND_ELEVATION":17,"HEIGHT_ROOF":39.12,"LAST_EDITED_DATE":1234569600000,"LAST_STATUS_TYPE":"Constructed","MAPPLUTO_BBL":"1004380024","NAME":null,"Shape__Area":99.0703125,"Shape__Length":39.81625711372769}},{"type":"Feature","id":791919,"geometry":{"type":"Polygon","coordinates":[[[-73.9840260575095,40.7287799696032],[-73.9840680972387,40.7287221051263],[-73.9842255101668,40.7287882898812],[-73.9841834705326,40.728846154415],[-73.9840260575095,40.7287799696032]]]},"properties":{"OBJECTID":791919,"BASE_BBL":"1004380001","BIN":1077661,"CONSTRUCTION_YEAR":1900,"DOITT_ID":476391,"FEATURE_CODE":2100,"GEOM_SOURCE":"Photogrammetric","GROUND_ELEVATION":22,"HEIGHT_ROOF":52.15,"LAST_EDITED_DATE":1503423844000,"LAST_STATUS_TYPE":"Constructed","MAPPLUTO_BBL":"1004380001","NAME":null,"Shape__Area":194.453125,"Shape__Length":59.4856117152743}},{"type":"Feature","id":792041,"geometry":{"type":"Polygon","coordinates":[[[-73.9867416690842,40.7288943546837],[-73.9867880507629,40.7288307705831],[-73.9870397465133,40.7289370232023],[-73.9871579324249,40.7289869147239],[-73.9871802191,40.7289963230212],[-73.9871338388641,40.7290599072785],[-73.9870584554541,40.729028084757],[-73.9867416690842,40.7288943546837]]]},"properties":{"OBJECTID":792041,"BASE_BBL":"1004500008","BIN":1006363,"CONSTRUCTION_YEAR":1920,"DOITT_ID":4591,"FEATURE_CODE":2100,"GEOM_SOURCE":"Photogrammetric","GROUND_ELEVATION":32,"HEIGHT_ROOF":42.97,"LAST_EDITED_DATE":1503425608000,"LAST_STATUS_TYPE":"Constructed","MAPPLUTO_BBL":"1004500008","NAME":null,"Shape__Area":533.33203125,"Shape__Length":121.29026586788783}},{"type":"Feature","id":792865,"geometry":{"type":"Polygon","coordinates":[[[-73.9875746514602,40.7283556785195],[-73.9875688457169,40.7283408086902],[-73.987536151551,40.7283271462379],[-73.9875103591282,40.7283163670538],[-73.9874965426741,40.7283230842515],[-73.987471703076,40.7283127184958],[-73.9874826979571,40.7282974920859],[-73.9874474779722,40.7282827730368],[-73.9874364712453,40.7282980156512],[-73.9874169556157,40.7282898720198],[-73.9874079421232,40.7282745335671],[-73.98735352377,40.7282517924563],[-73.9873509549383,40.7282526467571],[-73.9873380421192,40.7282569407656],[-73.9873045218683,40.7282429521723],[-73.9873227215994,40.7282177480324],[-73.9873099976425,40.728212430927],[-73.987336499775,40.7281757282006],[-73.9873629028683,40.7281867461257],[-73.9873644016215,40.7281983538499],[-73.9873835905353,40.7282063731843],[-73.9874187110413,40.7282210499184],[-73.9874332255439,40.7282160924005],[-73.9874626149557,40.7282283569328],[-73.9874517467722,40.728243408656],[-73.9874618620355,40.7282476358459],[-73.9874665578861,40.7282411337823],[-73.9874951566499,40.7282530848431],[-73.9874904619849,40.728259586908],[-73.9875042962064,40.7282653687765],[-73.9875151821418,40.728250293637],[-73.9875412444097,40.7282611692037],[-73.9875415972943,40.7282731054873],[-73.9875628741688,40.7282819967103],[-73.9876000850402,40.7282975471082],[-73.9876193365741,40.7282937571364],[-73.9876744119721,40.7283167404286],[-73.9876297541172,40.7283786735424],[-73.9875746514602,40.7283556785195]]]},"properties":{"OBJECTID":792865,"BASE_BBL":"1004490006","BIN":1006312,"CONSTRUCTION_YEAR":1920,"DOITT_ID":343242,"FEATURE_CODE":2100,"GEOM_SOURCE":"Photogrammetric","GROUND_ELEVATION":33,"HEIGHT_ROOF":71.07,"LAST_EDITED_DATE":1503426672000,"LAST_STATUS_TYPE":"Constructed","MAPPLUTO_BBL":"1004490006","NAME":null,"Shape__Area":363.12890625,"Shape__Length":124.73298436493086}},{"type":"Feature","id":793456,"geometry":{"type":"Polygon","coordinates":[[[-73.9871883742147,40.7282799520273],[-73.9872357485841,40.7282142525561],[-73.9872976864376,40.7282400995069],[-73.9872597405696,40.7282927237571],[-73.9872483513508,40.7283085192236],[-73.9871884563882,40.7282835252557],[-73.9871864134528,40.7282826722465],[-73.9871883742147,40.7282799520273]]]},"properties":{"OBJECTID":793456,"BASE_BBL":"1004490010","BIN":1006316,"CONSTRUCTION_YEAR":1800,"DOITT_ID":127738,"FEATURE_CODE":2100,"GEOM_SOURCE":"Photogrammetric","GROUND_ELEVATION":33,"HEIGHT_ROOF":53.26,"LAST_EDITED_DATE":1503425592000,"LAST_STATUS_TYPE":"Constructed","MAPPLUTO_BBL":"1004490010","NAME":null,"Shape__Area":90.15234375,"Shape__Length":38.64871653962122}},{"type":"Feature","id":800484,"geometry":{"type":"Polygon","coordinates":[[[-73.9825029976734,40.7286565352528],[-73.9825372007459,40.7286094591394],[-73.9825673350712,40.728622129362],[-73.9825797674754,40.7286050170724],[-73.9825715343898,40.7286015551711],[-73.9825939929894,40.7285706422973],[-73.9826075569821,40.7285763454682],[-73.9826162533763,40.7285643763169],[-73.9826026893853,40.728558673147],[-73.9826657890809,40.7284718240783],[-73.9827225092522,40.7284956735742],[-73.9826776573309,40.728557407526],[-73.9825816180247,40.7286895931443],[-73.9825029976734,40.7286565352528]]]},"properties":{"OBJECTID":800484,"BASE_BBL":"1004380023","BIN":1005942,"CONSTRUCTION_YEAR":1910,"DOITT_ID":63844,"FEATURE_CODE":2100,"GEOM_SOURCE":"Photogrammetric","GROUND_ELEVATION":19,"HEIGHT_ROOF":64.68,"LAST_EDITED_DATE":1503425590000,"LAST_STATUS_TYPE":"Constructed","MAPPLUTO_BBL":"1004380023","NAME":null,"Shape__Area":250.3515625,"Shape__Length":90.60447179250328}},{"type":"Feature","id":801033,"geometry":{"type":"Polygon","coordinates":[[[-73.9854371287377,40.7295496711554],[-73.9854708494551,40.7295032451835],[-73.9854892310135,40.7294958345129],[-73.9855066798413,40.7294718120371],[-73.9855151889733,40.7294753890278],[-73.9855339746284,40.7294495251755],[-73.9855254654986,40.7294459490867],[-73.9855409498897,40.7294246314869],[-73.9855372357211,40.7294118500998],[-73.985538746624,40.7294097692137],[-73.985575577807,40.7293590625821],[-73.9856547331473,40.7293923345609],[-73.9856193134433,40.729441098096],[-73.9856163899211,40.7294451230051],[-73.9855983915506,40.7294487768214],[-73.9855829071722,40.7294700944288],[-73.9855724213711,40.7294656860259],[-73.9855536345426,40.7294915498842],[-73.9855641215305,40.7294959573885],[-73.9855466727171,40.7295199798729],[-73.9855500049142,40.7295365181341],[-73.9855162842351,40.729582944129],[-73.9854371287377,40.7295496711554]]]},"properties":{"OBJECTID":801033,"BASE_BBL":"1004520047","BIN":1006462,"CONSTRUCTION_YEAR":1900,"DOITT_ID":349683,"FEATURE_CODE":2100,"GEOM_SOURCE":"Photogrammetric","GROUND_ELEVATION":27,"HEIGHT_ROOF":69.08,"LAST_EDITED_DATE":1503429009000,"LAST_STATUS_TYPE":"Constructed","MAPPLUTO_BBL":"1004520047","NAME":null,"Shape__Area":273.88671875,"Shape__Length":90.9127525260452}},{"type":"Feature","id":810095,"geometry":{"type":"Polygon","coordinates":[[[-73.9856170063588,40.7280257545521],[-73.9857132232852,40.7278938518744],[-73.9857922313395,40.7279272065941],[-73.9856960145214,40.7280591093372],[-73.9856170063588,40.7280257545521]]]},"properties":{"OBJECTID":810095,"BASE_BBL":"1004500037","BIN":1006385,"CONSTRUCTION_YEAR":1900,"DOITT_ID":617554,"FEATURE_CODE":2100,"GEOM_SOURCE":"Photogrammetric","GROUND_ELEVATION":26,"HEIGHT_ROOF":54.95,"LAST_EDITED_DATE":1503424645000,"LAST_STATUS_TYPE":"Constructed","MAPPLUTO_BBL":"1004500037","NAME":null,"Shape__Area":222.89453125,"Shape__Length":64.41413130827704}},{"type":"Feature","id":810909,"geometry":{"type":"Polygon","coordinates":[[[-73.983568199529,40.7302694114936],[-73.9836054565946,40.7302182003732],[-73.9838123638536,40.7303053115299],[-73.9837751057143,40.7303565236169],[-73.983568199529,40.7302694114936]]]},"properties":{"OBJECTID":810909,"BASE_BBL":"1004540044","BIN":1006497,"CONSTRUCTION_YEAR":1920,"DOITT_ID":507965,"FEATURE_CODE":2100,"GEOM_SOURCE":"Photogrammetric","GROUND_ELEVATION":22,"HEIGHT_ROOF":39.54,"LAST_EDITED_DATE":1503423103000,"LAST_STATUS_TYPE":"Constructed","MAPPLUTO_BBL":"1004540044","NAME":null,"Shape__Area":226.34375,"Shape__Length":69.8788353960524}},{"type":"Feature","id":818801,"geometry":{"type":"Polygon","coordinates":[[[-73.9853269544565,40.7270168790646],[-73.9853517485606,40.7269827781419],[-73.9855090331824,40.7270489656446],[-73.9854842379504,40.7270830666007],[-73.9853269544565,40.7270168790646]]]},"properties":{"OBJECTID":818801,"BASE_BBL":"1004350002","BIN":1083478,"CONSTRUCTION_YEAR":1853,"DOITT_ID":433463,"FEATURE_CODE":2100,"GEOM_SOURCE":"Photogrammetric","GROUND_ELEVATION":24,"HEIGHT_ROOF":54.62,"LAST_EDITED_DATE":1653585539000,"LAST_STATUS_TYPE":"Constructed","MAPPLUTO_BBL":"1004350002","NAME":null,"Shape__Area":114.54296875,"Shape__Length":51.49276271726637}},{"type":"Feature","id":819401,"geometry":{"type":"Polygon","coordinates":[[[-73.9844735211778,40.727544097621],[-73.9845034903465,40.7275029483965],[-73.9845673987944,40.727415198774],[-73.9846562496346,40.727452649308],[-73.9845906042193,40.7275427850958],[-73.984562372137,40.7275815482268],[-73.9844735211778,40.727544097621]]]},"properties":{"OBJECTID":819401,"BASE_BBL":"1004360052","BIN":1077649,"CONSTRUCTION_YEAR":1900,"DOITT_ID":515864,"FEATURE_CODE":2100,"GEOM_SOURCE":"Photogrammetric","GROUND_ELEVATION":22,"HEIGHT_ROOF":59.34,"LAST_EDITED_DATE":1503427752000,"LAST_STATUS_TYPE":"Constructed","MAPPLUTO_BBL":"1004360052","NAME":null,"Shape__Area":244.765625,"Shape__Length":65.88953675497963}},{"type":"Feature","id":825932,"geometry":{"type":"Polygon","coordinates":[[[-73.9860165721245,40.7269512849085],[-73.9860574509537,40.7268951629358],[-73.9862012868839,40.7269557980272],[-73.9861604069549,40.7270119200504],[-73.9860165721245,40.7269512849085]]]},"properties":{"OBJECTID":825932,"BASE_BBL":"1004480028","BIN":1006284,"CONSTRUCTION_YEAR":1900,"DOITT_ID":627249,"FEATURE_CODE":2100,"GEOM_SOURCE":"Photogrammetric","GROUND_ELEVATION":27,"HEIGHT_ROOF":45.54,"LAST_EDITED_DATE":1503426608000,"LAST_STATUS_TYPE":"Constructed","MAPPLUTO_BBL":"1004480028","NAME":null,"Shape__Area":172.53125,"Shape__Length":55.47762206462454}},{"type":"Feature","id":826538,"geometry":{"type":"Polygon","coordinates":[[[-73.9832259833487,40.7271598996988],[-73.9832725010042,40.7270960315573],[-73.9833209103356,40.7271164378101],[-73.9833755299118,40.727139460918],[-73.9833481048534,40.7271771162438],[-73.9833290135084,40.7272033291008],[-73.9832259833487,40.7271598996988]]]},"properties":{"OBJECTID":826538,"BASE_BBL":"1004360030","BIN":1084900,"CONSTRUCTION_YEAR":1928,"DOITT_ID":748162,"FEATURE_CODE":2100,"GEOM_SOURCE":"Photogrammetric","GROUND_ELEVATION":17,"HEIGHT_ROOF":33.76,"LAST_EDITED_DATE":1234569600000,"LAST_STATUS_TYPE":"Constructed","MAPPLUTO_BBL":"1004360030","NAME":null,"Shape__Area":140.63671875,"Shape__Length":47.680067076644264}},{"type":"Feature","id":827501,"geometry":{"type":"Polygon","coordinates":[[[-73.9824530016095,40.7284190679588],[-73.9824908624321,40.7283669558687],[-73.982496633973,40.7283590124566],[-73.9825888368625,40.7283977807339],[-73.982545203373,40.7284578362706],[-73.9824530016095,40.7284190679588]]]},"properties":{"OBJECTID":827501,"BASE_BBL":"1004380025","BIN":1076973,"CONSTRUCTION_YEAR":1910,"DOITT_ID":464075,"FEATURE_CODE":2100,"GEOM_SOURCE":"Photogrammetric","GROUND_ELEVATION":19,"HEIGHT_ROOF":37.98,"LAST_EDITED_DATE":1234569600000,"LAST_STATUS_TYPE":"Constructed","MAPPLUTO_BBL":"1004380025","NAME":null,"Shape__Area":118.2109375,"Shape__Length":43.617313143413234}},{"type":"Feature","id":829051,"geometry":{"type":"Polygon","coordinates":[[[-73.9874737124392,40.7296196892871],[-73.9874120525813,40.7295939325172],[-73.987299074536,40.7295467370579],[-73.9872373035504,40.7295209333555],[-73.9872621473859,40.7294865168605],[-73.9872507666294,40.7294817627161],[-73.987241472642,40.7294778804942],[-73.987275696527,40.7294304697931],[-73.9872845880702,40.7294341844732],[-73.9873347722813,40.7294551484435],[-73.9875270759422,40.7295354795016],[-73.987589649568,40.7295616190248],[-73.9876506584565,40.7295871045767],[-73.9876498059432,40.7295882850523],[-73.9876267537336,40.7296202218218],[-73.9875931640873,40.7296061900833],[-73.9875580037542,40.7296549002105],[-73.9874737124392,40.7296196892871]]]},"properties":{"OBJECTID":829051,"BASE_BBL":"1004650053","BIN":1006799,"CONSTRUCTION_YEAR":1910,"DOITT_ID":540925,"FEATURE_CODE":2100,"GEOM_SOURCE":"Photogrammetric","GROUND_ELEVATION":34,"HEIGHT_ROOF":56.91,"LAST_EDITED_DATE":1503424623000,"LAST_STATUS_TYPE":"Constructed","MAPPLUTO_BBL":"1004650053","NAME":null,"Shape__Area":603.0625,"Shape__Length":122.72750053357136}},{"type":"Feature","id":830325,"geometry":{"type":"Polygon","coordinates":[[[-73.9855328045829,40.7279958038845],[-73.9856321440028,40.7278596233482],[-73.9857132232852,40.7278938518744],[-73.9856170063588,40.7280257545521],[-73.9855848542385,40.7280698304441],[-73.985552442341,40.7280561467516],[-73.9855037736244,40.7280356009277],[-73.9855320266511,40.7279968708898],[-73.9855328045829,40.7279958038845]]]},"properties":{"OBJECTID":830325,"BASE_BBL":"1004500036","BIN":1006384,"CONSTRUCTION_YEAR":1900,"DOITT_ID":718355,"FEATURE_CODE":2100,"GEOM_SOURCE":"Photogrammetric","GROUND_ELEVATION":26,"HEIGHT_ROOF":53.7,"LAST_EDITED_DATE":1503423812000,"LAST_STATUS_TYPE":"Constructed","MAPPLUTO_BBL":"1004500036","NAME":null,"Shape__Area":305.16796875,"Shape__Length":79.73797066278081}},{"type":"Feature","id":830332,"geometry":{"type":"Polygon","coordinates":[[[-73.9857120342803,40.7284596856008],[-73.9857973096918,40.7283427839808],[-73.9858188443643,40.7283518754708],[-73.9858372660529,40.7283266229658],[-73.9858766815867,40.7283432629069],[-73.9858582610921,40.7283685154183],[-73.9858789684343,40.7283772582984],[-73.9857936931221,40.7284941590777],[-73.9857120342803,40.7284596856008]]]},"properties":{"OBJECTID":830332,"BASE_BBL":"1004500024","BIN":1006375,"CONSTRUCTION_YEAR":1900,"DOITT_ID":686533,"FEATURE_CODE":2100,"GEOM_SOURCE":"Photogrammetric","GROUND_ELEVATION":28,"HEIGHT_ROOF":47.93,"LAST_EDITED_DATE":1503427732000,"LAST_STATUS_TYPE":"Constructed","MAPPLUTO_BBL":"1004500024","NAME":null,"Shape__Area":225.45703125,"Shape__Length":68.53121246728004}},{"type":"Feature","id":832648,"geometry":{"type":"Polygon","coordinates":[[[-73.9871085257805,40.7282466314919],[-73.9872131505408,40.7281015351499],[-73.9872619098327,40.7281218830496],[-73.9872929988532,40.7281348565138],[-73.9872804066948,40.7281523195937],[-73.9872357485841,40.7282142525561],[-73.9871883742147,40.7282799520273],[-73.9871085257805,40.7282466314919]]]},"properties":{"OBJECTID":832648,"BASE_BBL":"1004490011","BIN":1006317,"CONSTRUCTION_YEAR":1900,"DOITT_ID":25241,"FEATURE_CODE":2100,"GEOM_SOURCE":"Photogrammetric","GROUND_ELEVATION":32,"HEIGHT_ROOF":53,"LAST_EDITED_DATE":1503427716000,"LAST_STATUS_TYPE":"Constructed","MAPPLUTO_BBL":"1004490011","NAME":null,"Shape__Area":246.453125,"Shape__Length":68.87154317979946}},{"type":"Feature","id":833743,"geometry":{"type":"Polygon","coordinates":[[[-73.9872935021924,40.7279968904979],[-73.987428950967,40.7278090465895],[-73.9874621786721,40.7278229126465],[-73.9875053795623,40.727840941028],[-73.9874271193189,40.7279494753566],[-73.9874100468845,40.727973152374],[-73.9873823821291,40.7279616084239],[-73.9873647985963,40.7279650491419],[-73.9873306583995,40.728012395952],[-73.9872935021924,40.7279968904979]]]},"properties":{"OBJECTID":833743,"BASE_BBL":"1004490057","BIN":1006359,"CONSTRUCTION_YEAR":1855,"DOITT_ID":422483,"FEATURE_CODE":2100,"GEOM_SOURCE":"Photogrammetric","GROUND_ELEVATION":31,"HEIGHT_ROOF":53.82,"LAST_EDITED_DATE":1580232315000,"LAST_STATUS_TYPE":"Constructed","MAPPLUTO_BBL":"1004490057","NAME":null,"Shape__Area":259.95703125,"Shape__Length":81.47322271040605}},{"type":"Feature","id":834002,"geometry":{"type":"Polygon","coordinates":[[[-73.9816873073985,40.7279635325719],[-73.9818183654712,40.7277824798973],[-73.9818924786101,40.7278135285163],[-73.9818152585327,40.7279202059484],[-73.9817801631003,40.7279055031947],[-73.9817684055753,40.7279217465154],[-73.9817800957681,40.7279266435322],[-73.9817096582696,40.7280239503682],[-73.9816589490457,40.728002707402],[-73.9816873073985,40.7279635325719]]]},"properties":{"OBJECTID":834002,"BASE_BBL":"1004040057","BIN":1005162,"CONSTRUCTION_YEAR":1850,"DOITT_ID":131560,"FEATURE_CODE":2100,"GEOM_SOURCE":"Photogrammetric","GROUND_ELEVATION":16,"HEIGHT_ROOF":55.09,"LAST_EDITED_DATE":1580231684000,"LAST_STATUS_TYPE":"Constructed","MAPPLUTO_BBL":"1004040057","NAME":null,"Shape__Area":287.15234375,"Shape__Length":95.62410265103154}},{"type":"Feature","id":837006,"geometry":{"type":"Polygon","coordinates":[[[-73.9834378907302,40.727758689612],[-73.9834648163737,40.7277213493741],[-73.98347564867,40.7277063286382],[-73.9834778073139,40.7277033338551],[-73.9834781459709,40.7277028647385],[-73.9835601803921,40.7277371003217],[-73.9835353897567,40.727771479113],[-73.983471340848,40.7278603006447],[-73.9833893063208,40.7278260649988],[-73.9834378907302,40.727758689612]]]},"properties":{"OBJECTID":837006,"BASE_BBL":"1004370038","BIN":1005918,"CONSTRUCTION_YEAR":1900,"DOITT_ID":674108,"FEATURE_CODE":2100,"GEOM_SOURCE":"Photogrammetric","GROUND_ELEVATION":19,"HEIGHT_ROOF":44.99,"LAST_EDITED_DATE":1503425352000,"LAST_STATUS_TYPE":"Constructed","MAPPLUTO_BBL":"1004370038","NAME":null,"Shape__Area":215.00390625,"Shape__Length":62.09713417360169}},{"type":"Feature","id":837237,"geometry":{"type":"Polygon","coordinates":[[[-73.9817081727726,40.7296281625038],[-73.9817395490268,40.729585108757],[-73.9817540547975,40.7295800844163],[-73.9817722403519,40.7295551323976],[-73.9817836633276,40.7295599501259],[-73.9818068982311,40.7295280667838],[-73.981795475259,40.7295232499584],[-73.9818311227568,40.7294743363502],[-73.9818278714951,40.7294639178514],[-73.9818647279866,40.729413345686],[-73.9819447857828,40.7294471111345],[-73.9819079293335,40.7294976833253],[-73.9818894815727,40.7294989492426],[-73.9818538341045,40.7295478628687],[-73.9818435627742,40.7295435307033],[-73.9818203266993,40.7295754131519],[-73.9818305980331,40.7295797453194],[-73.9818124136775,40.7296046973474],[-73.9818196069662,40.7296188733913],[-73.9817861122363,40.7296648327663],[-73.9817060554424,40.7296310681091],[-73.9817081727726,40.7296281625038]]]},"properties":{"OBJECTID":837237,"BASE_BBL":"1004400042","BIN":1006001,"CONSTRUCTION_YEAR":1900,"DOITT_ID":189516,"FEATURE_CODE":2100,"GEOM_SOURCE":"Photogrammetric","GROUND_ELEVATION":18,"HEIGHT_ROOF":55.61,"LAST_EDITED_DATE":1503428973000,"LAST_STATUS_TYPE":"Constructed","MAPPLUTO_BBL":"1004400042","NAME":null,"Shape__Area":305.2109375,"Shape__Length":101.45748035347107}},{"type":"Feature","id":840374,"geometry":{"type":"Polygon","coordinates":[[[-73.9845572747106,40.7271949338109],[-73.9846577552939,40.7270567425161],[-73.9847428182517,40.7270925382454],[-73.9846423366071,40.7272307296137],[-73.9845572747106,40.7271949338109]]]},"properties":{"OBJECTID":840374,"BASE_BBL":"1004350015","BIN":1005826,"CONSTRUCTION_YEAR":1900,"DOITT_ID":6011,"FEATURE_CODE":2100,"GEOM_SOURCE":"Photogrammetric","GROUND_ELEVATION":24,"HEIGHT_ROOF":47.23,"LAST_EDITED_DATE":1503427439000,"LAST_STATUS_TYPE":"Constructed","MAPPLUTO_BBL":"1004350015","NAME":null,"Shape__Area":251.03515625,"Shape__Length":68.01646713592835}},{"type":"Feature","id":840618,"geometry":{"type":"Polygon","coordinates":[[[-73.9855629494966,40.7275401447296],[-73.9855943645886,40.7275532546712],[-73.9856122546971,40.7275607212266],[-73.9857039517748,40.7275989889691],[-73.9857200073256,40.7276056898473],[-73.9857014614024,40.7276314087842],[-73.9856873817418,40.7276509345725],[-73.9856761532924,40.7276665065787],[-73.985577806669,40.7276254635138],[-73.985514701841,40.7275991274129],[-73.985558555977,40.7275383116429],[-73.9855629494966,40.7275401447296]]]},"properties":{"OBJECTID":840618,"BASE_BBL":"1004490030","BIN":1006333,"CONSTRUCTION_YEAR":1950,"DOITT_ID":422144,"FEATURE_CODE":2100,"GEOM_SOURCE":"Photogrammetric","GROUND_ELEVATION":26,"HEIGHT_ROOF":13.39,"LAST_EDITED_DATE":1503423652000,"LAST_STATUS_TYPE":"Constructed","MAPPLUTO_BBL":"1004490030","NAME":null,"Shape__Area":208.87890625,"Shape__Length":61.39635606048211}},{"type":"Feature","id":843464,"geometry":{"type":"Polygon","coordinates":[[[-73.9883113499897,40.7286965190028],[-73.9882795839477,40.7287411161765],[-73.9882138350531,40.7287140122553],[-73.9883417148757,40.7285344827164],[-73.9884074636453,40.7285615856647],[-73.9883754265925,40.7286065637535],[-73.9883552511153,40.7286069579393],[-73.9883006040067,40.7286836766556],[-73.9883113499897,40.7286965190028]]]},"properties":{"OBJECTID":843464,"BASE_BBL":"1004630027","BIN":1006676,"CONSTRUCTION_YEAR":1900,"DOITT_ID":340925,"FEATURE_CODE":2100,"GEOM_SOURCE":"Photogrammetric","GROUND_ELEVATION":36,"HEIGHT_ROOF":66.85,"LAST_EDITED_DATE":1503427439000,"LAST_STATUS_TYPE":"Constructed","MAPPLUTO_BBL":"1004630027","NAME":null,"Shape__Area":222.5859375,"Shape__Length":78.87302983774643}},{"type":"Feature","id":844772,"geometry":{"type":"Polygon","coordinates":[[[-73.9834698202514,40.7304118164599],[-73.9834658195703,40.7304101328349],[-73.983500745184,40.7303621272254],[-73.983707651569,40.7304492394689],[-73.9836727272427,40.7304972442402],[-73.9834698202514,40.7304118164599]]]},"properties":{"OBJECTID":844772,"BASE_BBL":"1004540041","BIN":1006494,"CONSTRUCTION_YEAR":1920,"DOITT_ID":55691,"FEATURE_CODE":2100,"GEOM_SOURCE":"Photogrammetric","GROUND_ELEVATION":22,"HEIGHT_ROOF":39.97,"LAST_EDITED_DATE":1503426381000,"LAST_STATUS_TYPE":"Constructed","MAPPLUTO_BBL":"1004540041","NAME":null,"Shape__Area":212.1796875,"Shape__Length":68.80326092615442}},{"type":"Feature","id":846860,"geometry":{"type":"Polygon","coordinates":[[[-73.9826371507857,40.7275149740848],[-73.9826846735632,40.7274490720855],[-73.9827807764491,40.7274891798574],[-73.9828432409605,40.7275152490101],[-73.9827980060329,40.7275779789229],[-73.9827957182927,40.7275811510742],[-73.9827892973755,40.7275784711006],[-73.9826371507857,40.7275149740848]]]},"properties":{"OBJECTID":846860,"BASE_BBL":"1004370030","BIN":1077647,"CONSTRUCTION_YEAR":1900,"DOITT_ID":812648,"FEATURE_CODE":2100,"GEOM_SOURCE":"Photogrammetric","GROUND_ELEVATION":18,"HEIGHT_ROOF":49.92,"LAST_EDITED_DATE":1538588137000,"LAST_STATUS_TYPE":"Constructed","MAPPLUTO_BBL":"1004370030","NAME":null,"Shape__Area":222.296875,"Shape__Length":62.36639990084979}},{"type":"Feature","id":850103,"geometry":{"type":"Polygon","coordinates":[[[-73.9854532547968,40.7281289296061],[-73.9854133586841,40.7281836214714],[-73.9853714471322,40.7281659274588],[-73.9851641444729,40.7280784101955],[-73.9852040395435,40.7280237184156],[-73.9854532547968,40.7281289296061]]]},"properties":{"OBJECTID":850103,"BASE_BBL":"1004500031","BIN":1006381,"CONSTRUCTION_YEAR":1900,"DOITT_ID":757571,"FEATURE_CODE":2100,"GEOM_SOURCE":"Photogrammetric","GROUND_ELEVATION":26,"HEIGHT_ROOF":51.42,"LAST_EDITED_DATE":1503426370000,"LAST_STATUS_TYPE":"Constructed","MAPPLUTO_BBL":"1004500031","NAME":null,"Shape__Area":291.52734375,"Shape__Length":81.87345714041277}},{"type":"Feature","id":851502,"geometry":{"type":"Polygon","coordinates":[[[-73.9855127829251,40.7311123279463],[-73.9854175408702,40.7310722315895],[-73.9855067384666,40.7309496232994],[-73.9856566879845,40.7310127515127],[-73.9856949817776,40.7310288726771],[-73.9856960553581,40.7310293248657],[-73.9856960269394,40.731029363584],[-73.9856730408426,40.7310609604727],[-73.9856679799197,40.7310679171721],[-73.9856439669819,40.7310578068735],[-73.9855828450443,40.7311418238903],[-73.9855127829251,40.7311123279463]]]},"properties":{"OBJECTID":851502,"BASE_BBL":"1004540001","BIN":1082514,"CONSTRUCTION_YEAR":1900,"DOITT_ID":600579,"FEATURE_CODE":2100,"GEOM_SOURCE":"Photogrammetric","GROUND_ELEVATION":28,"HEIGHT_ROOF":50.96,"LAST_EDITED_DATE":1503424440000,"LAST_STATUS_TYPE":"Constructed","MAPPLUTO_BBL":"1004540001","NAME":null,"Shape__Area":452.74609375,"Shape__Length":89.35159639737009}},{"type":"Feature","id":851779,"geometry":{"type":"Polygon","coordinates":[[[-73.9820110289673,40.7283773251182],[-73.98222340256,40.728466623741],[-73.9822488000329,40.7284773031913],[-73.9822885485504,40.7284940164525],[-73.9822447667079,40.7285542744662],[-73.9822427785059,40.7285570117067],[-73.9819644467997,40.7284399788431],[-73.9819556077699,40.7284362619588],[-73.9819611366272,40.7284286526244],[-73.9820013780029,40.7283732668177],[-73.9820110289673,40.7283773251182]]]},"properties":{"OBJECTID":851779,"BASE_BBL":"1004380027","BIN":1005944,"CONSTRUCTION_YEAR":1920,"DOITT_ID":15115,"FEATURE_CODE":2100,"GEOM_SOURCE":"Photogrammetric","GROUND_ELEVATION":18,"HEIGHT_ROOF":66.59,"LAST_EDITED_DATE":1503428703000,"LAST_STATUS_TYPE":"Constructed","MAPPLUTO_BBL":"1004380027","NAME":null,"Shape__Area":386.20703125,"Shape__Length":94.24538237419539}},{"type":"Feature","id":853063,"geometry":{"type":"Polygon","coordinates":[[[-73.9859622517793,40.7303823187774],[-73.9860031741392,40.7303264408932],[-73.9860053540582,40.7303234640766],[-73.9861660513,40.7303915691483],[-73.9861229491191,40.7304504230083],[-73.9860281870782,40.730410262374],[-73.9859622517793,40.7303823187774]]]},"properties":{"OBJECTID":853063,"BASE_BBL":"1004530001","BIN":1077704,"CONSTRUCTION_YEAR":1900,"DOITT_ID":653990,"FEATURE_CODE":2100,"GEOM_SOURCE":"Photogrammetric","GROUND_ELEVATION":30,"HEIGHT_ROOF":54.83,"LAST_EDITED_DATE":1503422913000,"LAST_STATUS_TYPE":"Constructed","MAPPLUTO_BBL":"1004530001","NAME":null,"Shape__Area":202.66015625,"Shape__Length":60.7684332644606}},{"type":"Feature","id":854406,"geometry":{"type":"Polygon","coordinates":[[[-73.981250733681,40.7281193368167],[-73.9813320414725,40.7280070151381],[-73.9814249640357,40.7280459429558],[-73.9814225329326,40.728049301462],[-73.9813904939792,40.7280935608056],[-73.9813687170347,40.7281236441884],[-73.9813436563531,40.7281582656],[-73.981250733681,40.7281193368167]]]},"properties":{"OBJECTID":854406,"BASE_BBL":"1004040006","BIN":1084532,"CONSTRUCTION_YEAR":1900,"DOITT_ID":612600,"FEATURE_CODE":2100,"GEOM_SOURCE":"Photogrammetric","GROUND_ELEVATION":17,"HEIGHT_ROOF":49.98,"LAST_EDITED_DATE":1503426368000,"LAST_STATUS_TYPE":"Constructed","MAPPLUTO_BBL":"1004040006","NAME":null,"Shape__Area":222.43359375,"Shape__Length":61.277268346331425}},{"type":"Feature","id":856146,"geometry":{"type":"Polygon","coordinates":[[[-73.9853046158572,40.7285998381626],[-73.9853521354938,40.7285343574107],[-73.9853729563876,40.7285056671429],[-73.9854482922763,40.7285373079609],[-73.9854074841095,40.728593541377],[-73.9853608868868,40.72865775075],[-73.9852855497196,40.7286261098751],[-73.9853046158572,40.7285998381626]]]},"properties":{"OBJECTID":856146,"BASE_BBL":"1004510041","BIN":1006418,"CONSTRUCTION_YEAR":1900,"DOITT_ID":630928,"FEATURE_CODE":2100,"GEOM_SOURCE":"Photogrammetric","GROUND_ELEVATION":25,"HEIGHT_ROOF":51.71,"LAST_EDITED_DATE":1503422913000,"LAST_STATUS_TYPE":"Constructed","MAPPLUTO_BBL":"1004510041","NAME":null,"Shape__Area":193.60546875,"Shape__Length":59.55983207567327}},{"type":"Feature","id":856150,"geometry":{"type":"Polygon","coordinates":[[[-73.9841038286643,40.7262031702629],[-73.9842306304428,40.7260288509222],[-73.9842913459771,40.726054412969],[-73.9842496290235,40.7261117643022],[-73.9842723463333,40.7261213281128],[-73.9841872616465,40.7262382953027],[-73.9841038286643,40.7262031702629]]]},"properties":{"OBJECTID":856150,"BASE_BBL":"1004340026","BIN":1005789,"CONSTRUCTION_YEAR":1900,"DOITT_ID":63326,"FEATURE_CODE":2100,"GEOM_SOURCE":"Photogrammetric","GROUND_ELEVATION":20,"HEIGHT_ROOF":48.57,"LAST_EDITED_DATE":1503425339000,"LAST_STATUS_TYPE":"Constructed","MAPPLUTO_BBL":"1004340026","NAME":null,"Shape__Area":282.828125,"Shape__Length":79.72697213321499}},{"type":"Feature","id":856758,"geometry":{"type":"Polygon","coordinates":[[[-73.9843338760511,40.7275229599724],[-73.9843703589551,40.7274728669125],[-73.9843835070433,40.7274548143912],[-73.9843848261144,40.7274530036464],[-73.9844625801407,40.7273462435112],[-73.98450533484,40.7273642639544],[-73.9844269888189,40.7274718371977],[-73.9843766308288,40.7275409813635],[-73.9843338760511,40.7275229599724]]]},"properties":{"OBJECTID":856758,"BASE_BBL":"1004360052","BIN":1084569,"CONSTRUCTION_YEAR":1900,"DOITT_ID":546571,"FEATURE_CODE":2100,"GEOM_SOURCE":"Photogrammetric","GROUND_ELEVATION":22,"HEIGHT_ROOF":60.64,"LAST_EDITED_DATE":1503424438000,"LAST_STATUS_TYPE":"Constructed","MAPPLUTO_BBL":"1004360052","NAME":null,"Shape__Area":161.4765625,"Shape__Length":70.19214696784549}},{"type":"Feature","id":857551,"geometry":{"type":"Polygon","coordinates":[[[-73.9840172034626,40.728102708252],[-73.9841125560838,40.7279704745051],[-73.9841885950572,40.7280022080986],[-73.9841879816914,40.7280030589954],[-73.9841406589354,40.7280686851813],[-73.9841228097127,40.7280934377122],[-73.9840932425415,40.728134441908],[-73.9840172034626,40.728102708252]]]},"properties":{"OBJECTID":857551,"BASE_BBL":"1004370047","BIN":1005927,"CONSTRUCTION_YEAR":1890,"DOITT_ID":509917,"FEATURE_CODE":2100,"GEOM_SOURCE":"Photogrammetric","GROUND_ELEVATION":21,"HEIGHT_ROOF":57.44,"LAST_EDITED_DATE":1503426369000,"LAST_STATUS_TYPE":"Constructed","MAPPLUTO_BBL":"1004370047","NAME":null,"Shape__Area":213.90625,"Shape__Length":63.59770300846165}},{"type":"Feature","id":859170,"geometry":{"type":"Polygon","coordinates":[[[-73.9855927266851,40.7287728343992],[-73.9856899845038,40.7286388147882],[-73.9857662214284,40.7286708337233],[-73.9856597456575,40.7288175530273],[-73.985606392148,40.7288910729173],[-73.9855301550481,40.7288590547779],[-73.9855927266851,40.7287728343992]]]},"properties":{"OBJECTID":859170,"BASE_BBL":"1004510045","BIN":1083487,"CONSTRUCTION_YEAR":1900,"DOITT_ID":559801,"FEATURE_CODE":2100,"GEOM_SOURCE":"Photogrammetric","GROUND_ELEVATION":27,"HEIGHT_ROOF":54.69,"LAST_EDITED_DATE":1503422912000,"LAST_STATUS_TYPE":"Constructed","MAPPLUTO_BBL":"1004510045","NAME":null,"Shape__Area":358.2421875,"Shape__Length":93.25003665126457}},{"type":"Feature","id":861623,"geometry":{"type":"Polygon","coordinates":[[[-73.9814234105071,40.7279075686998],[-73.9814298381731,40.7278986889171],[-73.9814541775542,40.7278650651334],[-73.9815289759051,40.7278964013588],[-73.9814982088914,40.7279389049449],[-73.9814299035963,40.727910289284],[-73.9814234105071,40.7279075686998]]]},"properties":{"OBJECTID":861623,"BASE_BBL":"1004040054","BIN":1076963,"CONSTRUCTION_YEAR":1900,"DOITT_ID":1157409,"FEATURE_CODE":2100,"GEOM_SOURCE":"Photogrammetric","GROUND_ELEVATION":16,"HEIGHT_ROOF":39.94,"LAST_EDITED_DATE":1325376000000,"LAST_STATUS_TYPE":"Constructed","MAPPLUTO_BBL":"1004040054","NAME":null,"Shape__Area":67.75,"Shape__Length":33.27091477813602}},{"type":"Feature","id":864133,"geometry":{"type":"Polygon","coordinates":[[[-73.985827709722,40.7297191118768],[-73.985859638725,40.7296751529656],[-73.9858783804576,40.7296830311145],[-73.985902600996,40.7296496864425],[-73.9858838580861,40.7296418082974],[-73.9859147971179,40.7295992144203],[-73.985927291596,40.7296044659136],[-73.9859449179073,40.7295801984551],[-73.9859376961678,40.7295676877061],[-73.9859392520568,40.7295655455858],[-73.9859690850834,40.7295244716174],[-73.9859903929111,40.7295334288702],[-73.9860476679358,40.7295575037202],[-73.9860162778721,40.7296007189296],[-73.9860008412408,40.7296037058427],[-73.9859832149436,40.7296279733097],[-73.9859946477084,40.7296327798152],[-73.9859837162262,40.7296478295883],[-73.9859637098958,40.7296753737137],[-73.9859308284062,40.7296615522957],[-73.9859175689872,40.7296798066886],[-73.9859391289729,40.7296888693411],[-73.9859131761157,40.7297246001568],[-73.9859232287681,40.7297288256723],[-73.9859010483991,40.7297593610108],[-73.985822466565,40.7297263297094],[-73.985827709722,40.7297191118768]]]},"properties":{"OBJECTID":864133,"BASE_BBL":"1004520052","BIN":1006467,"CONSTRUCTION_YEAR":1900,"DOITT_ID":795768,"FEATURE_CODE":2100,"GEOM_SOURCE":"Photogrammetric","GROUND_ELEVATION":28,"HEIGHT_ROOF":71.78,"LAST_EDITED_DATE":1503425328000,"LAST_STATUS_TYPE":"Constructed","MAPPLUTO_BBL":"1004520052","NAME":null,"Shape__Area":292.921875,"Shape__Length":105.07497707252442}},{"type":"Feature","id":866020,"geometry":{"type":"Polygon","coordinates":[[[-73.9857654154715,40.7276835003448],[-73.9857764994478,40.7276681291256],[-73.9858595136606,40.7275530065736],[-73.9859219475956,40.7274664239792],[-73.9860015838205,40.7274996579658],[-73.985984830689,40.7275228899608],[-73.9859531999298,40.7275667553031],[-73.9859357754057,40.7275909210367],[-73.9858869935397,40.7276585703086],[-73.9858459920197,40.7277154306174],[-73.9858450518778,40.7277167344388],[-73.9857654154715,40.7276835003448]]]},"properties":{"OBJECTID":866020,"BASE_BBL":"1004490028","BIN":1079758,"CONSTRUCTION_YEAR":1920,"DOITT_ID":789573,"FEATURE_CODE":2100,"GEOM_SOURCE":"Photogrammetric","GROUND_ELEVATION":27,"HEIGHT_ROOF":50.96,"LAST_EDITED_DATE":1503425328000,"LAST_STATUS_TYPE":"Constructed","MAPPLUTO_BBL":"1004490028","NAME":null,"Shape__Area":367.74609375,"Shape__Length":92.91630228490708}},{"type":"Feature","id":866023,"geometry":{"type":"Polygon","coordinates":[[[-73.9855957534748,40.7296163494622],[-73.9856247566856,40.7295764209265],[-73.9856414645292,40.7295685768781],[-73.9856544942878,40.7295506385667],[-73.9856675012503,40.7295561053736],[-73.9856837221265,40.7295337738738],[-73.9856707151671,40.7295283070687],[-73.9857020746348,40.7294851324722],[-73.9857011886363,40.7294711924867],[-73.9857342034129,40.7294257397995],[-73.9858123906985,40.7294586063208],[-73.9857793759591,40.7295040581297],[-73.985761082355,40.7295099361916],[-73.9857297229138,40.729553110804],[-73.9857197791945,40.7295489312109],[-73.9857035595105,40.7295712627159],[-73.9857135020483,40.7295754423102],[-73.9857004723006,40.7295933806282],[-73.9857029429105,40.7296092866208],[-73.9856710138356,40.729653245489],[-73.9856671394794,40.7296585805211],[-73.9855889520308,40.7296257139021],[-73.9855957534748,40.7296163494622]]]},"properties":{"OBJECTID":866023,"BASE_BBL":"1004520049","BIN":1006464,"CONSTRUCTION_YEAR":1900,"DOITT_ID":277791,"FEATURE_CODE":2100,"GEOM_SOURCE":"Photogrammetric","GROUND_ELEVATION":27,"HEIGHT_ROOF":59.91,"LAST_EDITED_DATE":1503425328000,"LAST_STATUS_TYPE":"Constructed","MAPPLUTO_BBL":"1004520049","NAME":null,"Shape__Area":284.1796875,"Shape__Length":94.31031924150003}},{"type":"Feature","id":866707,"geometry":{"type":"Polygon","coordinates":[[[-73.9831675497838,40.727709271907],[-73.9831746936012,40.7276993655512],[-73.9832435561988,40.7276038694099],[-73.983323730967,40.7276373286528],[-73.9833230370736,40.7276382902959],[-73.9833206262082,40.7276416326361],[-73.9832845081898,40.7276917209128],[-73.9832709085617,40.727710579198],[-73.9832477246406,40.7277427312022],[-73.9832110832096,40.7277274397266],[-73.9831675497838,40.727709271907]]]},"properties":{"OBJECTID":866707,"BASE_BBL":"1004370035","BIN":1077648,"CONSTRUCTION_YEAR":1900,"DOITT_ID":140639,"FEATURE_CODE":2100,"GEOM_SOURCE":"Photogrammetric","GROUND_ELEVATION":21,"HEIGHT_ROOF":40.64,"LAST_EDITED_DATE":1503424427000,"LAST_STATUS_TYPE":"Constructed","MAPPLUTO_BBL":"1004370035","NAME":null,"Shape__Area":179.76953125,"Shape__Length":55.66587787217321}},{"type":"Feature","id":868454,"geometry":{"type":"Polygon","coordinates":[[[-73.9865492798364,40.7291522687144],[-73.9865534998401,40.7291464528209],[-73.9866341356297,40.7290353385211],[-73.9867163448958,40.7290698636343],[-73.9866706295424,40.7291328588483],[-73.9866314892026,40.7291867947881],[-73.9866116491057,40.7291784618766],[-73.9866032339694,40.7291900576502],[-73.9865917236876,40.7292059178725],[-73.9865547469195,40.7291903887902],[-73.9865700651567,40.7291692808505],[-73.9865746723482,40.7291629328007],[-73.9865614274766,40.7291573706142],[-73.9865492798364,40.7291522687144]]]},"properties":{"OBJECTID":868454,"BASE_BBL":"1004510001","BIN":1077567,"CONSTRUCTION_YEAR":1900,"DOITT_ID":672274,"FEATURE_CODE":2100,"GEOM_SOURCE":"Photogrammetric","GROUND_ELEVATION":30,"HEIGHT_ROOF":56.4,"LAST_EDITED_DATE":1503430039000,"LAST_STATUS_TYPE":"Constructed","MAPPLUTO_BBL":"1004510001","NAME":null,"Shape__Area":226.76953125,"Shape__Length":69.33739469097831}},{"type":"Feature","id":870927,"geometry":{"type":"Polygon","coordinates":[[[-73.9827398922431,40.7287561429659],[-73.9828359313312,40.7286239572168],[-73.9829163591637,40.7286577751788],[-73.9828203201864,40.7287899609943],[-73.9827398922431,40.7287561429659]]]},"properties":{"OBJECTID":870927,"BASE_BBL":"1004380020","BIN":1005939,"CONSTRUCTION_YEAR":1920,"DOITT_ID":116372,"FEATURE_CODE":2100,"GEOM_SOURCE":"Photogrammetric","GROUND_ELEVATION":18,"HEIGHT_ROOF":54.14,"LAST_EDITED_DATE":1503426356000,"LAST_STATUS_TYPE":"Constructed","MAPPLUTO_BBL":"1004380020","NAME":null,"Shape__Area":226.9609375,"Shape__Length":64.81065205975776}},{"type":"Feature","id":871497,"geometry":{"type":"Polygon","coordinates":[[[-73.9826231801783,40.7282070527326],[-73.9826746512597,40.7281362075454],[-73.9827528887831,40.7281691049742],[-73.9826436197453,40.7283194996605],[-73.9825653832827,40.7282866030588],[-73.9826231801783,40.7282070527326]]]},"properties":{"OBJECTID":871497,"BASE_BBL":"1004380038","BIN":1005950,"CONSTRUCTION_YEAR":1910,"DOITT_ID":177389,"FEATURE_CODE":2100,"GEOM_SOURCE":"Photogrammetric","GROUND_ELEVATION":19,"HEIGHT_ROOF":55.79,"LAST_EDITED_DATE":1503427401000,"LAST_STATUS_TYPE":"Constructed","MAPPLUTO_BBL":"1004380038","NAME":null,"Shape__Area":251.19140625,"Shape__Length":70.35954532379392}},{"type":"Feature","id":874164,"geometry":{"type":"Polygon","coordinates":[[[-73.9825816180247,40.7286895931443],[-73.9826776573309,40.728557407526],[-73.9827566883598,40.7285906373574],[-73.9826606491623,40.7287228239415],[-73.9825816180247,40.7286895931443]]]},"properties":{"OBJECTID":874164,"BASE_BBL":"1004380022","BIN":1005941,"CONSTRUCTION_YEAR":1910,"DOITT_ID":133579,"FEATURE_CODE":2100,"GEOM_SOURCE":"Photogrammetric","GROUND_ELEVATION":18,"HEIGHT_ROOF":61.52697655,"LAST_EDITED_DATE":1503425316000,"LAST_STATUS_TYPE":"Constructed","MAPPLUTO_BBL":"1004380022","NAME":null,"Shape__Area":223.015625,"Shape__Length":64.45502094504484}},{"type":"Feature","id":876693,"geometry":{"type":"Polygon","coordinates":[[[-73.9859082794617,40.7281881739307],[-73.985971242993,40.7281018597335],[-73.986026500533,40.7280261075359],[-73.9861098527538,40.7280612960002],[-73.9860112777271,40.7281964297459],[-73.9859916318227,40.7282233624798],[-73.9859082794617,40.7281881739307]]]},"properties":{"OBJECTID":876693,"BASE_BBL":"1004500041","BIN":1006389,"CONSTRUCTION_YEAR":1900,"DOITT_ID":116702,"FEATURE_CODE":2100,"GEOM_SOURCE":"Photogrammetric","GROUND_ELEVATION":28,"HEIGHT_ROOF":53.48,"LAST_EDITED_DATE":1503430026000,"LAST_STATUS_TYPE":"Constructed","MAPPLUTO_BBL":"1004500041","NAME":null,"Shape__Area":288.91796875,"Shape__Length":75.64713524157321}},{"type":"Feature","id":878014,"geometry":{"type":"Polygon","coordinates":[[[-73.9835539681196,40.7265432711835],[-73.9833945585869,40.7264761855929],[-73.9834373492961,40.7264173380805],[-73.9837413585135,40.7265452762104],[-73.9837430581155,40.7265459914546],[-73.9837002687774,40.7266048390798],[-73.9835539681196,40.7265432711835]]]},"properties":{"OBJECTID":878014,"BASE_BBL":"1004350033","BIN":1005840,"CONSTRUCTION_YEAR":1900,"DOITT_ID":769088,"FEATURE_CODE":2100,"GEOM_SOURCE":"Photogrammetric","GROUND_ELEVATION":19,"HEIGHT_ROOF":40.82,"LAST_EDITED_DATE":1503424417000,"LAST_STATUS_TYPE":"Constructed","MAPPLUTO_BBL":"1004350033","NAME":null,"Shape__Area":384.19921875,"Shape__Length":97.59269226212302}},{"type":"Feature","id":880086,"geometry":{"type":"Polygon","coordinates":[[[-73.9858663399207,40.7281120442703],[-73.9859341391244,40.7280190993381],[-73.9859519769379,40.7279946454937],[-73.986026500533,40.7280261075359],[-73.985971242993,40.7281018597335],[-73.9859082794617,40.7281881739307],[-73.98588254152,40.7282234581205],[-73.985808017772,40.7281919968866],[-73.9858663399207,40.7281120442703]]]},"properties":{"OBJECTID":880086,"BASE_BBL":"1004500040","BIN":1006388,"CONSTRUCTION_YEAR":1900,"DOITT_ID":115336,"FEATURE_CODE":2100,"GEOM_SOURCE":"Photogrammetric","GROUND_ELEVATION":27,"HEIGHT_ROOF":71.63,"LAST_EDITED_DATE":1503428670000,"LAST_STATUS_TYPE":"Constructed","MAPPLUTO_BBL":"1004500040","NAME":null,"Shape__Area":314.5625,"Shape__Length":85.24181106925035}},{"type":"Feature","id":881080,"geometry":{"type":"Polygon","coordinates":[[[-73.9853984952237,40.728327320097],[-73.9854326557814,40.7282804898557],[-73.9854501804799,40.728276276789],[-73.9854683654733,40.728251346695],[-73.985457317661,40.7282466824654],[-73.9854754671215,40.7282218009932],[-73.9854913381396,40.728228500979],[-73.9855199156907,40.728189325234],[-73.9855089479143,40.7281759044707],[-73.9855392754862,40.7281343299851],[-73.9855945760468,40.7281576754052],[-73.9856097144074,40.7281640664084],[-73.9855935116214,40.7281862781365],[-73.9855698562921,40.7282187070034],[-73.9855616953025,40.7282152606335],[-73.9855377451139,40.7282480928846],[-73.9855531770251,40.7282546073018],[-73.9855330691304,40.7282821738576],[-73.9855227788191,40.7282778294102],[-73.9855065511112,40.7283000744414],[-73.9855103657322,40.7283132970935],[-73.9854762040287,40.7283601264569],[-73.9853984952237,40.728327320097]]]},"properties":{"OBJECTID":881080,"BASE_BBL":"1004500028","BIN":1006379,"CONSTRUCTION_YEAR":1900,"DOITT_ID":432756,"FEATURE_CODE":2100,"GEOM_SOURCE":"Photogrammetric","GROUND_ELEVATION":26,"HEIGHT_ROOF":67.54,"LAST_EDITED_DATE":1503427383000,"LAST_STATUS_TYPE":"Constructed","MAPPLUTO_BBL":"1004500028","NAME":null,"Shape__Area":274.1796875,"Shape__Length":93.65725615975445}},{"type":"Feature","id":882110,"geometry":{"type":"Polygon","coordinates":[[[-73.9839075202591,40.7269215007302],[-73.9839437817499,40.7268716301962],[-73.9839919716524,40.7268053558345],[-73.9840478757499,40.7267284736233],[-73.984053439724,40.7267308148171],[-73.9840644019458,40.7267157391108],[-73.9841418490163,40.7267484202712],[-73.9840750325068,40.7268403107047],[-73.984054002005,40.7268692339472],[-73.983990581214,40.7269564556608],[-73.9839075202591,40.7269215007302]]]},"properties":{"OBJECTID":882110,"BASE_BBL":"1004350024","BIN":1005832,"CONSTRUCTION_YEAR":1900,"DOITT_ID":801667,"FEATURE_CODE":2100,"GEOM_SOURCE":"Photogrammetric","GROUND_ELEVATION":17,"HEIGHT_ROOF":74.2680089,"LAST_EDITED_DATE":1503428669000,"LAST_STATUS_TYPE":"Constructed","MAPPLUTO_BBL":"1004350024","NAME":null,"Shape__Area":367.29296875,"Shape__Length":90.94641862293372}},{"type":"Feature","id":882921,"geometry":{"type":"Polygon","coordinates":[[[-73.9865587009742,40.7280145570152],[-73.9865879788515,40.7279739555803],[-73.9866035901085,40.7279717655585],[-73.9866236951624,40.7279438845366],[-73.9866175029746,40.7279330101718],[-73.9866281854053,40.7279181962395],[-73.9866415439639,40.7279163985729],[-73.9866619236829,40.7278881357603],[-73.9867062280809,40.7278266937542],[-73.98674407647,40.7278424885412],[-73.9867719245254,40.7278541101097],[-73.9867380941824,40.7279010263371],[-73.9867270522467,40.7278964180613],[-73.9866960232915,40.7279394498034],[-73.9867070652322,40.7279440580822],[-73.9866897237662,40.727968106872],[-73.9866740143428,40.7279699060732],[-73.986656692987,40.727993926044],[-73.9866629466518,40.7280052416631],[-73.9866336699901,40.7280458431171],[-73.9865587009742,40.7280145570152]]]},"properties":{"OBJECTID":882921,"BASE_BBL":"1004490018","BIN":1006324,"CONSTRUCTION_YEAR":1900,"DOITT_ID":491396,"FEATURE_CODE":2100,"GEOM_SOURCE":"Photogrammetric","GROUND_ELEVATION":29,"HEIGHT_ROOF":76.76,"LAST_EDITED_DATE":1503426343000,"LAST_STATUS_TYPE":"Constructed","MAPPLUTO_BBL":"1004490018","NAME":null,"Shape__Area":262.31640625,"Shape__Length":88.13071739792224}},{"type":"Feature","id":883420,"geometry":{"type":"Polygon","coordinates":[[[-73.9838385023909,40.7289822211319],[-73.9838712588703,40.7289371345459],[-73.9838864883871,40.7289435374945],[-73.9838936042545,40.7289465299802],[-73.9839271454232,40.7289606321317],[-73.9840731345371,40.7290220139848],[-73.9840403781524,40.7290671015281],[-73.9838623166474,40.7289922336267],[-73.9838385023909,40.7289822211319]]]},"properties":{"OBJECTID":883420,"BASE_BBL":"1004380005","BIN":1005932,"CONSTRUCTION_YEAR":1900,"DOITT_ID":277885,"FEATURE_CODE":2100,"GEOM_SOURCE":"Photogrammetric","GROUND_ELEVATION":22,"HEIGHT_ROOF":48.71,"LAST_EDITED_DATE":1503422893000,"LAST_STATUS_TYPE":"Constructed","MAPPLUTO_BBL":"1004380005","NAME":null,"Shape__Area":194.30078125,"Shape__Length":66.52120368028179}},{"type":"Feature","id":886050,"geometry":{"type":"Polygon","coordinates":[[[-73.9846325077844,40.7291172935758],[-73.98467120565,40.7290640165278],[-73.9846755146187,40.7290580845492],[-73.9848203233846,40.7291189565095],[-73.9847773166396,40.7291781655896],[-73.9846325077844,40.7291172935758]]]},"properties":{"OBJECTID":886050,"BASE_BBL":"1004520036","BIN":1077702,"CONSTRUCTION_YEAR":1900,"DOITT_ID":511022,"FEATURE_CODE":2100,"GEOM_SOURCE":"Photogrammetric","GROUND_ELEVATION":23,"HEIGHT_ROOF":16.68,"LAST_EDITED_DATE":1234569600000,"LAST_STATUS_TYPE":"Constructed","MAPPLUTO_BBL":"1004520036","NAME":null,"Shape__Area":183.01953125,"Shape__Length":56.72455477393226}},{"type":"Feature","id":888011,"geometry":{"type":"Polygon","coordinates":[[[-73.9864004636624,40.7279485212282],[-73.9864372283344,40.7278975369464],[-73.9864475567698,40.7278832137665],[-73.9865117059284,40.7277942510129],[-73.9865455482168,40.7277473186435],[-73.9866242062419,40.7277801441534],[-73.9866038040429,40.7278084393755],[-73.9865614366568,40.7278671953502],[-73.986479123037,40.7279813477369],[-73.9864004636624,40.7279485212282]]]},"properties":{"OBJECTID":888011,"BASE_BBL":"1004490020","BIN":1006326,"CONSTRUCTION_YEAR":1920,"DOITT_ID":733105,"FEATURE_CODE":2100,"GEOM_SOURCE":"Photogrammetric","GROUND_ELEVATION":28,"HEIGHT_ROOF":54.28,"LAST_EDITED_DATE":1503428653000,"LAST_STATUS_TYPE":"Constructed","MAPPLUTO_BBL":"1004490020","NAME":null,"Shape__Area":336.671875,"Shape__Length":87.3535648539716}},{"type":"Feature","id":891216,"geometry":{"type":"Polygon","coordinates":[[[-73.986479123037,40.7279813477369],[-73.9865614366568,40.7278671953502],[-73.9866038040429,40.7278084393755],[-73.9866833818357,40.727841649469],[-73.9866495040753,40.7278886305016],[-73.9866281854053,40.7279181962395],[-73.9866175029746,40.7279330101718],[-73.9865879788515,40.7279739555803],[-73.9865587009742,40.7280145570152],[-73.986479123037,40.7279813477369]]]},"properties":{"OBJECTID":891216,"BASE_BBL":"1004490019","BIN":1006325,"CONSTRUCTION_YEAR":1920,"DOITT_ID":339637,"FEATURE_CODE":2100,"GEOM_SOURCE":"Photogrammetric","GROUND_ELEVATION":28,"HEIGHT_ROOF":59.08,"LAST_EDITED_DATE":1503426332000,"LAST_STATUS_TYPE":"Constructed","MAPPLUTO_BBL":"1004490019","NAME":null,"Shape__Area":292.7109375,"Shape__Length":78.11425826185392}},{"type":"Feature","id":892826,"geometry":{"type":"Polygon","coordinates":[[[-73.9835335416321,40.7303170488543],[-73.983568199529,40.7302694114936],[-73.9837751057143,40.7303565236169],[-73.9837679936947,40.7303662985366],[-73.9837404479201,40.7304041610394],[-73.9835335416321,40.7303170488543]]]},"properties":{"OBJECTID":892826,"BASE_BBL":"1004540043","BIN":1006496,"CONSTRUCTION_YEAR":1920,"DOITT_ID":201761,"FEATURE_CODE":2100,"GEOM_SOURCE":"Photogrammetric","GROUND_ELEVATION":22,"HEIGHT_ROOF":39.68,"LAST_EDITED_DATE":1503424405000,"LAST_STATUS_TYPE":"Constructed","MAPPLUTO_BBL":"1004540043","NAME":null,"Shape__Area":210.5546875,"Shape__Length":68.6797749227191}},{"type":"Feature","id":894733,"geometry":{"type":"Polygon","coordinates":[[[-73.98451308539,40.7279566540213],[-73.9845817400846,40.7278623898521],[-73.9846461040804,40.7278895190792],[-73.984607033922,40.7279431643857],[-73.9845774506324,40.7279837841871],[-73.98451308539,40.7279566540213]]]},"properties":{"OBJECTID":894733,"BASE_BBL":"1004360007","BIN":1005863,"CONSTRUCTION_YEAR":1900,"DOITT_ID":40280,"FEATURE_CODE":2100,"GEOM_SOURCE":"Photogrammetric","GROUND_ELEVATION":23,"HEIGHT_ROOF":35.81,"LAST_EDITED_DATE":1503430011000,"LAST_STATUS_TYPE":"Constructed","MAPPLUTO_BBL":"1004360007","NAME":null,"Shape__Area":129.66796875,"Shape__Length":48.02966370704709}},{"type":"Feature","id":903700,"geometry":{"type":"Polygon","coordinates":[[[-73.9854828476287,40.7312651125603],[-73.9854206733522,40.7312389377297],[-73.9854465536352,40.7312033637117],[-73.9853786564279,40.731174780175],[-73.9853591838848,40.7311725804605],[-73.9853366439961,40.7312035613903],[-73.9852979939075,40.7311872896767],[-73.9852936321171,40.7311854538834],[-73.985289567426,40.7311837423982],[-73.9853053968708,40.73116198363],[-73.9853121310128,40.7311527272611],[-73.9852928811462,40.7311446238297],[-73.9852887478052,40.7311428835193],[-73.9852797934177,40.731155192327],[-73.9851942834845,40.7311191934426],[-73.9852331087468,40.7310658261859],[-73.985258656323,40.7310307087244],[-73.9854684161539,40.7311190167375],[-73.9854598501958,40.7311307916067],[-73.9854900891918,40.7311435214071],[-73.9855127829251,40.7311123279463],[-73.9855828450443,40.7311418238903],[-73.985581636513,40.7311468431736],[-73.985579723666,40.7311517344966],[-73.9855771278234,40.7311564402292],[-73.9855738797751,40.7311609054442],[-73.9855700174131,40.7311650770165],[-73.9855655845468,40.7311689081248],[-73.9855606344561,40.73117235285],[-73.985514320986,40.7312360129879],[-73.9855139292929,40.7312408369628],[-73.9855127385703,40.731245584294],[-73.985510767775,40.7312501793411],[-73.9855080500686,40.7312545473661],[-73.9855046280818,40.7312586199356],[-73.9855005562826,40.7312623295182],[-73.9854959009747,40.7312656184896],[-73.9854907355639,40.7312684328287],[-73.9854828476287,40.7312651125603]]]},"properties":{"OBJECTID":903700,"BASE_BBL":"1004540004","BIN":1006479,"CONSTRUCTION_YEAR":1920,"DOITT_ID":41201,"FEATURE_CODE":2100,"GEOM_SOURCE":"Photogrammetric","GROUND_ELEVATION":26,"HEIGHT_ROOF":67.81,"LAST_EDITED_DATE":1503427363000,"LAST_STATUS_TYPE":"Constructed","MAPPLUTO_BBL":"1004540004","NAME":null,"Shape__Area":622.87890625,"Shape__Length":141.1844905074231}},{"type":"Feature","id":905187,"geometry":{"type":"Polygon","coordinates":[[[-73.9858155977217,40.7274215655815],[-73.9856827270306,40.7273661138053],[-73.9856962323657,40.7273473839955],[-73.9857174885115,40.72731790667],[-73.9857236420285,40.7273204747842],[-73.9858698257777,40.7273814815867],[-73.9858350643737,40.7274296896681],[-73.9858155977217,40.7274215655815]]]},"properties":{"OBJECTID":905187,"BASE_BBL":"1004490034","BIN":1006337,"CONSTRUCTION_YEAR":1900,"DOITT_ID":136361,"FEATURE_CODE":2100,"GEOM_SOURCE":"Photogrammetric","GROUND_ELEVATION":26,"HEIGHT_ROOF":42.17,"LAST_EDITED_DATE":1503422882000,"LAST_STATUS_TYPE":"Constructed","MAPPLUTO_BBL":"1004490034","NAME":null,"Shape__Area":156.22265625,"Shape__Length":54.85848036610922}},{"type":"Feature","id":905654,"geometry":{"type":"Polygon","coordinates":[[[-73.9877158082718,40.7279996693605],[-73.9876656345018,40.7279787325683],[-73.98766048101,40.727976581601],[-73.9876165153703,40.7279582344156],[-73.9876125123618,40.7279565644415],[-73.98760433173,40.7279437718318],[-73.9875669565278,40.7279281745904],[-73.9875493342154,40.7279301988317],[-73.9875154021846,40.7279160391579],[-73.9874812003031,40.7279017659806],[-73.9875270727793,40.7278381491002],[-73.9876839923913,40.7279036338886],[-73.9879071419947,40.7279967548507],[-73.9878612709559,40.7280603718813],[-73.9877158082718,40.7279996693605]]]},"properties":{"OBJECTID":905654,"BASE_BBL":"1004490001","BIN":1006307,"CONSTRUCTION_YEAR":1930,"DOITT_ID":535875,"FEATURE_CODE":2100,"GEOM_SOURCE":"Photogrammetric","GROUND_ELEVATION":34,"HEIGHT_ROOF":59.35,"LAST_EDITED_DATE":1503426316000,"LAST_STATUS_TYPE":"Constructed","MAPPLUTO_BBL":"1004490001","NAME":null,"Shape__Area":506.6328125,"Shape__Length":118.69142074725056}},{"type":"Feature","id":909308,"geometry":{"type":"Polygon","coordinates":[[[-73.984562372137,40.7275815482268],[-73.9845906042193,40.7275427850958],[-73.9846562496346,40.727452649308],[-73.9847445300836,40.7274898601623],[-73.9846506527043,40.7276187591524],[-73.9846464213611,40.7276169755806],[-73.984562372137,40.7275815482268]]]},"properties":{"OBJECTID":909308,"BASE_BBL":"1004360052","BIN":1082476,"CONSTRUCTION_YEAR":1900,"DOITT_ID":809921,"FEATURE_CODE":2100,"GEOM_SOURCE":"Photogrammetric","GROUND_ELEVATION":21,"HEIGHT_ROOF":59.87,"LAST_EDITED_DATE":1503422874000,"LAST_STATUS_TYPE":"Constructed","MAPPLUTO_BBL":"1004360052","NAME":null,"Shape__Area":243.203125,"Shape__Length":65.74435698492267}},{"type":"Feature","id":909342,"geometry":{"type":"Polygon","coordinates":[[[-73.9842988237174,40.7292734535227],[-73.9843420523793,40.7292139393797],[-73.9845002668723,40.7292804471459],[-73.9844570383088,40.7293399604473],[-73.9842988237174,40.7292734535227]]]},"properties":{"OBJECTID":909342,"BASE_BBL":"1004520032","BIN":1006451,"CONSTRUCTION_YEAR":1900,"DOITT_ID":704326,"FEATURE_CODE":2100,"GEOM_SOURCE":"Photogrammetric","GROUND_ELEVATION":24,"HEIGHT_ROOF":49.31,"LAST_EDITED_DATE":1503423600000,"LAST_STATUS_TYPE":"Constructed","MAPPLUTO_BBL":"1004520032","NAME":null,"Shape__Area":200.9921875,"Shape__Length":60.23993968994522}},{"type":"Feature","id":911635,"geometry":{"type":"Polygon","coordinates":[[[-73.9840151877276,40.7277467881151],[-73.98410359126,40.7276254081398],[-73.9842243872171,40.7276763251197],[-73.9841422216624,40.7277891404048],[-73.9841359838372,40.7277977051869],[-73.9841002772459,40.727782654559],[-73.9840151877276,40.7277467881151]]]},"properties":{"OBJECTID":911635,"BASE_BBL":"1004360014","BIN":1005868,"CONSTRUCTION_YEAR":1900,"DOITT_ID":549463,"FEATURE_CODE":2100,"GEOM_SOURCE":"Photogrammetric","GROUND_ELEVATION":21,"HEIGHT_ROOF":57.97,"LAST_EDITED_DATE":1503429996000,"LAST_STATUS_TYPE":"Constructed","MAPPLUTO_BBL":"1004360014","NAME":null,"Shape__Area":313.36328125,"Shape__Length":71.505353467562}},{"type":"Feature","id":912455,"geometry":{"type":"Polygon","coordinates":[[[-73.9854109584125,40.7302372197432],[-73.9855035483663,40.7301107937146],[-73.9858502404112,40.7302577260028],[-73.985807138038,40.7303165797456],[-73.9857605886681,40.7303801409049],[-73.9857576509108,40.7303841532081],[-73.9856871740927,40.7303542836047],[-73.985669824606,40.7303779738296],[-73.9854603474936,40.7302891943433],[-73.9854776958478,40.73026550505],[-73.9854109584125,40.7302372197432]]]},"properties":{"OBJECTID":912455,"BASE_BBL":"1004530011","BIN":1079353,"CONSTRUCTION_YEAR":1940,"DOITT_ID":89399,"FEATURE_CODE":2100,"GEOM_SOURCE":"Photogrammetric","GROUND_ELEVATION":29,"HEIGHT_ROOF":49.66,"LAST_EDITED_DATE":1503422873000,"LAST_STATUS_TYPE":"Constructed","MAPPLUTO_BBL":"1004530011","NAME":null,"Shape__Area":1045.57421875,"Shape__Length":138.87973102043114}},{"type":"Feature","id":917287,"geometry":{"type":"Polygon","coordinates":[[[-73.98217768156,40.7299485065476],[-73.9821000825934,40.7299157790317],[-73.9821423638692,40.7298577631181],[-73.9822211925646,40.7298910094886],[-73.9821789113362,40.729949025431],[-73.98217768156,40.7299485065476]]]},"properties":{"OBJECTID":917287,"BASE_BBL":"1004400022","BIN":1077001,"CONSTRUCTION_YEAR":1901,"DOITT_ID":358494,"FEATURE_CODE":2100,"GEOM_SOURCE":"Photogrammetric","GROUND_ELEVATION":19,"HEIGHT_ROOF":36.83,"LAST_EDITED_DATE":1503422872000,"LAST_STATUS_TYPE":"Constructed","MAPPLUTO_BBL":"1004400022","NAME":null,"Shape__Area":97.76953125,"Shape__Length":39.5570688837428}},{"type":"Feature","id":917288,"geometry":{"type":"Polygon","coordinates":[[[-73.9826436197453,40.7283194996605],[-73.9827528887831,40.7281691049742],[-73.9828347895939,40.7282035418655],[-73.9827213951299,40.7283596155195],[-73.982639494186,40.7283251785483],[-73.9826436197453,40.7283194996605]]]},"properties":{"OBJECTID":917288,"BASE_BBL":"1004380039","BIN":1005951,"CONSTRUCTION_YEAR":1910,"DOITT_ID":567600,"FEATURE_CODE":2100,"GEOM_SOURCE":"Photogrammetric","GROUND_ELEVATION":20,"HEIGHT_ROOF":54.24,"LAST_EDITED_DATE":1503422872000,"LAST_STATUS_TYPE":"Constructed","MAPPLUTO_BBL":"1004380039","NAME":null,"Shape__Area":272.875,"Shape__Length":73.19684007291923}},{"type":"Feature","id":917515,"geometry":{"type":"Polygon","coordinates":[[[-73.9862304818019,40.7300429719576],[-73.9862705335211,40.7299878295873],[-73.9862327763739,40.729971958117],[-73.9861924582133,40.7300274669494],[-73.9860590459052,40.7299713888089],[-73.9861509110008,40.7298449135401],[-73.986188918938,40.7297925859412],[-73.9862208252234,40.7298059983376],[-73.9862308105959,40.7297922505649],[-73.9862377787042,40.7297951789515],[-73.9862809929479,40.7297356820934],[-73.9863396318088,40.7297603296835],[-73.9863023995813,40.7298115912224],[-73.9863762010107,40.7298426125954],[-73.9864134331985,40.7297913519334],[-73.9864295307667,40.7297981184527],[-73.9864747412779,40.7298171218032],[-73.9865309005429,40.7298407271158],[-73.9864271349749,40.7299835878425],[-73.9863619062101,40.7300733923702],[-73.9863480938593,40.7300924085765],[-73.9863334071383,40.7300862347482],[-73.9862304818019,40.7300429719576]]]},"properties":{"OBJECTID":917515,"BASE_BBL":"1004520002","BIN":1006434,"CONSTRUCTION_YEAR":1929,"DOITT_ID":694356,"FEATURE_CODE":2100,"GEOM_SOURCE":"Photogrammetric","GROUND_ELEVATION":29,"HEIGHT_ROOF":200.36,"LAST_EDITED_DATE":1503429983000,"LAST_STATUS_TYPE":"Constructed","MAPPLUTO_BBL":"1004520002","NAME":null,"Shape__Area":1368.52734375,"Shape__Length":193.73385390742646}},{"type":"Feature","id":918600,"geometry":{"type":"Polygon","coordinates":[[[-73.9830775337471,40.7276940995468],[-73.9831031345312,40.7276585971374],[-73.9831659534346,40.7275714829933],[-73.9832435561988,40.7276038694099],[-73.9831746936012,40.7276993655512],[-73.9831675497838,40.727709271907],[-73.9831417181101,40.7277450948779],[-73.983064115231,40.7277127074928],[-73.9830775337471,40.7276940995468]]]},"properties":{"OBJECTID":918600,"BASE_BBL":"1004370034","BIN":1005915,"CONSTRUCTION_YEAR":1920,"DOITT_ID":449083,"FEATURE_CODE":2100,"GEOM_SOURCE":"Photogrammetric","GROUND_ELEVATION":20,"HEIGHT_ROOF":50.5,"LAST_EDITED_DATE":1503428623000,"LAST_STATUS_TYPE":"Constructed","MAPPLUTO_BBL":"1004370034","NAME":null,"Shape__Area":233.15625,"Shape__Length":67.00544397908332}},{"type":"Feature","id":918868,"geometry":{"type":"Polygon","coordinates":[[[-73.9813436563531,40.7281582656],[-73.9813687170347,40.7281236441884],[-73.9813852197042,40.7281219286861],[-73.9814022031116,40.7280984659684],[-73.9813904939792,40.7280935608056],[-73.9814225329326,40.728049301462],[-73.9815051880667,40.7280839285282],[-73.9814263115814,40.7281928927223],[-73.9813436563531,40.7281582656]]]},"properties":{"OBJECTID":918868,"BASE_BBL":"1004040006","BIN":1076974,"CONSTRUCTION_YEAR":1900,"DOITT_ID":648204,"FEATURE_CODE":2100,"GEOM_SOURCE":"Photogrammetric","GROUND_ELEVATION":17,"HEIGHT_ROOF":40.3,"LAST_EDITED_DATE":1503423592000,"LAST_STATUS_TYPE":"Constructed","MAPPLUTO_BBL":"1004040006","NAME":null,"Shape__Area":185.26171875,"Shape__Length":59.77435837586654}},{"type":"Feature","id":918871,"geometry":{"type":"Polygon","coordinates":[[[-73.9836218828212,40.7280727251964],[-73.9835965272669,40.7281078891628],[-73.9835220034542,40.7280767884532],[-73.9835630746751,40.7280198317295],[-73.9836375984433,40.7280509324127],[-73.9836218828212,40.7280727251964]]]},"properties":{"OBJECTID":918871,"BASE_BBL":"1004370016","BIN":1076961,"CONSTRUCTION_YEAR":1900,"DOITT_ID":131590,"FEATURE_CODE":2100,"GEOM_SOURCE":"Photogrammetric","GROUND_ELEVATION":20,"HEIGHT_ROOF":29.39,"LAST_EDITED_DATE":1234569600000,"LAST_STATUS_TYPE":"Constructed","MAPPLUTO_BBL":"1004370016","NAME":null,"Shape__Area":90.296875,"Shape__Length":38.01022589738527}},{"type":"Feature","id":919235,"geometry":{"type":"Polygon","coordinates":[[[-73.9844490894819,40.7279296805578],[-73.9844852338722,40.7278800520812],[-73.9845177442396,40.7278354146255],[-73.9845817400846,40.7278623898521],[-73.98451308539,40.7279566540213],[-73.9844490894819,40.7279296805578]]]},"properties":{"OBJECTID":919235,"BASE_BBL":"1004360008","BIN":1005864,"CONSTRUCTION_YEAR":1899,"DOITT_ID":272829,"FEATURE_CODE":2100,"GEOM_SOURCE":"Photogrammetric","GROUND_ELEVATION":21,"HEIGHT_ROOF":37.71,"LAST_EDITED_DATE":1503424383000,"LAST_STATUS_TYPE":"Constructed","MAPPLUTO_BBL":"1004360008","NAME":null,"Shape__Area":128.92578125,"Shape__Length":47.9358984622589}},{"type":"Feature","id":919243,"geometry":{"type":"Polygon","coordinates":[[[-73.9844637747435,40.7290463639735],[-73.9845024738864,40.7289930878824],[-73.98467120565,40.7290640165278],[-73.9846325077844,40.7291172935758],[-73.9844637747435,40.7290463639735]]]},"properties":{"OBJECTID":919243,"BASE_BBL":"1004520036","BIN":1077703,"CONSTRUCTION_YEAR":1900,"DOITT_ID":580549,"FEATURE_CODE":2100,"GEOM_SOURCE":"Photogrammetric","GROUND_ELEVATION":25,"HEIGHT_ROOF":55.18,"LAST_EDITED_DATE":1503426302000,"LAST_STATUS_TYPE":"Constructed","MAPPLUTO_BBL":"1004520036","NAME":null,"Shape__Area":191.8828125,"Shape__Length":60.82608578101478}},{"type":"Feature","id":920572,"geometry":{"type":"Polygon","coordinates":[[[-73.9825922668255,40.7275792339344],[-73.9826223746387,40.72753748278],[-73.9826380904617,40.7275156892306],[-73.982790237054,40.7275791862452],[-73.9827966579713,40.7275818662187],[-73.9827508344408,40.7276454109851],[-73.9825922668255,40.7275792339344]]]},"properties":{"OBJECTID":920572,"BASE_BBL":"1004370029","BIN":1076870,"CONSTRUCTION_YEAR":1900,"DOITT_ID":742049,"FEATURE_CODE":2100,"GEOM_SOURCE":"Photogrammetric","GROUND_ELEVATION":18,"HEIGHT_ROOF":49.92,"LAST_EDITED_DATE":1538588154000,"LAST_STATUS_TYPE":"Constructed","MAPPLUTO_BBL":"1004370029","NAME":null,"Shape__Area":214.34765625,"Shape__Length":61.57732500699764}},{"type":"Feature","id":923915,"geometry":{"type":"Polygon","coordinates":[[[-73.9831152308989,40.7300179995959],[-73.9830726666224,40.730000048911],[-73.983112909165,40.7299448284216],[-73.9831195819084,40.7299356721269],[-73.9833341054306,40.73002614416],[-73.9833269720707,40.7300359325574],[-73.9832996061901,40.730073484307],[-73.9832871902882,40.7300905210307],[-73.983253601352,40.7300763556524],[-73.9831152308989,40.7300179995959]]]},"properties":{"OBJECTID":923915,"BASE_BBL":"1004400001","BIN":1083482,"CONSTRUCTION_YEAR":1900,"DOITT_ID":465056,"FEATURE_CODE":2100,"GEOM_SOURCE":"Photogrammetric","GROUND_ELEVATION":22,"HEIGHT_ROOF":57.78,"LAST_EDITED_DATE":1503422864000,"LAST_STATUS_TYPE":"Constructed","MAPPLUTO_BBL":"1004400001","NAME":null,"Shape__Area":295.25,"Shape__Length":76.26599591618223}},{"type":"Feature","id":924343,"geometry":{"type":"Polygon","coordinates":[[[-73.9856835340369,40.7292135592376],[-73.9857171265399,40.7291672700529],[-73.9857346803431,40.72916081468],[-73.9857525410601,40.7291362032841],[-73.9857604050857,40.7291395064224],[-73.985780770121,40.729111444582],[-73.9857729060976,40.7291081423456],[-73.9857912084489,40.7290829213536],[-73.9857888132822,40.7290684895041],[-73.985790564538,40.7290660763565],[-73.9858214927138,40.7290234572856],[-73.9858981361262,40.7290556454773],[-73.9858959396612,40.7290586718184],[-73.9858654555468,40.7291006777172],[-73.9858481385829,40.7291068314687],[-73.9858298362467,40.7291320515691],[-73.9858186189991,40.7291273405274],[-73.9857982551585,40.7291554023747],[-73.9858094712257,40.7291601134182],[-73.9857916117071,40.7291847248229],[-73.9857937688835,40.7291994583133],[-73.9857601776013,40.7292457475203],[-73.9856835340369,40.7292135592376]]]},"properties":{"OBJECTID":924343,"BASE_BBL":"1004510021","BIN":1006411,"CONSTRUCTION_YEAR":1900,"DOITT_ID":106145,"FEATURE_CODE":2100,"GEOM_SOURCE":"Photogrammetric","GROUND_ELEVATION":28,"HEIGHT_ROOF":65.27,"LAST_EDITED_DATE":1503425268000,"LAST_STATUS_TYPE":"Constructed","MAPPLUTO_BBL":"1004510021","NAME":null,"Shape__Area":262.30859375,"Shape__Length":89.71780442317663}},{"type":"Feature","id":924572,"geometry":{"type":"Polygon","coordinates":[[[-73.9858409489652,40.7303309100993],[-73.985807138038,40.7303165797456],[-73.9858502404112,40.7302577260028],[-73.9859193962482,40.7302870352289],[-73.9858762939171,40.7303458889974],[-73.9858409489652,40.7303309100993]]]},"properties":{"OBJECTID":924572,"BASE_BBL":"1004530001","BIN":1077706,"CONSTRUCTION_YEAR":1900,"DOITT_ID":464032,"FEATURE_CODE":2100,"GEOM_SOURCE":"Photogrammetric","GROUND_ELEVATION":29,"HEIGHT_ROOF":53.64,"LAST_EDITED_DATE":1503424381000,"LAST_STATUS_TYPE":"Constructed","MAPPLUTO_BBL":"1004530001","NAME":null,"Shape__Area":87.21484375,"Shape__Length":37.41684235812757}},{"type":"Feature","id":924626,"geometry":{"type":"Polygon","coordinates":[[[-73.9816466486847,40.7291346342868],[-73.9816829435875,40.729085715422],[-73.9817162685377,40.7290407988356],[-73.9817208407587,40.7290427617701],[-73.9817526037428,40.7289999512151],[-73.9818071117627,40.7290233550578],[-73.9818237826813,40.7290305131333],[-73.9818050361142,40.7290557793507],[-73.9817223999479,40.7291671601048],[-73.9816859866387,40.7291515250893],[-73.9816466486847,40.7291346342868]]]},"properties":{"OBJECTID":924626,"BASE_BBL":"1004390028","BIN":1077671,"CONSTRUCTION_YEAR":1900,"DOITT_ID":688941,"FEATURE_CODE":2100,"GEOM_SOURCE":"Photogrammetric","GROUND_ELEVATION":18,"HEIGHT_ROOF":12.07,"LAST_EDITED_DATE":1503425258000,"LAST_STATUS_TYPE":"Constructed","MAPPLUTO_BBL":"1004390028","NAME":null,"Shape__Area":218.9609375,"Shape__Length":65.44060601316333}},{"type":"Feature","id":925144,"geometry":{"type":"Polygon","coordinates":[[[-73.986227908754,40.7286774680753],[-73.9862670620883,40.7286237943185],[-73.9862895047544,40.7286332685446],[-73.9863043257979,40.7286293711047],[-73.9863130570469,40.7286174007779],[-73.9863116485361,40.7286168062747],[-73.9863013107777,40.7286124411796],[-73.9863885153595,40.7284928945593],[-73.986418389957,40.7285055061109],[-73.9864647003399,40.7285250562073],[-73.9863752532477,40.7286476778573],[-73.9863651380014,40.7286434073477],[-73.9863586493643,40.7286523036068],[-73.9863626041403,40.7286641277564],[-73.9863849556943,40.7286735641316],[-73.9863458036095,40.7287272379283],[-73.986227908754,40.7286774680753]]]},"properties":{"OBJECTID":925144,"BASE_BBL":"1004500016","BIN":1006369,"CONSTRUCTION_YEAR":1910,"DOITT_ID":356884,"FEATURE_CODE":2100,"GEOM_SOURCE":"Photogrammetric","GROUND_ELEVATION":28,"HEIGHT_ROOF":63.16,"LAST_EDITED_DATE":1503422863000,"LAST_STATUS_TYPE":"Constructed","MAPPLUTO_BBL":"1004500016","NAME":null,"Shape__Area":355.2890625,"Shape__Length":98.93048741770782}},{"type":"Feature","id":925549,"geometry":{"type":"Polygon","coordinates":[[[-73.9817162685377,40.7290407988356],[-73.9815713826521,40.7289785893046],[-73.9816031457019,40.72893577789],[-73.9817526037428,40.7289999512151],[-73.9817208407587,40.7290427617701],[-73.9817162685377,40.7290407988356]]]},"properties":{"OBJECTID":925549,"BASE_BBL":"1004390030","BIN":1005977,"CONSTRUCTION_YEAR":1900,"DOITT_ID":507884,"FEATURE_CODE":2100,"GEOM_SOURCE":"Photogrammetric","GROUND_ELEVATION":19,"HEIGHT_ROOF":38.38,"LAST_EDITED_DATE":1503424381000,"LAST_STATUS_TYPE":"Constructed","MAPPLUTO_BBL":"1004390030","NAME":null,"Shape__Area":137.96484375,"Shape__Length":52.67459207286269}},{"type":"Feature","id":931761,"geometry":{"type":"Polygon","coordinates":[[[-73.9838959730929,40.7287252743906],[-73.983920969872,40.7286908685396],[-73.9839380129005,40.7286674099607],[-73.9840680972387,40.7287221051263],[-73.9840260575095,40.7287799696032],[-73.9839537118229,40.7287495511633],[-73.9838959730929,40.7287252743906]]]},"properties":{"OBJECTID":931761,"BASE_BBL":"1004380001","BIN":1077662,"CONSTRUCTION_YEAR":1900,"DOITT_ID":456780,"FEATURE_CODE":2100,"GEOM_SOURCE":"Photogrammetric","GROUND_ELEVATION":22,"HEIGHT_ROOF":53.99,"LAST_EDITED_DATE":1503423581000,"LAST_STATUS_TYPE":"Constructed","MAPPLUTO_BBL":"1004380001","NAME":null,"Shape__Area":160.69140625,"Shape__Length":52.527530334861986}},{"type":"Feature","id":932679,"geometry":{"type":"Polygon","coordinates":[[[-73.9832484174111,40.7286222430517],[-73.9832563262467,40.7286113579503],[-73.9832661675867,40.7285978121253],[-73.9833565050034,40.7284734721451],[-73.9833846458271,40.7284347399185],[-73.9834638179113,40.728468028719],[-73.9834226351269,40.7285247134341],[-73.9834083254241,40.7285281396108],[-73.9833621384162,40.7285917106745],[-73.9833663226274,40.7286022211179],[-73.9833326245851,40.7286486032582],[-73.9833275896499,40.7286555328456],[-73.9832484174111,40.7286222430517]]]},"properties":{"OBJECTID":932679,"BASE_BBL":"1004380047","BIN":1005959,"CONSTRUCTION_YEAR":1920,"DOITT_ID":460361,"FEATURE_CODE":2100,"GEOM_SOURCE":"Photogrammetric","GROUND_ELEVATION":20,"HEIGHT_ROOF":55.27,"LAST_EDITED_DATE":1503426288000,"LAST_STATUS_TYPE":"Constructed","MAPPLUTO_BBL":"1004380047","NAME":null,"Shape__Area":303.28125,"Shape__Length":83.9892693455057}},{"type":"Feature","id":934970,"geometry":{"type":"Polygon","coordinates":[[[-73.9865309005429,40.7298407271158],[-73.9864747412779,40.7298171218032],[-73.9864792028807,40.7298109790567],[-73.9864298034538,40.7297902147199],[-73.9863918629157,40.7297742667366],[-73.9863789412682,40.7297562991597],[-73.986346054918,40.7297424751584],[-73.9863390783232,40.729752079157],[-73.9862834506563,40.72972869714],[-73.9862733927791,40.7297324870834],[-73.9862427151384,40.7297195926408],[-73.9862842834585,40.7296623630652],[-73.9862888753173,40.7296560402397],[-73.9864318498418,40.7297161382136],[-73.9866091799432,40.7297906769647],[-73.9865630199767,40.7298542285926],[-73.9865592394087,40.7298526396541],[-73.9865309005429,40.7298407271158]]]},"properties":{"OBJECTID":934970,"BASE_BBL":"1004520001","BIN":1006433,"CONSTRUCTION_YEAR":1900,"DOITT_ID":136891,"FEATURE_CODE":2100,"GEOM_SOURCE":"Photogrammetric","GROUND_ELEVATION":30,"HEIGHT_ROOF":59.56,"LAST_EDITED_DATE":1503425257000,"LAST_STATUS_TYPE":"Constructed","MAPPLUTO_BBL":"1004520001","NAME":null,"Shape__Area":399.6875,"Shape__Length":106.51260327892015}},{"type":"Feature","id":939241,"geometry":{"type":"Polygon","coordinates":[[[-73.9880261216522,40.7290784270108],[-73.9880379405632,40.7290623532564],[-73.9880739430959,40.7290133873214],[-73.9881426895881,40.7289198864852],[-73.9882246816224,40.7289547743051],[-73.9881081138205,40.7291133158135],[-73.9880261216522,40.7290784270108]]]},"properties":{"OBJECTID":939241,"BASE_BBL":"1004640043","BIN":1006749,"CONSTRUCTION_YEAR":1900,"DOITT_ID":594918,"FEATURE_CODE":2100,"GEOM_SOURCE":"Photogrammetric","GROUND_ELEVATION":34,"HEIGHT_ROOF":61.59,"LAST_EDITED_DATE":1503427310000,"LAST_STATUS_TYPE":"Constructed","MAPPLUTO_BBL":"1004640043","NAME":null,"Shape__Area":279.078125,"Shape__Length":74.25617606770716}},{"type":"Feature","id":939985,"geometry":{"type":"Polygon","coordinates":[[[-73.9837679936947,40.7303662985366],[-73.9837751057143,40.7303565236169],[-73.9838123638536,40.7303053115299],[-73.9838508108208,40.7302524660745],[-73.9839453713548,40.7302922781757],[-73.9839057852882,40.7303466903882],[-73.9838625555245,40.7304061107053],[-73.9837679936947,40.7303662985366]]]},"properties":{"OBJECTID":939985,"BASE_BBL":"1004540046","BIN":1006499,"CONSTRUCTION_YEAR":1920,"DOITT_ID":692439,"FEATURE_CODE":2100,"GEOM_SOURCE":"Photogrammetric","GROUND_ELEVATION":23,"HEIGHT_ROOF":43.16,"LAST_EDITED_DATE":1503422853000,"LAST_STATUS_TYPE":"Constructed","MAPPLUTO_BBL":"1004540046","NAME":null,"Shape__Area":229.9375,"Shape__Length":62.2740725948651}},{"type":"Feature","id":939988,"geometry":{"type":"Polygon","coordinates":[[[-73.9861615210628,40.7278488055242],[-73.9861755130063,40.7278294021372],[-73.9862732029972,40.727693925045],[-73.9862937734358,40.7276653975696],[-73.9863332680331,40.7276818806768],[-73.9862995688978,40.7277286148894],[-73.9863401382506,40.7277455456749],[-73.9863323330169,40.7277563697671],[-73.9862622859029,40.7278535110406],[-73.9862415851472,40.7278822185958],[-73.9861615210628,40.7278488055242]]]},"properties":{"OBJECTID":939988,"BASE_BBL":"1004490023","BIN":1006329,"CONSTRUCTION_YEAR":1900,"DOITT_ID":503233,"FEATURE_CODE":2100,"GEOM_SOURCE":"Photogrammetric","GROUND_ELEVATION":27,"HEIGHT_ROOF":58.53,"LAST_EDITED_DATE":1503424370000,"LAST_STATUS_TYPE":"Constructed","MAPPLUTO_BBL":"1004490023","NAME":null,"Shape__Area":272.04296875,"Shape__Length":81.7530591766993}},{"type":"Feature","id":944583,"geometry":{"type":"Polygon","coordinates":[[[-73.9821952438927,40.7297836774484],[-73.9821475095511,40.7298491757643],[-73.9820751304449,40.7298186498834],[-73.982122863652,40.7297531515971],[-73.9821952438927,40.7297836774484]]]},"properties":{"OBJECTID":944583,"BASE_BBL":"1004400047","BIN":1076989,"CONSTRUCTION_YEAR":1900,"DOITT_ID":90585,"FEATURE_CODE":2100,"GEOM_SOURCE":"Photogrammetric","GROUND_ELEVATION":19,"HEIGHT_ROOF":34.77,"LAST_EDITED_DATE":1234569600000,"LAST_STATUS_TYPE":"Constructed","MAPPLUTO_BBL":"1004400047","NAME":null,"Shape__Area":101.3515625,"Shape__Length":40.424968152261684}},{"type":"Feature","id":946775,"geometry":{"type":"Polygon","coordinates":[[[-73.9851229776368,40.7281348424806],[-73.9853302804176,40.7282223598174],[-73.9853269211952,40.7282269654924],[-73.985287804043,40.7282805894092],[-73.9850805011369,40.7281930719966],[-73.9851229776368,40.7281348424806]]]},"properties":{"OBJECTID":946775,"BASE_BBL":"1004500029","BIN":1079781,"CONSTRUCTION_YEAR":1900,"DOITT_ID":829284,"FEATURE_CODE":2100,"GEOM_SOURCE":"Photogrammetric","GROUND_ELEVATION":26,"HEIGHT_ROOF":49.85,"LAST_EDITED_DATE":1503427298000,"LAST_STATUS_TYPE":"Constructed","MAPPLUTO_BBL":"1004500029","NAME":null,"Shape__Area":258.18359375,"Shape__Length":72.37963333191419}},{"type":"Feature","id":948171,"geometry":{"type":"Polygon","coordinates":[[[-73.9849295213208,40.7296806559866],[-73.9850564910206,40.729505854969],[-73.985134732513,40.7295387444698],[-73.9851084418128,40.7295749388233],[-73.9850866210903,40.7296049787723],[-73.9850706936551,40.7296269076985],[-73.9850414733981,40.729667135035],[-73.9850077629558,40.7297135455729],[-73.9849295213208,40.7296806559866]]]},"properties":{"OBJECTID":948171,"BASE_BBL":"1004520022","BIN":1006443,"CONSTRUCTION_YEAR":1900,"DOITT_ID":430754,"FEATURE_CODE":2100,"GEOM_SOURCE":"Photogrammetric","GROUND_ELEVATION":26,"HEIGHT_ROOF":54.13,"LAST_EDITED_DATE":1503423571000,"LAST_STATUS_TYPE":"Constructed","MAPPLUTO_BBL":"1004520022","NAME":null,"Shape__Area":291.94140625,"Shape__Length":78.54232092131394}},{"type":"Feature","id":948339,"geometry":{"type":"Polygon","coordinates":[[[-73.9855942851868,40.7306699498238],[-73.9856307984092,40.7306200932236],[-73.9857107127545,40.7306539613894],[-73.9858853800039,40.7307279876251],[-73.98587714692,40.7307392294656],[-73.9859033187547,40.7307503206343],[-73.9858908963057,40.730767282894],[-73.985875038758,40.7307889354803],[-73.9858262093534,40.7307682411971],[-73.9855942851868,40.7306699498238]]]},"properties":{"OBJECTID":948339,"BASE_BBL":"1004530007","BIN":1006475,"CONSTRUCTION_YEAR":1900,"DOITT_ID":156353,"FEATURE_CODE":2100,"GEOM_SOURCE":"Photogrammetric","GROUND_ELEVATION":29,"HEIGHT_ROOF":54.06,"LAST_EDITED_DATE":1503426275000,"LAST_STATUS_TYPE":"Constructed","MAPPLUTO_BBL":"1004530007","NAME":null,"Shape__Area":293.63671875,"Shape__Length":88.37075402737084}},{"type":"Feature","id":950207,"geometry":{"type":"Polygon","coordinates":[[[-73.9843951878911,40.7284607033719],[-73.9843880199966,40.7284474874325],[-73.9843316010477,40.7284239431699],[-73.9843297565555,40.7284149531388],[-73.9843079758512,40.7284058631379],[-73.9842954999011,40.7284088772416],[-73.9842714241939,40.7283988296799],[-73.9842529220386,40.7284013332678],[-73.9842352768626,40.728393970094],[-73.9842210700607,40.7283880409989],[-73.9842043054933,40.7283810444483],[-73.9842088134,40.7283747937337],[-73.9841946859059,40.7283688979651],[-73.9842151970536,40.7283404528018],[-73.9842318207561,40.7283173993499],[-73.9842336715171,40.7283148340534],[-73.9842964143342,40.7283410177179],[-73.9842984436927,40.7283440815259],[-73.9843044087058,40.7283530883284],[-73.9843124726012,40.7283564537284],[-73.984328483218,40.7283631349826],[-73.9843322038734,40.7283722639475],[-73.9843606210437,40.7283841230095],[-73.9843872012686,40.7283952145819],[-73.9843976998741,40.7283944370645],[-73.9844196640458,40.7284036036165],[-73.9844386800967,40.7284003877688],[-73.9844991174085,40.728425610168],[-73.9844990593875,40.7284256903055],[-73.9844556252414,40.7284859248932],[-73.9843951878911,40.7284607033719]]]},"properties":{"OBJECTID":950207,"BASE_BBL":"1004370005","BIN":1005895,"CONSTRUCTION_YEAR":1900,"DOITT_ID":195404,"FEATURE_CODE":2100,"GEOM_SOURCE":"Photogrammetric","GROUND_ELEVATION":24,"HEIGHT_ROOF":69.23,"LAST_EDITED_DATE":1503429942000,"LAST_STATUS_TYPE":"Constructed","MAPPLUTO_BBL":"1004370005","NAME":null,"Shape__Area":285.65234375,"Shape__Length":91.0548254857791}},{"type":"Feature","id":952203,"geometry":{"type":"Polygon","coordinates":[[[-73.9859853000473,40.7289386358978],[-73.9859971952513,40.7289222444821],[-73.9860171440889,40.7289306225384],[-73.9860304542501,40.7289122816895],[-73.986051048812,40.7288839037497],[-73.9860310988005,40.7288755256991],[-73.9860830735724,40.7288039055192],[-73.986159294304,40.7288359169872],[-73.9861073195891,40.7289075372013],[-73.9860902943045,40.7289003860067],[-73.9860595581776,40.7289427404242],[-73.9860555145707,40.7289483122833],[-73.9860623888114,40.7289694507588],[-73.9860208491404,40.7290266910692],[-73.985944628257,40.7289946795104],[-73.9859853000473,40.7289386358978]]]},"properties":{"OBJECTID":952203,"BASE_BBL":"1004510051","BIN":1006426,"CONSTRUCTION_YEAR":1900,"DOITT_ID":821265,"FEATURE_CODE":2100,"GEOM_SOURCE":"Photogrammetric","GROUND_ELEVATION":28,"HEIGHT_ROOF":54.81,"LAST_EDITED_DATE":1503427297000,"LAST_STATUS_TYPE":"Constructed","MAPPLUTO_BBL":"1004510051","NAME":null,"Shape__Area":270.40625,"Shape__Length":91.46448506937803}},{"type":"Feature","id":955381,"geometry":{"type":"Polygon","coordinates":[[[-73.9836054565946,40.7302182003732],[-73.9836439048596,40.7301653540859],[-73.9838508108208,40.7302524660745],[-73.9838123638536,40.7303053115299],[-73.9836054565946,40.7302182003732]]]},"properties":{"OBJECTID":955381,"BASE_BBL":"1004540045","BIN":1006498,"CONSTRUCTION_YEAR":1900,"DOITT_ID":392939,"FEATURE_CODE":2100,"GEOM_SOURCE":"Photogrammetric","GROUND_ELEVATION":24,"HEIGHT_ROOF":38.22,"LAST_EDITED_DATE":1503422842000,"LAST_STATUS_TYPE":"Constructed","MAPPLUTO_BBL":"1004540045","NAME":null,"Shape__Area":233.57421875,"Shape__Length":70.42717927857286}},{"type":"Feature","id":956074,"geometry":{"type":"Polygon","coordinates":[[[-73.9841695597391,40.7285753793986],[-73.9841825814419,40.728557322383],[-73.9842096481687,40.728568617578],[-73.9842286651891,40.728576553667],[-73.9842536641702,40.7285418847948],[-73.9843228626078,40.7285707618481],[-73.9843778909373,40.7285937259982],[-73.9843387466091,40.7286480096593],[-73.9842058841695,40.7285925633936],[-73.9841684371985,40.7285769362242],[-73.9841695597391,40.7285753793986]]]},"properties":{"OBJECTID":956074,"BASE_BBL":"1004370008","BIN":1005898,"CONSTRUCTION_YEAR":1900,"DOITT_ID":531595,"FEATURE_CODE":2100,"GEOM_SOURCE":"Photogrammetric","GROUND_ELEVATION":21,"HEIGHT_ROOF":47.61,"LAST_EDITED_DATE":1503429912000,"LAST_STATUS_TYPE":"Constructed","MAPPLUTO_BBL":"1004370008","NAME":null,"Shape__Area":162.6796875,"Shape__Length":61.46073204100566}},{"type":"Feature","id":956833,"geometry":{"type":"Polygon","coordinates":[[[-73.9865054759337,40.7287946445258],[-73.986530956826,40.7287597131688],[-73.9865413987817,40.7287641205793],[-73.9865705064016,40.7287242170274],[-73.9865600644502,40.7287198096195],[-73.9865782763822,40.7286948442351],[-73.9865927963551,40.7286870547238],[-73.986655677772,40.7286008509113],[-73.9867135629655,40.7286252875085],[-73.9867150069888,40.7286258973196],[-73.9867071674,40.7286366448887],[-73.9866480915603,40.7287176298209],[-73.9866530499663,40.7287305815137],[-73.9865825762602,40.7288271925201],[-73.9865054759337,40.7287946445258]]]},"properties":{"OBJECTID":956833,"BASE_BBL":"1004500012","BIN":1006366,"CONSTRUCTION_YEAR":1910,"DOITT_ID":746757,"FEATURE_CODE":2100,"GEOM_SOURCE":"Photogrammetric","GROUND_ELEVATION":30,"HEIGHT_ROOF":66.58,"LAST_EDITED_DATE":1503427296000,"LAST_STATUS_TYPE":"Constructed","MAPPLUTO_BBL":"1004500012","NAME":null,"Shape__Area":279.55078125,"Shape__Length":86.84038594851286}},{"type":"Feature","id":963694,"geometry":{"type":"Polygon","coordinates":[[[-73.9823325423914,40.7285848629431],[-73.9824157659611,40.7284703165435],[-73.9825062693185,40.7285083705234],[-73.9824230458569,40.7286229169878],[-73.9823325423914,40.7285848629431]]]},"properties":{"OBJECTID":963694,"BASE_BBL":"1004380025","BIN":1076972,"CONSTRUCTION_YEAR":1910,"DOITT_ID":2847,"FEATURE_CODE":2100,"GEOM_SOURCE":"Photogrammetric","GROUND_ELEVATION":19,"HEIGHT_ROOF":38.81,"LAST_EDITED_DATE":1503426262000,"LAST_STATUS_TYPE":"Constructed","MAPPLUTO_BBL":"1004380025","NAME":null,"Shape__Area":221.3125,"Shape__Length":61.46000601567421}},{"type":"Feature","id":964149,"geometry":{"type":"Polygon","coordinates":[[[-73.9819426194401,40.7280146177619],[-73.9819068149654,40.7279996186683],[-73.9818687912965,40.7279836889886],[-73.981891570951,40.7279522206856],[-73.9819204147679,40.727964303744],[-73.9819735255293,40.7279865537401],[-73.9819507459017,40.7280180220591],[-73.9819426194401,40.7280146177619]]]},"properties":{"OBJECTID":964149,"BASE_BBL":"1004040059","BIN":1077616,"CONSTRUCTION_YEAR":1846,"DOITT_ID":1193510,"FEATURE_CODE":2100,"GEOM_SOURCE":"Photogrammetric","GROUND_ELEVATION":17,"HEIGHT_ROOF":21.72,"LAST_EDITED_DATE":1653585539000,"LAST_STATUS_TYPE":"Constructed","MAPPLUTO_BBL":"1004040059","NAME":null,"Shape__Area":54.96484375,"Shape__Length":31.393531984766774}},{"type":"Feature","id":965263,"geometry":{"type":"Polygon","coordinates":[[[-73.9848319338988,40.7292470130905],[-73.9848355229281,40.7292420715709],[-73.9848492671602,40.7292478492431],[-73.9848830970718,40.7292012748718],[-73.9848693528463,40.7291954972036],[-73.9848868349739,40.7291714288991],[-73.9849027228024,40.7291725890372],[-73.9849224712856,40.7291454016619],[-73.9849153991137,40.7291321047235],[-73.9849252804535,40.7291185002299],[-73.9849435286546,40.729093377521],[-73.9850195396627,40.7291253284803],[-73.9849916599982,40.7291637108388],[-73.9849743732711,40.7291665794068],[-73.9849522187042,40.7291970812494],[-73.9849587206275,40.7292090588656],[-73.9849490832067,40.7292223266035],[-73.9849337147115,40.7292225560248],[-73.9848679470942,40.7293130998635],[-73.9848035828002,40.7292860437071],[-73.9848319338988,40.7292470130905]]]},"properties":{"OBJECTID":965263,"BASE_BBL":"1004520039","BIN":1006456,"CONSTRUCTION_YEAR":1920,"DOITT_ID":276039,"FEATURE_CODE":2100,"GEOM_SOURCE":"Photogrammetric","GROUND_ELEVATION":24,"HEIGHT_ROOF":75.78,"LAST_EDITED_DATE":1503428572000,"LAST_STATUS_TYPE":"Constructed","MAPPLUTO_BBL":"1004520039","NAME":null,"Shape__Area":257.265625,"Shape__Length":90.06459036994882}},{"type":"Feature","id":967886,"geometry":{"type":"Polygon","coordinates":[[[-73.9809274141591,40.7292624896239],[-73.9808825298717,40.729243757002],[-73.980804755908,40.7292112969324],[-73.9808497202689,40.729148947786],[-73.9809355248664,40.729184759048],[-73.9810512662356,40.7292330652324],[-73.9810063008231,40.7292954135561],[-73.9809274141591,40.7292624896239]]]},"properties":{"OBJECTID":967886,"BASE_BBL":"1004060003","BIN":1005198,"CONSTRUCTION_YEAR":1910,"DOITT_ID":584149,"FEATURE_CODE":2100,"GEOM_SOURCE":"Photogrammetric","GROUND_ELEVATION":17,"HEIGHT_ROOF":53.88,"LAST_EDITED_DATE":1503425220000,"LAST_STATUS_TYPE":"Constructed","MAPPLUTO_BBL":"1004060003","NAME":null,"Shape__Area":267.3515625,"Shape__Length":72.10210862140443}},{"type":"Feature","id":990898,"geometry":{"type":"Polygon","coordinates":[[[-73.9828168162291,40.727840023539],[-73.9827734958824,40.7278219438523],[-73.9828178950004,40.7277603745826],[-73.9828992935688,40.7277943448915],[-73.9828591230459,40.7278500498068],[-73.9828548945032,40.7278559150927],[-73.9828168162291,40.727840023539]]]},"properties":{"OBJECTID":990898,"BASE_BBL":"1004370027","BIN":1077651,"CONSTRUCTION_YEAR":1900,"DOITT_ID":599380,"FEATURE_CODE":2100,"GEOM_SOURCE":"Photogrammetric","GROUND_ELEVATION":19,"HEIGHT_ROOF":36.44,"LAST_EDITED_DATE":1234569600000,"LAST_STATUS_TYPE":"Constructed","MAPPLUTO_BBL":"1004370027","NAME":null,"Shape__Area":106.61328125,"Shape__Length":41.30220205711086}},{"type":"Feature","id":990972,"geometry":{"type":"Polygon","coordinates":[[[-73.9864812855036,40.7291086049875],[-73.986494286532,40.7290906890893],[-73.9865577380807,40.7290032535059],[-73.9866341356297,40.7290353385211],[-73.9865534998401,40.7291464528209],[-73.9865492798364,40.7291522687144],[-73.9865115721069,40.7292042290644],[-73.9864351756068,40.7291721448693],[-73.9864812855036,40.7291086049875]]]},"properties":{"OBJECTID":990972,"BASE_BBL":"1004510057","BIN":1006431,"CONSTRUCTION_YEAR":1900,"DOITT_ID":485483,"FEATURE_CODE":2100,"GEOM_SOURCE":"Photogrammetric","GROUND_ELEVATION":30,"HEIGHT_ROOF":61.67,"LAST_EDITED_DATE":1503422813000,"LAST_STATUS_TYPE":"Constructed","MAPPLUTO_BBL":"1004510057","NAME":null,"Shape__Area":275.3046875,"Shape__Length":76.07387854158081}},{"type":"Feature","id":990975,"geometry":{"type":"Polygon","coordinates":[[[-73.9860013608764,40.7298912734591],[-73.9860139323587,40.7298739654081],[-73.9860546472447,40.7298179100764],[-73.9860068020665,40.7297977986152],[-73.9861022074326,40.729666448458],[-73.9860808735071,40.7296574813173],[-73.9860893160252,40.7296458576701],[-73.9861287388751,40.7295915815596],[-73.9862701507106,40.7296510230759],[-73.9862672864224,40.7296549669626],[-73.9862293591428,40.7297071838354],[-73.9862173037528,40.7297021161313],[-73.9861603233133,40.7297805661202],[-73.986188918938,40.7297925859412],[-73.9861509110008,40.7298449135401],[-73.9861281956999,40.7298353654142],[-73.9860674176689,40.7299190405502],[-73.9860013608764,40.7298912734591]]]},"properties":{"OBJECTID":990975,"BASE_BBL":"1004520054","BIN":1006469,"CONSTRUCTION_YEAR":1920,"DOITT_ID":435050,"FEATURE_CODE":2100,"GEOM_SOURCE":"Photogrammetric","GROUND_ELEVATION":29,"HEIGHT_ROOF":63.76,"LAST_EDITED_DATE":1503426237000,"LAST_STATUS_TYPE":"Constructed","MAPPLUTO_BBL":"1004520054","NAME":null,"Shape__Area":635.95703125,"Shape__Length":134.03683682479638}},{"type":"Feature","id":991120,"geometry":{"type":"Polygon","coordinates":[[[-73.9829898784738,40.7300381075188],[-73.9829764147634,40.7300324287227],[-73.9829820644157,40.7300246761778],[-73.9829396753469,40.7300067993114],[-73.9830177697707,40.7298996404129],[-73.9830216206648,40.7298943576961],[-73.9831038870801,40.7299290528874],[-73.9830971681531,40.7299382722101],[-73.9830162933928,40.7300492480081],[-73.9829898784738,40.7300381075188]]]},"properties":{"OBJECTID":991120,"BASE_BBL":"1004400001","BIN":1077674,"CONSTRUCTION_YEAR":1900,"DOITT_ID":821603,"FEATURE_CODE":2100,"GEOM_SOURCE":"Photogrammetric","GROUND_ELEVATION":21,"HEIGHT_ROOF":60.97,"LAST_EDITED_DATE":1503422813000,"LAST_STATUS_TYPE":"Constructed","MAPPLUTO_BBL":"1004400001","NAME":null,"Shape__Area":204.3671875,"Shape__Length":61.30165690044614}},{"type":"Feature","id":991222,"geometry":{"type":"Polygon","coordinates":[[[-73.9859133634366,40.7273372854355],[-73.9859180783213,40.7273307456151],[-73.9859283132408,40.727316551242],[-73.9859415041549,40.7273121799811],[-73.9859597112587,40.7272869319294],[-73.9859557843393,40.7272784558597],[-73.9859828374384,40.7272409385466],[-73.9860133881751,40.7271985697091],[-73.9860892804066,40.727230241699],[-73.9860812727208,40.7272413476098],[-73.9860316754507,40.7273101278871],[-73.9860209115572,40.727312472407],[-73.9860027044696,40.7273377204684],[-73.9860032978155,40.7273418763896],[-73.9860042055661,40.7273482241879],[-73.9859775419877,40.727385200347],[-73.9859544364496,40.7274172430449],[-73.9859326286269,40.7274081425407],[-73.9859267332402,40.7274163175417],[-73.9858922952356,40.7274019448066],[-73.9858981894417,40.7273937698072],[-73.985878544069,40.7273855718675],[-73.9859133634366,40.7273372854355]]]},"properties":{"OBJECTID":991222,"BASE_BBL":"1004490039","BIN":1006342,"CONSTRUCTION_YEAR":1900,"DOITT_ID":361997,"FEATURE_CODE":2100,"GEOM_SOURCE":"Photogrammetric","GROUND_ELEVATION":27,"HEIGHT_ROOF":57.77,"LAST_EDITED_DATE":1503429866000,"LAST_STATUS_TYPE":"Constructed","MAPPLUTO_BBL":"1004490039","NAME":null,"Shape__Area":297.99609375,"Shape__Length":86.05208868102605}},{"type":"Feature","id":991455,"geometry":{"type":"Polygon","coordinates":[[[-73.9835785328928,40.7305225378419],[-73.9834336464822,40.730461537349],[-73.9834698202514,40.7304118164599],[-73.9836727272427,40.7304972442402],[-73.9837376438121,40.7305245757573],[-73.9837014701815,40.7305742967298],[-73.9835785328928,40.7305225378419]]]},"properties":{"OBJECTID":991455,"BASE_BBL":"1004540040","BIN":1006493,"CONSTRUCTION_YEAR":1920,"DOITT_ID":72372,"FEATURE_CODE":2100,"GEOM_SOURCE":"Photogrammetric","GROUND_ELEVATION":24,"HEIGHT_ROOF":29.63,"LAST_EDITED_DATE":1503427259000,"LAST_STATUS_TYPE":"Constructed","MAPPLUTO_BBL":"1004540040","NAME":null,"Shape__Area":284.47265625,"Shape__Length":84.89408871540452}},{"type":"Feature","id":991609,"geometry":{"type":"Polygon","coordinates":[[[-73.9853657493312,40.7296457121704],[-73.9853820887406,40.7296232168358],[-73.9854068849779,40.7295890798932],[-73.9854855954604,40.7296221655255],[-73.98544445986,40.7296787987311],[-73.9853657493312,40.7296457121704]]]},"properties":{"OBJECTID":991609,"BASE_BBL":"1004520018","BIN":1077700,"CONSTRUCTION_YEAR":1900,"DOITT_ID":850587,"FEATURE_CODE":2100,"GEOM_SOURCE":"Photogrammetric","GROUND_ELEVATION":26,"HEIGHT_ROOF":39.41,"LAST_EDITED_DATE":1234569600000,"LAST_STATUS_TYPE":"Constructed","MAPPLUTO_BBL":"1004520018","NAME":null,"Shape__Area":95.1484375,"Shape__Length":39.03208923427564}},{"type":"Feature","id":991700,"geometry":{"type":"Polygon","coordinates":[[[-73.9859588050645,40.7306277285693],[-73.9857841379963,40.730553702444],[-73.9857800307219,40.7305519621543],[-73.9857893437019,40.7305392463211],[-73.9858263895529,40.7304886612122],[-73.9860313355657,40.7305755186957],[-73.9859973270399,40.7306219564966],[-73.985984976869,40.7306388197196],[-73.9859588050645,40.7306277285693]]]},"properties":{"OBJECTID":991700,"BASE_BBL":"1004530004","BIN":1006472,"CONSTRUCTION_YEAR":1910,"DOITT_ID":434927,"FEATURE_CODE":2100,"GEOM_SOURCE":"Photogrammetric","GROUND_ELEVATION":29,"HEIGHT_ROOF":54.45,"LAST_EDITED_DATE":1503429865000,"LAST_STATUS_TYPE":"Constructed","MAPPLUTO_BBL":"1004530004","NAME":null,"Shape__Area":278,"Shape__Length":73.55016985271195}},{"type":"Feature","id":991849,"geometry":{"type":"Polygon","coordinates":[[[-73.9866875095329,40.7276930065342],[-73.9866878410632,40.7276925464124],[-73.9867893506824,40.7275517707264],[-73.9867956544661,40.7275430293081],[-73.9868759990167,40.7275765581377],[-73.9868512930342,40.727610820587],[-73.9868505257819,40.727611884901],[-73.9867994335951,40.7276827410079],[-73.9867840857162,40.7276763357284],[-73.9867772905443,40.7276857578743],[-73.986788856788,40.7276905850293],[-73.9867679763365,40.7277195421],[-73.9867453529655,40.7277509159324],[-73.9867179121202,40.7277394637],[-73.9867055623224,40.7277343104632],[-73.9867106098716,40.7277273104891],[-73.986724280756,40.7277083518495],[-73.9866884303814,40.7276933911579],[-73.9866875095329,40.7276930065342]]]},"properties":{"OBJECTID":991849,"BASE_BBL":"1004490049","BIN":1006351,"CONSTRUCTION_YEAR":1843,"DOITT_ID":93564,"FEATURE_CODE":2100,"GEOM_SOURCE":"Photogrammetric","GROUND_ELEVATION":28,"HEIGHT_ROOF":57.52,"LAST_EDITED_DATE":1580232067000,"LAST_STATUS_TYPE":"Constructed","MAPPLUTO_BBL":"1004490049","NAME":null,"Shape__Area":272.4609375,"Shape__Length":82.26217602229774}},{"type":"Feature","id":991881,"geometry":{"type":"Polygon","coordinates":[[[-73.9823204226883,40.7288732121214],[-73.9823208442497,40.7288726331589],[-73.9823621666866,40.7288159335531],[-73.982376003577,40.728796947542],[-73.9824811768357,40.7288413064452],[-73.9825010885064,40.7288497040159],[-73.9825001068412,40.7288510510279],[-73.9824949829978,40.7288580814222],[-73.982455758976,40.7289119024682],[-73.9826803365526,40.7290066213619],[-73.9826862667969,40.7289984834549],[-73.9827195130825,40.7289528659701],[-73.9827255806788,40.7289445398753],[-73.9827256659378,40.7289444228219],[-73.9828380572746,40.7289918252999],[-73.9829267281479,40.7290292231029],[-73.982687393934,40.7293576245414],[-73.9826570308273,40.7293448183402],[-73.9826080041479,40.7294120897579],[-73.9826208285526,40.7294174992491],[-73.982638367276,40.7294248959719],[-73.9825982596492,40.7294799299145],[-73.9825932766833,40.7294867676248],[-73.9825683973647,40.7295209039497],[-73.9825683121045,40.7295210219034],[-73.982468542074,40.7294789430944],[-73.9825162367569,40.7294135004678],[-73.9824589986608,40.7293893599301],[-73.9823221157555,40.7293316271938],[-73.9822852819624,40.7293160922601],[-73.9821651674613,40.7292654318091],[-73.9821490840387,40.7292875007875],[-73.982117728321,40.7293305240335],[-73.9820178405002,40.729288394386],[-73.9820764429059,40.7292079853853],[-73.982087070853,40.7291934023985],[-73.9821187641498,40.7292067690732],[-73.9821396268758,40.7291781424345],[-73.9821079335886,40.729164774865],[-73.9821492528354,40.7291080798399],[-73.9823204226883,40.7288732121214]],[[-73.982327155169,40.7291521520636],[-73.9824848774334,40.7292186787335],[-73.9824849200446,40.7292186913471],[-73.9825226296981,40.7292345964592],[-73.9825644921651,40.7291771548463],[-73.9825580427044,40.7291744343331],[-73.9823690177527,40.7290947105211],[-73.982327155169,40.7291521520636]]]},"properties":{"OBJECTID":991881,"BASE_BBL":"1004390017","BIN":1005974,"CONSTRUCTION_YEAR":1923,"DOITT_ID":449265,"FEATURE_CODE":2100,"GEOM_SOURCE":"Photogrammetric","GROUND_ELEVATION":15,"HEIGHT_ROOF":84.83,"LAST_EDITED_DATE":1503427259000,"LAST_STATUS_TYPE":"Constructed","MAPPLUTO_BBL":"1004390017","NAME":null,"Shape__Area":4696.72265625,"Shape__Length":433.0023397734361}},{"type":"Feature","id":992180,"geometry":{"type":"Polygon","coordinates":[[[-73.9842587814534,40.7293285790049],[-73.9842988237174,40.7292734535227],[-73.9844570383088,40.7293399604473],[-73.9844987124657,40.7293574791586],[-73.9844841608419,40.7293775117181],[-73.9844586703164,40.7294126056102],[-73.9842747567781,40.7293352944802],[-73.9842587814534,40.7293285790049]]]},"properties":{"OBJECTID":992180,"BASE_BBL":"1004520031","BIN":1006450,"CONSTRUCTION_YEAR":1920,"DOITT_ID":239716,"FEATURE_CODE":2100,"GEOM_SOURCE":"Photogrammetric","GROUND_ELEVATION":24,"HEIGHT_ROOF":22.03,"LAST_EDITED_DATE":1503429865000,"LAST_STATUS_TYPE":"Constructed","MAPPLUTO_BBL":"1004520031","NAME":null,"Shape__Area":235.2109375,"Shape__Length":69.37883700674556}},{"type":"Feature","id":992522,"geometry":{"type":"Polygon","coordinates":[[[-73.983588326585,40.7285833846064],[-73.9836233897115,40.7285351232229],[-73.9837035586278,40.7285688307365],[-73.9836684943575,40.7286170930445],[-73.9836527040518,40.7286195221781],[-73.983626010308,40.7286562636499],[-73.9836159673094,40.7286621704601],[-73.9835994641314,40.7286848843475],[-73.9836013114016,40.7286918356384],[-73.9835875672298,40.7287107533714],[-73.9835935415266,40.7287202590936],[-73.9835611437574,40.7287648512737],[-73.9835521684808,40.7287610777607],[-73.983488997145,40.728734515417],[-73.9834913298828,40.7287313054374],[-73.9835435405261,40.7286594423978],[-73.9835502894309,40.7286622799649],[-73.9835669962902,40.7286392851549],[-73.9835602473869,40.7286364475887],[-73.9835913011115,40.7285937048618],[-73.983588326585,40.7285833846064]]]},"properties":{"OBJECTID":992522,"BASE_BBL":"1004380050","BIN":1005962,"CONSTRUCTION_YEAR":1900,"DOITT_ID":111797,"FEATURE_CODE":2100,"GEOM_SOURCE":"Photogrammetric","GROUND_ELEVATION":21,"HEIGHT_ROOF":68.15,"LAST_EDITED_DATE":1503425206000,"LAST_STATUS_TYPE":"Constructed","MAPPLUTO_BBL":"1004380050","NAME":null,"Shape__Area":282.9375,"Shape__Length":88.87640946529058}},{"type":"Feature","id":993138,"geometry":{"type":"Polygon","coordinates":[[[-73.9830395734919,40.7276006679568],[-73.9830849858259,40.7275376921365],[-73.9831659534346,40.7275714829933],[-73.9831031345312,40.7276585971374],[-73.9830775337471,40.7276940995468],[-73.9829965660346,40.7276603077279],[-73.9830300104968,40.7276139292444],[-73.9830395734919,40.7276006679568]]]},"properties":{"OBJECTID":993138,"BASE_BBL":"1004370033","BIN":1005914,"CONSTRUCTION_YEAR":1900,"DOITT_ID":246923,"FEATURE_CODE":2100,"GEOM_SOURCE":"Photogrammetric","GROUND_ELEVATION":19,"HEIGHT_ROOF":41.86,"LAST_EDITED_DATE":1503425196000,"LAST_STATUS_TYPE":"Constructed","MAPPLUTO_BBL":"1004370033","NAME":null,"Shape__Area":211.19921875,"Shape__Length":61.63058681661809}},{"type":"Feature","id":993142,"geometry":{"type":"Polygon","coordinates":[[[-73.9822440604883,40.7298543983325],[-73.9822720071209,40.7298160526733],[-73.9823273993838,40.7297400456436],[-73.982400740028,40.7296394106158],[-73.9824801260755,40.7296728919281],[-73.9824461438952,40.729719519598],[-73.9823563656743,40.7298427107804],[-73.9823234467132,40.7298878797518],[-73.9822440604883,40.7298543983325]]]},"properties":{"OBJECTID":993142,"BASE_BBL":"1004400049","BIN":1006003,"CONSTRUCTION_YEAR":2001,"DOITT_ID":87714,"FEATURE_CODE":2100,"GEOM_SOURCE":"Photogrammetric","GROUND_ELEVATION":19,"HEIGHT_ROOF":72.25,"LAST_EDITED_DATE":1503423533000,"LAST_STATUS_TYPE":"Constructed","MAPPLUTO_BBL":"1004400049","NAME":null,"Shape__Area":364.87890625,"Shape__Length":92.38271902031927}},{"type":"Feature","id":993363,"geometry":{"type":"Polygon","coordinates":[[[-73.9816700904218,40.729409202248],[-73.9817135417242,40.7293495819673],[-73.9818647279866,40.729413345686],[-73.9818278714951,40.7294639178514],[-73.981822111627,40.7294718216083],[-73.9817926659273,40.729459402543],[-73.9817800020026,40.7294604001049],[-73.9817649439097,40.7294810616961],[-73.9817615339468,40.7294796239442],[-73.9817300914426,40.7295227668374],[-73.9817335002231,40.7295242054905],[-73.9817133500947,40.729551856016],[-73.9817178041275,40.7295575839588],[-73.981749780405,40.729571070547],[-73.9817395490268,40.729585108757],[-73.9817081727726,40.7296281625038],[-73.9815569861729,40.7295643976809],[-73.9815995613778,40.729505978583],[-73.9816291775012,40.7295184688649],[-73.981641270356,40.729519358695],[-73.9816860409403,40.7294579268122],[-73.9816866078628,40.7294539430516],[-73.9817031746269,40.7294312096397],[-73.9816981027341,40.7294210168755],[-73.9816700904218,40.729409202248]]]},"properties":{"OBJECTID":993363,"BASE_BBL":"1004400040","BIN":1006000,"CONSTRUCTION_YEAR":1910,"DOITT_ID":467781,"FEATURE_CODE":2100,"GEOM_SOURCE":"Photogrammetric","GROUND_ELEVATION":18,"HEIGHT_ROOF":63.94,"LAST_EDITED_DATE":1503423533000,"LAST_STATUS_TYPE":"Constructed","MAPPLUTO_BBL":"1004400040","NAME":null,"Shape__Area":530.7109375,"Shape__Length":129.16636097736134}},{"type":"Feature","id":993371,"geometry":{"type":"Polygon","coordinates":[[[-73.9862304818019,40.7300429719576],[-73.9863334071383,40.7300862347482],[-73.9863480938593,40.7300924085765],[-73.9863280816257,40.7301199608675],[-73.9862454062139,40.7302337834231],[-73.9859003383138,40.7300887381883],[-73.9859857872789,40.7299710962577],[-73.9862132426692,40.730066705503],[-73.9862304818019,40.7300429719576]]]},"properties":{"OBJECTID":993371,"BASE_BBL":"1004520006","BIN":1006435,"CONSTRUCTION_YEAR":1928,"DOITT_ID":603585,"FEATURE_CODE":2100,"GEOM_SOURCE":"Photogrammetric","GROUND_ELEVATION":29,"HEIGHT_ROOF":205.89,"LAST_EDITED_DATE":1503423533000,"LAST_STATUS_TYPE":"Constructed","MAPPLUTO_BBL":"1004520006","NAME":null,"Shape__Area":926.08203125,"Shape__Length":135.2652301755321}},{"type":"Feature","id":993838,"geometry":{"type":"Polygon","coordinates":[[[-73.985906359311,40.728905482137],[-73.9860041329471,40.7287707518247],[-73.9860830735724,40.7288039055192],[-73.9860310988005,40.7288755256991],[-73.9860138385809,40.7288993105449],[-73.9859971952513,40.7289222444821],[-73.9859853000473,40.7289386358978],[-73.9859142292353,40.7289087870666],[-73.985906359311,40.728905482137]]]},"properties":{"OBJECTID":993838,"BASE_BBL":"1004510050","BIN":1006425,"CONSTRUCTION_YEAR":1900,"DOITT_ID":211427,"FEATURE_CODE":2100,"GEOM_SOURCE":"Photogrammetric","GROUND_ELEVATION":28,"HEIGHT_ROOF":57.72,"LAST_EDITED_DATE":1503422813000,"LAST_STATUS_TYPE":"Constructed","MAPPLUTO_BBL":"1004510050","NAME":null,"Shape__Area":226.921875,"Shape__Length":65.26766823589855}},{"type":"Feature","id":994213,"geometry":{"type":"Polygon","coordinates":[[[-73.9837479025953,40.72879020189],[-73.9838607234582,40.7286349123979],[-73.9838922558846,40.7286481705019],[-73.9839380129005,40.7286674099607],[-73.983920969872,40.7286908685396],[-73.9838959730929,40.7287252743906],[-73.9838553186361,40.7287812317212],[-73.9838254017526,40.7288224113945],[-73.9838056967318,40.7288495319514],[-73.9837284071425,40.7288170352011],[-73.9837479025953,40.72879020189]]]},"properties":{"OBJECTID":994213,"BASE_BBL":"1004380053","BIN":1005965,"CONSTRUCTION_YEAR":1900,"DOITT_ID":430958,"FEATURE_CODE":2100,"GEOM_SOURCE":"Photogrammetric","GROUND_ELEVATION":20,"HEIGHT_ROOF":61.88,"LAST_EDITED_DATE":1503427259000,"LAST_STATUS_TYPE":"Constructed","MAPPLUTO_BBL":"1004380053","NAME":null,"Shape__Area":300.5078125,"Shape__Length":80.75876693929416}},{"type":"Feature","id":994218,"geometry":{"type":"Polygon","coordinates":[[[-73.983526790839,40.7278834417642],[-73.9835771631657,40.7278135865732],[-73.9836156314954,40.7277602404985],[-73.9836652238696,40.7277809376373],[-73.9836110198622,40.7278561080262],[-73.983576384461,40.7279041389411],[-73.983526790839,40.7278834417642]]]},"properties":{"OBJECTID":994218,"BASE_BBL":"1004370040","BIN":1005920,"CONSTRUCTION_YEAR":1900,"DOITT_ID":788854,"FEATURE_CODE":2100,"GEOM_SOURCE":"Photogrammetric","GROUND_ELEVATION":18,"HEIGHT_ROOF":48.82,"LAST_EDITED_DATE":1503423533000,"LAST_STATUS_TYPE":"Constructed","MAPPLUTO_BBL":"1004370040","NAME":null,"Shape__Area":129.97265625,"Shape__Length":53.85197391084854}},{"type":"Feature","id":994249,"geometry":{"type":"Polygon","coordinates":[[[-73.9811523418452,40.7288440169857],[-73.981197843256,40.7287809221669],[-73.981232196926,40.7287952602693],[-73.981340719113,40.7288405527867],[-73.9812952177968,40.7289036476614],[-73.9812235383365,40.7288737318997],[-73.9811523418452,40.7288440169857]]]},"properties":{"OBJECTID":994249,"BASE_BBL":"1004050007","BIN":1005165,"CONSTRUCTION_YEAR":1920,"DOITT_ID":391629,"FEATURE_CODE":2100,"GEOM_SOURCE":"Photogrammetric","GROUND_ELEVATION":17,"HEIGHT_ROOF":50.43,"LAST_EDITED_DATE":1503427259000,"LAST_STATUS_TYPE":"Constructed","MAPPLUTO_BBL":"1004050007","NAME":null,"Shape__Area":191.77734375,"Shape__Length":57.439432459367445}},{"type":"Feature","id":994568,"geometry":{"type":"Polygon","coordinates":[[[-73.9848187448538,40.7285603832806],[-73.98485962099,40.7285040591303],[-73.9850162388174,40.7285698383732],[-73.9849911562021,40.7286044002392],[-73.9850694190991,40.7286372699803],[-73.9850771417393,40.728626629668],[-73.9851568285939,40.7286600974719],[-73.9851333137532,40.7286925001503],[-73.9848187448538,40.7285603832806]]]},"properties":{"OBJECTID":994568,"BASE_BBL":"1004510137","BIN":1006432,"CONSTRUCTION_YEAR":1900,"DOITT_ID":264353,"FEATURE_CODE":2100,"GEOM_SOURCE":"Photogrammetric","GROUND_ELEVATION":26,"HEIGHT_ROOF":48.77,"LAST_EDITED_DATE":1503425206000,"LAST_STATUS_TYPE":"Constructed","MAPPLUTO_BBL":"1004510137","NAME":null,"Shape__Area":279.65234375,"Shape__Length":102.5247138371688}},{"type":"Feature","id":996681,"geometry":{"type":"Polygon","coordinates":[[[-73.983316783231,40.7297486652033],[-73.983360247491,40.7296890253955],[-73.9834691926466,40.7297349724328],[-73.9835311078963,40.7297610852502],[-73.9834876437421,40.7298207251219],[-73.983408474799,40.7297873354877],[-73.983316783231,40.7297486652033]]]},"properties":{"OBJECTID":996681,"BASE_BBL":"1004390007","BIN":1005971,"CONSTRUCTION_YEAR":1900,"DOITT_ID":765705,"FEATURE_CODE":2100,"GEOM_SOURCE":"Photogrammetric","GROUND_ELEVATION":22,"HEIGHT_ROOF":54.35,"LAST_EDITED_DATE":1503428512000,"LAST_STATUS_TYPE":"Constructed","MAPPLUTO_BBL":"1004390007","NAME":null,"Shape__Area":217.85546875,"Shape__Length":63.55130457696089}},{"type":"Feature","id":997239,"geometry":{"type":"Polygon","coordinates":[[[-73.9855554989514,40.7283936029418],[-73.9855830665225,40.728355812038],[-73.9856870787038,40.728213224925],[-73.9857669570783,40.7282469471764],[-73.9856353774758,40.7284273243831],[-73.9855764311484,40.7284024395574],[-73.9855554989514,40.7283936029418]]]},"properties":{"OBJECTID":997239,"BASE_BBL":"1004500026","BIN":1006377,"CONSTRUCTION_YEAR":1920,"DOITT_ID":747567,"FEATURE_CODE":2100,"GEOM_SOURCE":"Photogrammetric","GROUND_ELEVATION":25,"HEIGHT_ROOF":58.83,"LAST_EDITED_DATE":1503426237000,"LAST_STATUS_TYPE":"Constructed","MAPPLUTO_BBL":"1004500026","NAME":null,"Shape__Area":308.16796875,"Shape__Length":80.90900285510945}},{"type":"Feature","id":997474,"geometry":{"type":"Polygon","coordinates":[[[-73.9854823288957,40.7299130294289],[-73.9855162392215,40.7298663441233],[-73.9855339686683,40.729864212146],[-73.9855602379378,40.7298280465104],[-73.9855671054106,40.7298309344021],[-73.9855900650935,40.7297993258194],[-73.9855864423344,40.7297906714774],[-73.9856001743213,40.7297717661142],[-73.9855925189269,40.7297613282607],[-73.9856280098668,40.7297124656889],[-73.9856724211357,40.7297311333652],[-73.9856028885864,40.7298268613775],[-73.9855267390735,40.7299316980611],[-73.985489085112,40.7299158695842],[-73.9854823288957,40.7299130294289]]]},"properties":{"OBJECTID":997474,"BASE_BBL":"1004520015","BIN":1006439,"CONSTRUCTION_YEAR":1900,"DOITT_ID":520827,"FEATURE_CODE":2100,"GEOM_SOURCE":"Photogrammetric","GROUND_ELEVATION":28,"HEIGHT_ROOF":57.47,"LAST_EDITED_DATE":1503424324000,"LAST_STATUS_TYPE":"Constructed","MAPPLUTO_BBL":"1004520015","NAME":null,"Shape__Area":159.390625,"Shape__Length":81.45497273873548}},{"type":"Feature","id":997490,"geometry":{"type":"Polygon","coordinates":[[[-73.9850077629558,40.7297135455729],[-73.9850414733981,40.729667135035],[-73.9850587486458,40.7296632353732],[-73.9850745884692,40.7296414289066],[-73.9850706936551,40.7296269076985],[-73.9850866210903,40.7296049787723],[-73.985110944719,40.7296152026936],[-73.9851211884272,40.7296010993491],[-73.9851327642502,40.7295851627399],[-73.9851302514009,40.7295841061187],[-73.9851084418128,40.7295749388233],[-73.985134732513,40.7295387444698],[-73.9851481578936,40.7295202596579],[-73.985154878547,40.7295230845198],[-73.9852271593397,40.729553467974],[-73.9852060372988,40.729582548093],[-73.9851973198507,40.7295788828028],[-73.9851787258534,40.7296044827753],[-73.9851683572374,40.7296001238787],[-73.9851465377171,40.7296301647396],[-73.9851656226062,40.7296381871302],[-73.9851495661219,40.7296602916498],[-73.9851439580697,40.7296579342951],[-73.9851320133836,40.7296664353572],[-73.9851166566891,40.7296875773185],[-73.9851134411288,40.7297004649838],[-73.9851187615604,40.7297027025351],[-73.9850867633774,40.7297467539843],[-73.9850520012411,40.7297321414252],[-73.9850077629558,40.7297135455729]]]},"properties":{"OBJECTID":997490,"BASE_BBL":"1004520021","BIN":1006442,"CONSTRUCTION_YEAR":1900,"DOITT_ID":738587,"FEATURE_CODE":2100,"GEOM_SOURCE":"Photogrammetric","GROUND_ELEVATION":26,"HEIGHT_ROOF":67.42,"LAST_EDITED_DATE":1503424324000,"LAST_STATUS_TYPE":"Constructed","MAPPLUTO_BBL":"1004520021","NAME":null,"Shape__Area":277.98046875,"Shape__Length":98.65681818850965}},{"type":"Feature","id":997936,"geometry":{"type":"Polygon","coordinates":[[[-73.9876693710873,40.7280640705975],[-73.9876812112755,40.7280476501838],[-73.9876498724755,40.7280345723384],[-73.9876258839858,40.7280245624078],[-73.9876140437883,40.7280409819154],[-73.9875700781188,40.7280226356129],[-73.9875745998936,40.7280163658571],[-73.9875206054249,40.7279938337883],[-73.9875160848302,40.728000103542],[-73.9874689648648,40.7279804403149],[-73.9875154021846,40.7279160391579],[-73.9875493342154,40.7279301988317],[-73.9875625221183,40.7279357023663],[-73.9875593193452,40.7279401451315],[-73.9876133125998,40.7279626771822],[-73.9876165153703,40.7279582344156],[-73.98766048101,40.727976581601],[-73.9876494613543,40.7279918629568],[-73.9876606146302,40.727996517082],[-73.9877047886248,40.7280149516221],[-73.9877158082718,40.7279996693605],[-73.9878612709559,40.7280603718813],[-73.9878632902206,40.7280612149704],[-73.9878168531359,40.7281256153659],[-73.9876693710873,40.7280640705975]]]},"properties":{"OBJECTID":997936,"BASE_BBL":"1004490002","BIN":1006308,"CONSTRUCTION_YEAR":1920,"DOITT_ID":25998,"FEATURE_CODE":2100,"GEOM_SOURCE":"Photogrammetric","GROUND_ELEVATION":34,"HEIGHT_ROOF":59.31,"LAST_EDITED_DATE":1503425196000,"LAST_STATUS_TYPE":"Constructed","MAPPLUTO_BBL":"1004490002","NAME":null,"Shape__Area":426.9921875,"Shape__Length":124.18125550871532}},{"type":"Feature","id":1025183,"geometry":{"type":"Polygon","coordinates":[[[-73.9883686198734,40.727936734833],[-73.9885872963191,40.7280285906106],[-73.9885506943005,40.72807901998],[-73.9883320189234,40.7279871641336],[-73.9883686198734,40.727936734833]]]},"properties":{"OBJECTID":1025183,"BASE_BBL":"1004620023","BIN":1006651,"CONSTRUCTION_YEAR":1843,"DOITT_ID":175181,"FEATURE_CODE":2100,"GEOM_SOURCE":"Photogrammetric","GROUND_ELEVATION":34,"HEIGHT_ROOF":52.7,"LAST_EDITED_DATE":1580232349000,"LAST_STATUS_TYPE":"Constructed","MAPPLUTO_BBL":"1004620023","NAME":null,"Shape__Area":235.30859375,"Shape__Length":72.57362561920026}},{"type":"Feature","id":1025237,"geometry":{"type":"Polygon","coordinates":[[[-73.984002826088,40.726627931837],[-73.984159505505,40.7264124517572],[-73.9842395111664,40.7264461210639],[-73.9841504119779,40.7265686591219],[-73.9841040479906,40.7265491477041],[-73.9840910539281,40.7265670192147],[-73.9841370202445,40.7265863621876],[-73.9841374179241,40.7265865297371],[-73.9840854570325,40.7266579914734],[-73.9840828331128,40.7266616003512],[-73.9840727952438,40.7266573755757],[-73.984002826088,40.726627931837]]]},"properties":{"OBJECTID":1025237,"BASE_BBL":"1004350041","BIN":1005847,"CONSTRUCTION_YEAR":1861,"DOITT_ID":82154,"FEATURE_CODE":2100,"GEOM_SOURCE":"Photogrammetric","GROUND_ELEVATION":20,"HEIGHT_ROOF":52.3,"LAST_EDITED_DATE":1580232348000,"LAST_STATUS_TYPE":"Constructed","MAPPLUTO_BBL":"1004350041","NAME":null,"Shape__Area":350.47265625,"Shape__Length":104.46098191841668}},{"type":"Feature","id":1025589,"geometry":{"type":"Polygon","coordinates":[[[-73.9859775419877,40.727385200347],[-73.9860042055661,40.7273482241879],[-73.9860082088302,40.7273426721358],[-73.9860316754507,40.7273101278871],[-73.9860812727208,40.7272413476098],[-73.986162855776,40.7272753948809],[-73.9860872095678,40.7273803013711],[-73.9860863475823,40.7273814971429],[-73.9860591263496,40.7274192476911],[-73.9859775419877,40.727385200347]]]},"properties":{"OBJECTID":1025589,"BASE_BBL":"1004490040","BIN":1006343,"CONSTRUCTION_YEAR":1845,"DOITT_ID":805459,"FEATURE_CODE":2100,"GEOM_SOURCE":"Photogrammetric","GROUND_ELEVATION":27,"HEIGHT_ROOF":53.96,"LAST_EDITED_DATE":1580231911000,"LAST_STATUS_TYPE":"Constructed","MAPPLUTO_BBL":"1004490040","NAME":null,"Shape__Area":249.6640625,"Shape__Length":68.89636264508347}},{"type":"Feature","id":1026701,"geometry":{"type":"Polygon","coordinates":[[[-73.9850537553141,40.7266029668315],[-73.9850907475137,40.726552110872],[-73.9851097214564,40.7265494253072],[-73.985122819437,40.7265314186187],[-73.9851097894401,40.7265259328342],[-73.9851320673619,40.7264953057954],[-73.9851501879175,40.7265029345451],[-73.9851670547075,40.7264797477084],[-73.9851574878608,40.7264757202995],[-73.9851882849715,40.726433381425],[-73.9851993025365,40.7264182353775],[-73.9852118022779,40.7264234977576],[-73.9852630345499,40.7264450661155],[-73.9852212199125,40.7265025501599],[-73.9852047835785,40.726495631239],[-73.9851879167977,40.7265188180811],[-73.9852111587058,40.7265286023981],[-73.9851888796255,40.7265592294519],[-73.985175907613,40.7265537679961],[-73.9851628096423,40.7265717746906],[-73.9851698389043,40.7265854075029],[-73.9851328467469,40.726636262587],[-73.9850537553141,40.7266029668315]]]},"properties":{"OBJECTID":1026701,"BASE_BBL":"1004340014","BIN":1005780,"CONSTRUCTION_YEAR":1893,"DOITT_ID":77092,"FEATURE_CODE":2100,"GEOM_SOURCE":"Photogrammetric","GROUND_ELEVATION":22,"HEIGHT_ROOF":59.35,"LAST_EDITED_DATE":1580232079000,"LAST_STATUS_TYPE":"Constructed","MAPPLUTO_BBL":"1004340014","NAME":null,"Shape__Area":266.546875,"Shape__Length":94.81340301288927}},{"type":"Feature","id":1027123,"geometry":{"type":"Polygon","coordinates":[[[-73.9864754563234,40.7272033453673],[-73.9865139479203,40.7271505008069],[-73.9865316356132,40.7271579572906],[-73.9865429505991,40.7271520701847],[-73.9866323729144,40.7270293015938],[-73.9867052410903,40.7270600200888],[-73.9866533311539,40.7271312875744],[-73.9866194100189,40.7271778579656],[-73.9866064174305,40.7271793594049],[-73.9866102183022,40.7271910835739],[-73.9866320332292,40.7272002803054],[-73.9866272651558,40.727206827353],[-73.9865935416971,40.7272531249048],[-73.9865427699832,40.7272317219884],[-73.9864754563234,40.7272033453673]]]},"properties":{"OBJECTID":1027123,"BASE_BBL":"1004480022","BIN":1006279,"CONSTRUCTION_YEAR":1852,"DOITT_ID":596129,"FEATURE_CODE":2100,"GEOM_SOURCE":"Photogrammetric","GROUND_ELEVATION":28,"HEIGHT_ROOF":61.36,"LAST_EDITED_DATE":1580231774000,"LAST_STATUS_TYPE":"Constructed","MAPPLUTO_BBL":"1004480022","NAME":null,"Shape__Area":336.4921875,"Shape__Length":92.22433425007763}},{"type":"Feature","id":1027303,"geometry":{"type":"Polygon","coordinates":[[[-73.9885506943005,40.72807901998],[-73.9885872963191,40.7280285906106],[-73.9886084033711,40.7279995098639],[-73.9886986823736,40.7280374310842],[-73.9886409733777,40.7281169421457],[-73.9885506943005,40.72807901998]]]},"properties":{"OBJECTID":1027303,"BASE_BBL":"1004620022","BIN":1006650,"CONSTRUCTION_YEAR":1886,"DOITT_ID":725334,"FEATURE_CODE":2100,"GEOM_SOURCE":"Photogrammetric","GROUND_ELEVATION":34,"HEIGHT_ROOF":60.39,"LAST_EDITED_DATE":1580232071000,"LAST_STATUS_TYPE":"Constructed","MAPPLUTO_BBL":"1004620022","NAME":null,"Shape__Area":153.1640625,"Shape__Length":49.640588188053556}},{"type":"Feature","id":1027375,"geometry":{"type":"Polygon","coordinates":[[[-73.9838803899223,40.7263735263408],[-73.9839241143738,40.7263133919499],[-73.9840028983581,40.7263465470601],[-73.983914645485,40.7264679197961],[-73.9838318165799,40.7265818334067],[-73.9837619908218,40.7265524480745],[-73.9837661505127,40.7265467277265],[-73.9837571932777,40.7265429578329],[-73.9838803899223,40.7263735263408]]]},"properties":{"OBJECTID":1027375,"BASE_BBL":"1004350038","BIN":1005844,"CONSTRUCTION_YEAR":1861,"DOITT_ID":151899,"FEATURE_CODE":2100,"GEOM_SOURCE":"Photogrammetric","GROUND_ELEVATION":20,"HEIGHT_ROOF":51.8,"LAST_EDITED_DATE":1580232212000,"LAST_STATUS_TYPE":"Constructed","MAPPLUTO_BBL":"1004350038","NAME":null,"Shape__Area":394.76171875,"Shape__Length":98.98623532342211}},{"type":"Feature","id":1027638,"geometry":{"type":"Polygon","coordinates":[[[-73.987382714869,40.7275858017583],[-73.9874055438429,40.7275544593404],[-73.9874161407219,40.7275589261228],[-73.9874452863747,40.7275189115849],[-73.9874395984132,40.7275077059312],[-73.9874551894756,40.7274862989298],[-73.9874784320514,40.727496097196],[-73.987501170965,40.7274648772181],[-73.9874895881473,40.7274599943012],[-73.9875061548054,40.7274372501429],[-73.9874999864908,40.7274247972351],[-73.9875362100298,40.7273750651481],[-73.9876154456437,40.7274084663708],[-73.9875792221457,40.7274581984824],[-73.9875635504751,40.7274614449272],[-73.9875469838305,40.7274841899942],[-73.9875315471668,40.7274776821466],[-73.9875088082633,40.7275089012299],[-73.987534425181,40.7275197011082],[-73.9875188341365,40.7275411072198],[-73.9875040467979,40.7275436819725],[-73.9874749011695,40.7275836965253],[-73.9874847796046,40.7275878606522],[-73.9874619506566,40.7276192030857],[-73.987382714869,40.7275858017583]]]},"properties":{"OBJECTID":1027638,"BASE_BBL":"1004480011","BIN":1006268,"CONSTRUCTION_YEAR":1893,"DOITT_ID":366011,"FEATURE_CODE":2100,"GEOM_SOURCE":"Photogrammetric","GROUND_ELEVATION":31,"HEIGHT_ROOF":57.44,"LAST_EDITED_DATE":1580231720000,"LAST_STATUS_TYPE":"Constructed","MAPPLUTO_BBL":"1004480011","NAME":null,"Shape__Area":292.9296875,"Shape__Length":105.60200172547837}},{"type":"Feature","id":1027951,"geometry":{"type":"Polygon","coordinates":[[[-73.9866431784017,40.7276105841184],[-73.9867158911475,40.7275097427262],[-73.9867646190808,40.7275300773269],[-73.9867956544661,40.7275430293081],[-73.9867893506824,40.7275517707264],[-73.9866878410632,40.7276925464124],[-73.9866875095329,40.7276930065342],[-73.9866077472724,40.7276597198781],[-73.9866337807033,40.7276236178956],[-73.9866431784017,40.7276105841184]]]},"properties":{"OBJECTID":1027951,"BASE_BBL":"1004490048","BIN":1006350,"CONSTRUCTION_YEAR":1845,"DOITT_ID":85087,"FEATURE_CODE":2100,"GEOM_SOURCE":"Photogrammetric","GROUND_ELEVATION":27,"HEIGHT_ROOF":57.61,"LAST_EDITED_DATE":1580231719000,"LAST_STATUS_TYPE":"Constructed","MAPPLUTO_BBL":"1004490048","NAME":null,"Shape__Area":254.4765625,"Shape__Length":70.48380858222585}},{"type":"Feature","id":1028115,"geometry":{"type":"Polygon","coordinates":[[[-73.9841872616465,40.7262382953027],[-73.9842723463333,40.7261213281128],[-73.9842803707404,40.7261102952696],[-73.9843589179458,40.726143363656],[-73.9842658089564,40.7262713646525],[-73.9841872616465,40.7262382953027]]]},"properties":{"OBJECTID":1028115,"BASE_BBL":"1004340025","BIN":1005788,"CONSTRUCTION_YEAR":1863,"DOITT_ID":554495,"FEATURE_CODE":2100,"GEOM_SOURCE":"Photogrammetric","GROUND_ELEVATION":20,"HEIGHT_ROOF":52.74,"LAST_EDITED_DATE":1580232156000,"LAST_STATUS_TYPE":"Constructed","MAPPLUTO_BBL":"1004340025","NAME":null,"Shape__Area":214.74609375,"Shape__Length":62.94457559143783}},{"type":"Feature","id":1028472,"geometry":{"type":"Polygon","coordinates":[[[-73.9865935416971,40.7272531249048],[-73.9866272651558,40.727206827353],[-73.9866443229973,40.7272032191917],[-73.9866628269451,40.7271778143743],[-73.9866790801385,40.7271846664276],[-73.9866982198883,40.7271583899853],[-73.9866819655156,40.7271515379345],[-73.9867000195054,40.7271267535096],[-73.9866967555566,40.7271114237672],[-73.9867273944967,40.7270693591218],[-73.986806602119,40.7271027491928],[-73.9867759620299,40.7271448138589],[-73.9867576537021,40.7271510495813],[-73.986739600911,40.7271758340153],[-73.9867264049523,40.7271702718518],[-73.9867072663941,40.7271965473985],[-73.9867204611725,40.7272021104644],[-73.9867016955706,40.7272278736634],[-73.9867064717076,40.727240217492],[-73.9866727494708,40.727286515067],[-73.9865935416971,40.7272531249048]]]},"properties":{"OBJECTID":1028472,"BASE_BBL":"1004480021","BIN":1006278,"CONSTRUCTION_YEAR":1897,"DOITT_ID":24999,"FEATURE_CODE":2100,"GEOM_SOURCE":"Photogrammetric","GROUND_ELEVATION":28,"HEIGHT_ROOF":66.26,"LAST_EDITED_DATE":1580231772000,"LAST_STATUS_TYPE":"Constructed","MAPPLUTO_BBL":"1004480021","NAME":null,"Shape__Area":254.90234375,"Shape__Length":91.43042922498068}},{"type":"Feature","id":1028475,"geometry":{"type":"Polygon","coordinates":[[[-73.9874457881207,40.7299078364275],[-73.9874651746792,40.7298809781657],[-73.9874902790235,40.7298461996472],[-73.9875042390261,40.7298268609371],[-73.9874975265604,40.7298175570533],[-73.9875092250129,40.7298013500664],[-73.9875558390512,40.7297987751549],[-73.9875661411826,40.7299067085389],[-73.9874416380003,40.7299135857231],[-73.9874457881207,40.7299078364275]]]},"properties":{"OBJECTID":1028475,"BASE_BBL":"1004650045","BIN":1006793,"CONSTRUCTION_YEAR":1853,"DOITT_ID":785965,"FEATURE_CODE":2100,"GEOM_SOURCE":"Photogrammetric","GROUND_ELEVATION":34,"HEIGHT_ROOF":51.23,"LAST_EDITED_DATE":1580231772000,"LAST_STATUS_TYPE":"Constructed","MAPPLUTO_BBL":"1004650045","NAME":null,"Shape__Area":144.0625,"Shape__Length":53.788548832371255}},{"type":"Feature","id":1029565,"geometry":{"type":"Polygon","coordinates":[[[-73.9881742405058,40.7275935229697],[-73.9881730545201,40.7275930230654],[-73.9879463457537,40.727497457359],[-73.9878491710187,40.7274564937997],[-73.9878013980215,40.7274363560698],[-73.9878379386539,40.7273861880753],[-73.9878404428134,40.7273827510969],[-73.9878499811139,40.7273696542],[-73.9879389154061,40.7274071436332],[-73.9879245085166,40.7274269227043],[-73.98798812304,40.7274537393106],[-73.9879990939578,40.7274386767398],[-73.9882400237686,40.7275402384844],[-73.988210602713,40.7275806323095],[-73.988194876896,40.727602223103],[-73.9881742405058,40.7275935229697]]]},"properties":{"OBJECTID":1029565,"BASE_BBL":"1004480003","BIN":1006263,"CONSTRUCTION_YEAR":1908,"DOITT_ID":202917,"FEATURE_CODE":2100,"GEOM_SOURCE":"Photogrammetric","GROUND_ELEVATION":33,"HEIGHT_ROOF":62.05,"LAST_EDITED_DATE":1580232154000,"LAST_STATUS_TYPE":"Constructed","MAPPLUTO_BBL":"1004480003","NAME":"Self Reliance Federal Credit Union","Shape__Area":509.7578125,"Shape__Length":127.68241387660748}},{"type":"Feature","id":1029690,"geometry":{"type":"Polygon","coordinates":[[[-73.9849964695751,40.7268339291585],[-73.9850350320122,40.7267808941911],[-73.9850948975476,40.7268060864923],[-73.9850662457155,40.7268454917592],[-73.9850525082642,40.726864385359],[-73.9850378503148,40.726865571227],[-73.9849798751351,40.7269453046589],[-73.9849850345549,40.7269571839467],[-73.9849782096178,40.7269665690626],[-73.9849462458197,40.7270105295422],[-73.9848863813407,40.7269853371645],[-73.9849314941921,40.7269232916981],[-73.9849495138269,40.7269222080406],[-73.9849950552068,40.7268595727712],[-73.9849893900788,40.7268436663412],[-73.9849964695751,40.7268339291585]]]},"properties":{"OBJECTID":1029690,"BASE_BBL":"1004350054","BIN":1005854,"CONSTRUCTION_YEAR":1891,"DOITT_ID":66531,"FEATURE_CODE":2100,"GEOM_SOURCE":"Photogrammetric","GROUND_ELEVATION":23,"HEIGHT_ROOF":58.01,"LAST_EDITED_DATE":1580232177000,"LAST_STATUS_TYPE":"Constructed","MAPPLUTO_BBL":"1004350054","NAME":null,"Shape__Area":221.87109375,"Shape__Length":86.69205384415504}},{"type":"Feature","id":1029711,"geometry":{"type":"Polygon","coordinates":[[[-73.9886265989681,40.7279744414936],[-73.9884882873168,40.7279163431247],[-73.988407922646,40.7278825857899],[-73.9885195424091,40.7277287990463],[-73.988562962848,40.7276689753517],[-73.9888750860316,40.7278000840082],[-73.9888616111184,40.7278186493994],[-73.9888032075066,40.7278991168178],[-73.9887928022258,40.7278947456358],[-73.98876641707,40.7279310984122],[-73.9887736525954,40.7279341383354],[-73.9887168767631,40.7280123636002],[-73.9886265989681,40.7279744414936]]]},"properties":{"OBJECTID":1029711,"BASE_BBL":"1004620025","BIN":1006653,"CONSTRUCTION_YEAR":1928,"DOITT_ID":806102,"FEATURE_CODE":2100,"GEOM_SOURCE":"Photogrammetric","GROUND_ELEVATION":34,"HEIGHT_ROOF":86.14,"LAST_EDITED_DATE":1580232026000,"LAST_STATUS_TYPE":"Constructed","MAPPLUTO_BBL":"1004620025","NAME":"111, 113A Second Avenue","Shape__Area":1409.28125,"Shape__Length":152.9172849844787}},{"type":"Feature","id":1030067,"geometry":{"type":"Polygon","coordinates":[[[-73.9883686198734,40.727936734833],[-73.988397412313,40.7278970658158],[-73.988407922646,40.7278825857899],[-73.9884882873168,40.7279163431247],[-73.9886265989681,40.7279744414936],[-73.9886084033711,40.7279995098639],[-73.9885872963191,40.7280285906106],[-73.9883686198734,40.727936734833]]]},"properties":{"OBJECTID":1030067,"BASE_BBL":"1004620024","BIN":1006652,"CONSTRUCTION_YEAR":1843,"DOITT_ID":587399,"FEATURE_CODE":2100,"GEOM_SOURCE":"Photogrammetric","GROUND_ELEVATION":34,"HEIGHT_ROOF":43.44,"LAST_EDITED_DATE":1580232014000,"LAST_STATUS_TYPE":"Constructed","MAPPLUTO_BBL":"1004620024","NAME":null,"Shape__Area":252.66015625,"Shape__Length":73.82106267120285}},{"type":"Feature","id":1030207,"geometry":{"type":"Polygon","coordinates":[[[-73.9842719757615,40.7265279790799],[-73.984309944195,40.7264757610336],[-73.9844438344673,40.7265321051423],[-73.9844055428557,40.7265847671395],[-73.9843783644844,40.7265733296918],[-73.9843710836335,40.7265833432658],[-73.9843757054833,40.7265852880921],[-73.9842733411615,40.7267260696571],[-73.984184466636,40.7266886683485],[-73.9842860389439,40.7265489754692],[-73.984298179899,40.7265495579535],[-73.9842944340154,40.7265374302865],[-73.9842719757615,40.7265279790799]]]},"properties":{"OBJECTID":1030207,"BASE_BBL":"1004350043","BIN":1005848,"CONSTRUCTION_YEAR":1907,"DOITT_ID":148239,"FEATURE_CODE":2100,"GEOM_SOURCE":"Photogrammetric","GROUND_ELEVATION":20,"HEIGHT_ROOF":63.98,"LAST_EDITED_DATE":1580231769000,"LAST_STATUS_TYPE":"Constructed","MAPPLUTO_BBL":"1004350043","NAME":null,"Shape__Area":434.38671875,"Shape__Length":104.76741924971196}},{"type":"Feature","id":1030663,"geometry":{"type":"Polygon","coordinates":[[[-73.9839115960427,40.7257677680892],[-73.9839540661374,40.7257093822957],[-73.984269701564,40.7258422671596],[-73.9842581534239,40.7258581424594],[-73.9842272304775,40.7259006530684],[-73.9839115960427,40.7257677680892]]]},"properties":{"OBJECTID":1030663,"BASE_BBL":"1004340034","BIN":1005794,"CONSTRUCTION_YEAR":1850,"DOITT_ID":673296,"FEATURE_CODE":2100,"GEOM_SOURCE":"Photogrammetric","GROUND_ELEVATION":20,"HEIGHT_ROOF":35.15,"LAST_EDITED_DATE":1580231768000,"LAST_STATUS_TYPE":"Constructed","MAPPLUTO_BBL":"1004340034","NAME":null,"Shape__Area":393.625,"Shape__Length":99.9746306408849}},{"type":"Feature","id":1030721,"geometry":{"type":"Polygon","coordinates":[[[-73.9844055428557,40.7265847671395],[-73.9844438344673,40.7265321051423],[-73.9846385074258,40.7266140289757],[-73.9846296115445,40.7266262639064],[-73.9846002171049,40.7266666901367],[-73.9845784968536,40.7266697759763],[-73.9845304497208,40.7267358551933],[-73.9845453627817,40.7267421310424],[-73.9845278989349,40.7267661497773],[-73.9845112745821,40.7267890132694],[-73.9844687960167,40.7267711378462],[-73.9844569031965,40.7267874930887],[-73.9844114503207,40.7267683655352],[-73.984445938796,40.7267209331806],[-73.9844525904891,40.726723732861],[-73.9844596984684,40.7267139578937],[-73.9844310902768,40.7267019187257],[-73.9843732648904,40.7267814465581],[-73.9843337985658,40.7267648385101],[-73.9843230862369,40.7267795702815],[-73.9842770025596,40.7267601769388],[-73.9843100820773,40.7267146832286],[-73.9843303139419,40.7267137827726],[-73.9844129621805,40.7266001155207],[-73.9844055428557,40.7265847671395]]]},"properties":{"OBJECTID":1030721,"BASE_BBL":"1004350045","BIN":1005849,"CONSTRUCTION_YEAR":1901,"DOITT_ID":396093,"FEATURE_CODE":2100,"GEOM_SOURCE":"Photogrammetric","GROUND_ELEVATION":21,"HEIGHT_ROOF":75.2,"LAST_EDITED_DATE":1580232208000,"LAST_STATUS_TYPE":"Constructed","MAPPLUTO_BBL":"1004350045","NAME":null,"Shape__Area":748.30859375,"Shape__Length":151.83395271040283}},{"type":"Feature","id":1031422,"geometry":{"type":"Polygon","coordinates":[[[-73.9869961905301,40.7301899942555],[-73.9869921575005,40.7301535141941],[-73.9872027460965,40.7301400436635],[-73.9872067780567,40.7301765246179],[-73.9872221895243,40.7301755384708],[-73.9872387877669,40.7303256965269],[-73.9872519023917,40.7304443462955],[-73.9872142004327,40.730446758181],[-73.9872177739153,40.7304790895388],[-73.9871800068278,40.7304815059084],[-73.9871899225026,40.7305712102772],[-73.9871488609175,40.730573836989],[-73.9870677652544,40.730579022946],[-73.9870632456025,40.7305793124021],[-73.9869349138691,40.7305205064099],[-73.9869348039743,40.7305195131364],[-73.9869274150414,40.7304526630403],[-73.9870042039979,40.7304477504509],[-73.986975856949,40.7301912949939],[-73.9869961905301,40.7301899942555]]]},"properties":{"OBJECTID":1031422,"BASE_BBL":"1004660026","BIN":1006818,"CONSTRUCTION_YEAR":1799,"DOITT_ID":447097,"FEATURE_CODE":2100,"GEOM_SOURCE":"Photogrammetric","GROUND_ELEVATION":35,"HEIGHT_ROOF":53.71,"LAST_EDITED_DATE":1580231769000,"LAST_STATUS_TYPE":"Constructed","MAPPLUTO_BBL":"1004660026","NAME":null,"Shape__Area":1684.171875,"Shape__Length":191.55336258215553}},{"type":"Feature","id":1031555,"geometry":{"type":"Polygon","coordinates":[[[-73.9841324047872,40.7259510001178],[-73.983964776294,40.7258804274068],[-73.9839365070478,40.7258685259396],[-73.9839467267421,40.7258544767196],[-73.9838715472957,40.7258228250233],[-73.9839115960427,40.7257677680892],[-73.9842272304775,40.7259006530684],[-73.9841871819114,40.7259557101112],[-73.9841426244528,40.7259369508806],[-73.9841324047872,40.7259510001178]]]},"properties":{"OBJECTID":1031555,"BASE_BBL":"1004340033","BIN":1083477,"CONSTRUCTION_YEAR":1880,"DOITT_ID":286966,"FEATURE_CODE":2100,"GEOM_SOURCE":"Photogrammetric","GROUND_ELEVATION":20,"HEIGHT_ROOF":50.45,"LAST_EDITED_DATE":1580231885000,"LAST_STATUS_TYPE":"Constructed","MAPPLUTO_BBL":"1004340033","NAME":null,"Shape__Area":429.96484375,"Shape__Length":103.57084575129333}},{"type":"Feature","id":1032947,"geometry":{"type":"Polygon","coordinates":[[[-73.9833222538535,40.7282043762214],[-73.9833301744894,40.7281933920599],[-73.983401695735,40.7280942095318],[-73.9834162687547,40.7280740006089],[-73.9834981970775,40.7281081920943],[-73.9834204403511,40.7282160213717],[-73.9834041822883,40.7282385677731],[-73.9833222538535,40.7282043762214]]]},"properties":{"OBJECTID":1032947,"BASE_BBL":"1004370017","BIN":1005905,"CONSTRUCTION_YEAR":1920,"DOITT_ID":265910,"FEATURE_CODE":2100,"GEOM_SOURCE":"Other (Manual)","GROUND_ELEVATION":18,"HEIGHT_ROOF":60,"LAST_EDITED_DATE":1503424866000,"LAST_STATUS_TYPE":"Constructed","MAPPLUTO_BBL":"1004377501","NAME":null,"Shape__Area":227.22265625,"Shape__Length":64.47279260746784}},{"type":"Feature","id":1034584,"geometry":{"type":"Polygon","coordinates":[[[-73.9871552641104,40.7274706825616],[-73.9872363502672,40.727359358947],[-73.9872826115708,40.7273788609852],[-73.9873072567955,40.7273450243765],[-73.987293883215,40.7273393866159],[-73.9873167914748,40.7273079361621],[-73.9873643523675,40.7273279858203],[-73.98731527035,40.7273953718175],[-73.9872357140308,40.7275045956697],[-73.9871552641104,40.7274706825616]]]},"properties":{"OBJECTID":1034584,"BASE_BBL":"1004480014","BIN":1006271,"CONSTRUCTION_YEAR":1840,"DOITT_ID":537262,"FEATURE_CODE":2100,"GEOM_SOURCE":"Photogrammetric","GROUND_ELEVATION":30,"HEIGHT_ROOF":59.21,"LAST_EDITED_DATE":1580232040000,"LAST_STATUS_TYPE":"Constructed","MAPPLUTO_BBL":"1004480014","NAME":null,"Shape__Area":248.1171875,"Shape__Length":83.16850040185528}},{"type":"Feature","id":1034666,"geometry":{"type":"Polygon","coordinates":[[[-73.9818152585327,40.7279202059484],[-73.9818924786101,40.7278135285163],[-73.9819689388523,40.7278455590097],[-73.9818917188599,40.7279522373932],[-73.9818152585327,40.7279202059484]]]},"properties":{"OBJECTID":1034666,"BASE_BBL":"1004040058","BIN":1005163,"CONSTRUCTION_YEAR":1850,"DOITT_ID":192031,"FEATURE_CODE":2100,"GEOM_SOURCE":"Photogrammetric","GROUND_ELEVATION":17,"HEIGHT_ROOF":52.68,"LAST_EDITED_DATE":1580231859000,"LAST_STATUS_TYPE":"Constructed","MAPPLUTO_BBL":"1004040058","NAME":null,"Shape__Area":173.82421875,"Shape__Length":55.19759250639903}},{"type":"Feature","id":1034683,"geometry":{"type":"Polygon","coordinates":[[[-73.9848950483625,40.7265361517619],[-73.985009131995,40.7263793141886],[-73.9850876680434,40.726412376672],[-73.9850123339173,40.7265159425513],[-73.9849735833555,40.7265692143224],[-73.9849398715545,40.7265550223977],[-73.9848950483625,40.7265361517619]]]},"properties":{"OBJECTID":1034683,"BASE_BBL":"1004340016","BIN":1005782,"CONSTRUCTION_YEAR":1839,"DOITT_ID":324983,"FEATURE_CODE":2100,"GEOM_SOURCE":"Photogrammetric","GROUND_ELEVATION":21,"HEIGHT_ROOF":59.63,"LAST_EDITED_DATE":1580231993000,"LAST_STATUS_TYPE":"Constructed","MAPPLUTO_BBL":"1004340016","NAME":null,"Shape__Area":263.0859375,"Shape__Length":72.61523972696868}},{"type":"Feature","id":1035104,"geometry":{"type":"Polygon","coordinates":[[[-73.9871028099684,40.7278287586899],[-73.987142370709,40.7277738942022],[-73.9871608232674,40.7277815947118],[-73.9871704825546,40.7277681989165],[-73.9871520299988,40.7277604984083],[-73.9871867941744,40.7277122872304],[-73.9872010983731,40.7276924497079],[-73.987201492653,40.7276919031428],[-73.9872326453764,40.7277049036464],[-73.9872824128242,40.7277256721879],[-73.987266871338,40.7277472259538],[-73.9872329514117,40.7277942683886],[-73.9872134004462,40.7277861094095],[-73.987203741165,40.7277995052085],[-73.9872232921333,40.7278076641892],[-73.9871834283283,40.7278629483079],[-73.9871514043989,40.7278495847889],[-73.9871470483591,40.7278556267179],[-73.9871666999443,40.7278638280433],[-73.9871200598546,40.7279285099962],[-73.987060933449,40.7279038357273],[-73.9871075735788,40.7278391537981],[-73.9871274157164,40.7278474343963],[-73.9871320760525,40.7278409719644],[-73.9871028099684,40.7278287586899]]]},"properties":{"OBJECTID":1035104,"BASE_BBL":"1004490054","BIN":1006356,"CONSTRUCTION_YEAR":1893,"DOITT_ID":354837,"FEATURE_CODE":2100,"GEOM_SOURCE":"Photogrammetric","GROUND_ELEVATION":31,"HEIGHT_ROOF":58.59,"LAST_EDITED_DATE":1580231677000,"LAST_STATUS_TYPE":"Constructed","MAPPLUTO_BBL":"1004490054","NAME":null,"Shape__Area":309.1015625,"Shape__Length":109.9008038281451}},{"type":"Feature","id":1035271,"geometry":{"type":"Polygon","coordinates":[[[-73.983366225046,40.7257774458235],[-73.9833833095987,40.7257846334529],[-73.9835230361697,40.7258434153573],[-73.9835288770032,40.7258458718814],[-73.98346317595,40.7259362609818],[-73.9833932267552,40.7259068339822],[-73.9832455727427,40.7258447161822],[-73.9833035845698,40.7257649052725],[-73.983335688364,40.7257784112572],[-73.9833253975046,40.7257925702748],[-73.9833482447654,40.725802182014],[-73.983366225046,40.7257774458235]]]},"properties":{"OBJECTID":1035271,"BASE_BBL":"1004020010","BIN":1005082,"CONSTRUCTION_YEAR":1900,"DOITT_ID":681079,"FEATURE_CODE":2100,"GEOM_SOURCE":"Other (Manual)","GROUND_ELEVATION":16,"HEIGHT_ROOF":45,"LAST_EDITED_DATE":1503424415000,"LAST_STATUS_TYPE":"Constructed","MAPPLUTO_BBL":"1004027501","NAME":null,"Shape__Area":400.65625,"Shape__Length":90.47677232251118}},{"type":"Feature","id":1036734,"geometry":{"type":"Polygon","coordinates":[[[-73.9860175621556,40.7313559220615],[-73.9859343099959,40.7313209172626],[-73.9860400893156,40.7311753350127],[-73.9861470975614,40.7312203283347],[-73.9861340522165,40.731238282905],[-73.9861251285425,40.7312345312123],[-73.9861079541918,40.731258167491],[-73.9861547718395,40.7312778519414],[-73.9861719461786,40.7312542165564],[-73.9861661651408,40.7312517853896],[-73.9861792104794,40.7312338317161],[-73.98627000737,40.731272008829],[-73.9861838846707,40.7313905378696],[-73.9861693622094,40.7313844315793],[-73.9861622302985,40.7313942480665],[-73.9860300865442,40.7313386851467],[-73.9860175621556,40.7313559220615]]]},"properties":{"OBJECTID":1036734,"BASE_BBL":"1004680042","BIN":1006882,"CONSTRUCTION_YEAR":1900,"DOITT_ID":701216,"FEATURE_CODE":2100,"GEOM_SOURCE":"Other (Manual)","GROUND_ELEVATION":29,"HEIGHT_ROOF":70,"LAST_EDITED_DATE":1503424542000,"LAST_STATUS_TYPE":"Constructed","MAPPLUTO_BBL":"1004687501","NAME":null,"Shape__Area":621.65625,"Shape__Length":125.06165618173289}},{"type":"Feature","id":1038291,"geometry":{"type":"Polygon","coordinates":[[[-73.9849462458197,40.7270105295422],[-73.9849782096178,40.7269665690626],[-73.9849945274847,40.7269638165327],[-73.9850103465531,40.7269420613933],[-73.9850190115677,40.7269457077815],[-73.9850372674208,40.7269206003601],[-73.985017640063,40.7269123401402],[-73.9850363576911,40.7268865970194],[-73.9850471661682,40.7268911450936],[-73.9850770530044,40.7268500398305],[-73.9850662457155,40.7268454917592],[-73.9850948975476,40.7268060864923],[-73.9851709486205,40.7268380904972],[-73.9851424992936,40.7268772166512],[-73.9851334176599,40.7268733955197],[-73.9851033271903,40.7269147790283],[-73.9851124088279,40.7269186001621],[-73.9850936912202,40.7269443432951],[-73.9850754841486,40.7269366821074],[-73.9850572283054,40.7269617895349],[-73.9850658010054,40.7269653971856],[-73.9850499819496,40.7269871523326],[-73.9850542608181,40.7269985722433],[-73.9850167757677,40.727050126919],[-73.9849407245268,40.7270181228132],[-73.9849462458197,40.7270105295422]]]},"properties":{"OBJECTID":1038291,"BASE_BBL":"1004350055","BIN":1005855,"CONSTRUCTION_YEAR":1891,"DOITT_ID":281198,"FEATURE_CODE":2100,"GEOM_SOURCE":"Photogrammetric","GROUND_ELEVATION":23,"HEIGHT_ROOF":58.18,"LAST_EDITED_DATE":1580231771000,"LAST_STATUS_TYPE":"Constructed","MAPPLUTO_BBL":"1004350055","NAME":null,"Shape__Area":295.3828125,"Shape__Length":103.70278397107938}},{"type":"Feature","id":1040311,"geometry":{"type":"Polygon","coordinates":[[[-73.9824908624321,40.7283669558687],[-73.9824530016095,40.7284190679588],[-73.9824157659611,40.7284703165435],[-73.9823325423914,40.7285848629431],[-73.9822663038387,40.7285570117296],[-73.9824246252135,40.7283391047456],[-73.9824908624321,40.7283669558687]]]},"properties":{"OBJECTID":1040311,"BASE_BBL":"1004380026","BIN":1005943,"CONSTRUCTION_YEAR":1900,"DOITT_ID":978459,"FEATURE_CODE":2100,"GEOM_SOURCE":"Other (Manual)","GROUND_ELEVATION":20,"HEIGHT_ROOF":70,"LAST_EDITED_DATE":1503425099000,"LAST_STATUS_TYPE":"Constructed","MAPPLUTO_BBL":"1004387501","NAME":null,"Shape__Area":308.125,"Shape__Length":89.94678803742885}},{"type":"Feature","id":1041689,"geometry":{"type":"Polygon","coordinates":[[[-73.9835785582715,40.729386599256],[-73.9837510160222,40.7294593325957],[-73.9837067162598,40.7295201205833],[-73.9835419649281,40.729450637315],[-73.9835345377335,40.7294475051844],[-73.9834982113649,40.7294321850326],[-73.9835118372825,40.7294134879198],[-73.9834080070203,40.7293696974757],[-73.9834374926943,40.7293271049535],[-73.9835214677656,40.7293625214025],[-73.9835785582715,40.729386599256]]]},"properties":{"OBJECTID":1041689,"BASE_BBL":"1004390002","BIN":1005966,"CONSTRUCTION_YEAR":1900,"DOITT_ID":704720,"FEATURE_CODE":2100,"GEOM_SOURCE":"Other (Manual)","GROUND_ELEVATION":23,"HEIGHT_ROOF":52,"LAST_EDITED_DATE":1503426885000,"LAST_STATUS_TYPE":"Constructed","MAPPLUTO_BBL":"1004390002","NAME":null,"Shape__Area":364.9296875,"Shape__Length":100.13719828874677}},{"type":"Feature","id":1042575,"geometry":{"type":"Polygon","coordinates":[[[-73.9840563673618,40.7260414520668],[-73.9837931298035,40.7259306274777],[-73.9838715472957,40.7258228250233],[-73.9839467267421,40.7258544767196],[-73.9839365070478,40.7258685259396],[-73.9839293126455,40.7258784170293],[-73.9839575807109,40.7258903184982],[-73.983964776294,40.7258804274068],[-73.9841324047872,40.7259510001178],[-73.9840642072649,40.726044753518],[-73.9840563673618,40.7260414520668]]]},"properties":{"OBJECTID":1042575,"BASE_BBL":"1004340031","BIN":1005793,"CONSTRUCTION_YEAR":1920,"DOITT_ID":225879,"FEATURE_CODE":2100,"GEOM_SOURCE":"Other (Manual)","GROUND_ELEVATION":20,"HEIGHT_ROOF":65,"LAST_EDITED_DATE":1503425064000,"LAST_STATUS_TYPE":"Constructed","MAPPLUTO_BBL":"1004347501","NAME":null,"Shape__Area":559.42578125,"Shape__Length":108.52193666802792}},{"type":"Feature","id":1044245,"geometry":{"type":"Polygon","coordinates":[[[-73.9839958820002,40.7265021063359],[-73.9840841335869,40.7263807335381],[-73.984159505505,40.7264124517572],[-73.984002826088,40.726627931837],[-73.9839274551844,40.7265962135165],[-73.9839958820002,40.7265021063359]]]},"properties":{"OBJECTID":1044245,"BASE_BBL":"1004350040","BIN":1005846,"CONSTRUCTION_YEAR":1861,"DOITT_ID":395937,"FEATURE_CODE":2100,"GEOM_SOURCE":"Photogrammetric","GROUND_ELEVATION":20,"HEIGHT_ROOF":51.17,"LAST_EDITED_DATE":1580231993000,"LAST_STATUS_TYPE":"Constructed","MAPPLUTO_BBL":"1004350040","NAME":null,"Shape__Area":346.8359375,"Shape__Length":91.473440801179}},{"type":"Feature","id":1045249,"geometry":{"type":"Polygon","coordinates":[[[-73.9848801080152,40.7268485039883],[-73.9848949040638,40.7268281553252],[-73.9849056948516,40.7268271004429],[-73.9849192156536,40.7268085049008],[-73.9849154854283,40.7267998496195],[-73.9849425637141,40.7267626081073],[-73.9849540479101,40.7267468146789],[-73.9850350320122,40.7267808941911],[-73.9849964695751,40.7268339291585],[-73.9849810542001,40.7268345268882],[-73.9849675334101,40.7268531224376],[-73.9849762539612,40.7268623889135],[-73.9849614579298,40.7268827375868],[-73.9849457549642,40.7268830750271],[-73.9848713992986,40.7269853351974],[-73.9848095630224,40.7269593131519],[-73.9848839163867,40.7268570521204],[-73.9848801080152,40.7268485039883]]]},"properties":{"OBJECTID":1045249,"BASE_BBL":"1004350053","BIN":1005853,"CONSTRUCTION_YEAR":1891,"DOITT_ID":163149,"FEATURE_CODE":2100,"GEOM_SOURCE":"Photogrammetric","GROUND_ELEVATION":22,"HEIGHT_ROOF":58.94,"LAST_EDITED_DATE":1580232344000,"LAST_STATUS_TYPE":"Constructed","MAPPLUTO_BBL":"1004350053","NAME":null,"Shape__Area":309.6171875,"Shape__Length":92.35296883603296}},{"type":"Feature","id":1045963,"geometry":{"type":"Polygon","coordinates":[[[-73.9869983922471,40.7274049656231],[-73.9870208164051,40.7273741788491],[-73.9870648311104,40.7273137506412],[-73.9870845686736,40.727286652938],[-73.9871100942998,40.7272974132785],[-73.9871636867789,40.7273200058314],[-73.9870775104497,40.7274383185752],[-73.9869983922471,40.7274049656231]]]},"properties":{"OBJECTID":1045963,"BASE_BBL":"1004480016","BIN":1006273,"CONSTRUCTION_YEAR":1840,"DOITT_ID":210119,"FEATURE_CODE":2100,"GEOM_SOURCE":"Photogrammetric","GROUND_ELEVATION":30,"HEIGHT_ROOF":49.09,"LAST_EDITED_DATE":1580232348000,"LAST_STATUS_TYPE":"Constructed","MAPPLUTO_BBL":"1004480016","NAME":null,"Shape__Area":200.06640625,"Shape__Length":59.8592243509066}},{"type":"Feature","id":1046827,"geometry":{"type":"Polygon","coordinates":[[[-73.9840854570325,40.7266579914734],[-73.9841374179241,40.7265865297371],[-73.9841396724061,40.7265834286942],[-73.9841504119779,40.7265686591219],[-73.9842395111664,40.7264461210639],[-73.9842561983049,40.7264531437156],[-73.984309944195,40.7264757610336],[-73.9842719757615,40.7265279790799],[-73.9841558890329,40.7266876315364],[-73.9840854570325,40.7266579914734]]]},"properties":{"OBJECTID":1046827,"BASE_BBL":"1004350042","BIN":1066657,"CONSTRUCTION_YEAR":1904,"DOITT_ID":360723,"FEATURE_CODE":2100,"GEOM_SOURCE":"Photogrammetric","GROUND_ELEVATION":20,"HEIGHT_ROOF":40.51,"LAST_EDITED_DATE":1580232369000,"LAST_STATUS_TYPE":"Constructed","MAPPLUTO_BBL":"1004350042","NAME":null,"Shape__Area":318.67578125,"Shape__Length":89.00503081799968}},{"type":"Feature","id":1047101,"geometry":{"type":"Polygon","coordinates":[[[-73.9816668404192,40.7278580283882],[-73.9817417657639,40.7277545222835],[-73.9817440606622,40.7277513510547],[-73.9818183654712,40.7277824798973],[-73.9816873073985,40.7279635325719],[-73.9816405359873,40.7279439381549],[-73.9816842990908,40.7278834804498],[-73.9817007993236,40.7278903935786],[-73.9817108741667,40.7278764760121],[-73.9816668404192,40.7278580283882]]]},"properties":{"OBJECTID":1047101,"BASE_BBL":"1004040056","BIN":1005161,"CONSTRUCTION_YEAR":1846,"DOITT_ID":350347,"FEATURE_CODE":2100,"GEOM_SOURCE":"Photogrammetric","GROUND_ELEVATION":16,"HEIGHT_ROOF":54.83,"LAST_EDITED_DATE":1580232313000,"LAST_STATUS_TYPE":"Constructed","MAPPLUTO_BBL":"1004040056","NAME":null,"Shape__Area":238.16015625,"Shape__Length":83.76933932583881}},{"type":"Feature","id":1047795,"geometry":{"type":"Polygon","coordinates":[[[-73.9846593810939,40.7264370583035],[-73.9846891531076,40.726396129623],[-73.9847088994134,40.7263907048781],[-73.984729947238,40.7263617698098],[-73.984738254723,40.7263652666875],[-73.9847600153291,40.7263353510537],[-73.9847517078467,40.7263318541775],[-73.9847695764439,40.7263072888517],[-73.9847688722139,40.726291477619],[-73.9848018422255,40.7262461539463],[-73.9848787233822,40.7262785211615],[-73.9848403742461,40.7263312418306],[-73.9848260127941,40.7263251957218],[-73.984804884507,40.7263542415598],[-73.9847941435976,40.7263497195862],[-73.9847723830021,40.7263796352265],[-73.9847831239149,40.7263841572021],[-73.9847620761063,40.72641309228],[-73.984768787372,40.7264296562322],[-73.9847390153923,40.7264705849331],[-73.9846593810939,40.7264370583035]]]},"properties":{"OBJECTID":1047795,"BASE_BBL":"1004340019","BIN":1005784,"CONSTRUCTION_YEAR":1898,"DOITT_ID":771224,"FEATURE_CODE":2100,"GEOM_SOURCE":"Photogrammetric","GROUND_ELEVATION":21,"HEIGHT_ROOF":66.26,"LAST_EDITED_DATE":1580231998000,"LAST_STATUS_TYPE":"Constructed","MAPPLUTO_BBL":"1004340019","NAME":null,"Shape__Area":258.48046875,"Shape__Length":92.72858132611033}},{"type":"Feature","id":1047962,"geometry":{"type":"Polygon","coordinates":[[[-73.9865282975692,40.7276265385628],[-73.9865670345726,40.7275728178212],[-73.9865797404762,40.7275551963416],[-73.9866183722295,40.7275713172462],[-73.9866364264075,40.7275462788891],[-73.9865977958481,40.7275301579908],[-73.9866386450565,40.7274735063134],[-73.9866451821071,40.7274644416475],[-73.9867246446998,40.7274976039738],[-73.9867158911475,40.7275097427262],[-73.9866431784017,40.7276105841184],[-73.9866191120979,40.7276005406497],[-73.9866148235163,40.7276064889136],[-73.9865618768772,40.7276799156527],[-73.9865064792643,40.7276567967122],[-73.9865282975692,40.7276265385628]]]},"properties":{"OBJECTID":1047962,"BASE_BBL":"1004490047","BIN":1006349,"CONSTRUCTION_YEAR":1852,"DOITT_ID":403183,"FEATURE_CODE":2100,"GEOM_SOURCE":"Photogrammetric","GROUND_ELEVATION":28,"HEIGHT_ROOF":56.2,"LAST_EDITED_DATE":1580231894000,"LAST_STATUS_TYPE":"Constructed","MAPPLUTO_BBL":"1004490047","NAME":null,"Shape__Area":263.94921875,"Shape__Length":94.41402999299531}},{"type":"Feature","id":1048959,"geometry":{"type":"Polygon","coordinates":[[[-73.9845278989349,40.7267661497773],[-73.9845453627817,40.7267421310424],[-73.9846002171049,40.7266666901367],[-73.9846296115445,40.7266262639064],[-73.9846961557062,40.7266542677956],[-73.9845944443775,40.7267941528244],[-73.9845278989349,40.7267661497773]]]},"properties":{"OBJECTID":1048959,"BASE_BBL":"1004350048","BIN":1005850,"CONSTRUCTION_YEAR":1901,"DOITT_ID":531373,"FEATURE_CODE":2100,"GEOM_SOURCE":"Photogrammetric","GROUND_ELEVATION":21,"HEIGHT_ROOF":39.7,"LAST_EDITED_DATE":1580232134000,"LAST_STATUS_TYPE":"Constructed","MAPPLUTO_BBL":"1004350048","NAME":null,"Shape__Area":198.79296875,"Shape__Length":63.86867360864369}},{"type":"Feature","id":1049104,"geometry":{"type":"Polygon","coordinates":[[[-73.9849735833555,40.7265692143224],[-73.9850123339173,40.7265159425513],[-73.9850876680434,40.726412376672],[-73.985162928032,40.7264440618013],[-73.9851678386875,40.7264461291023],[-73.9851320673619,40.7264953057954],[-73.9851097894401,40.7265259328342],[-73.9850907475137,40.726552110872],[-73.9850537553141,40.7266029668315],[-73.9849735833555,40.7265692143224]]]},"properties":{"OBJECTID":1049104,"BASE_BBL":"1004340015","BIN":1005781,"CONSTRUCTION_YEAR":1875,"DOITT_ID":803876,"FEATURE_CODE":2100,"GEOM_SOURCE":"Photogrammetric","GROUND_ELEVATION":21,"HEIGHT_ROOF":59.75,"LAST_EDITED_DATE":1580231884000,"LAST_STATUS_TYPE":"Constructed","MAPPLUTO_BBL":"1004340015","NAME":null,"Shape__Area":268.5703125,"Shape__Length":73.0320641541332}},{"type":"Feature","id":1049109,"geometry":{"type":"Polygon","coordinates":[[[-73.9842658089564,40.7262713646525],[-73.9843589179458,40.726143363656],[-73.9844371006909,40.7261762788528],[-73.9843439918057,40.726304279912],[-73.9842658089564,40.7262713646525]]]},"properties":{"OBJECTID":1049109,"BASE_BBL":"1004340024","BIN":1005787,"CONSTRUCTION_YEAR":1863,"DOITT_ID":375404,"FEATURE_CODE":2100,"GEOM_SOURCE":"Photogrammetric","GROUND_ELEVATION":20,"HEIGHT_ROOF":52.42,"LAST_EDITED_DATE":1580231883000,"LAST_STATUS_TYPE":"Constructed","MAPPLUTO_BBL":"1004340024","NAME":null,"Shape__Area":213.7578125,"Shape__Length":62.85186286970763}},{"type":"Feature","id":1049605,"geometry":{"type":"Polygon","coordinates":[[[-73.9843439918057,40.726304279912],[-73.9844371006909,40.7261762788528],[-73.9844797327303,40.7261942272512],[-73.9845151284659,40.726209129139],[-73.9844220196849,40.7263371293602],[-73.9843642296211,40.7263127996771],[-73.9843439918057,40.726304279912]]]},"properties":{"OBJECTID":1049605,"BASE_BBL":"1004340023","BIN":1005786,"CONSTRUCTION_YEAR":1863,"DOITT_ID":191706,"FEATURE_CODE":2100,"GEOM_SOURCE":"Photogrammetric","GROUND_ELEVATION":21,"HEIGHT_ROOF":51.87,"LAST_EDITED_DATE":1580231714000,"LAST_STATUS_TYPE":"Constructed","MAPPLUTO_BBL":"1004340023","NAME":null,"Shape__Area":213.33203125,"Shape__Length":62.81228472720208}},{"type":"Feature","id":1049990,"geometry":{"type":"Polygon","coordinates":[[[-73.9851328467469,40.726636262587],[-73.9851698389043,40.7265854075029],[-73.9851888796255,40.7265592294519],[-73.9852111587058,40.7265286023981],[-73.9852271433652,40.7265066275247],[-73.9852472251228,40.726515081377],[-73.985260034152,40.7264974717604],[-73.985303164905,40.7265156288349],[-73.9852903546999,40.7265332393567],[-73.9853079592438,40.7265406500924],[-73.9852136627343,40.7266702861209],[-73.9851328467469,40.726636262587]]]},"properties":{"OBJECTID":1049990,"BASE_BBL":"1004340013","BIN":1005779,"CONSTRUCTION_YEAR":1872,"DOITT_ID":56602,"FEATURE_CODE":2100,"GEOM_SOURCE":"Photogrammetric","GROUND_ELEVATION":23,"HEIGHT_ROOF":58.08,"LAST_EDITED_DATE":1580232023000,"LAST_STATUS_TYPE":"Constructed","MAPPLUTO_BBL":"1004340013","NAME":null,"Shape__Area":239.98828125,"Shape__Length":69.97836865489992}},{"type":"Feature","id":1050019,"geometry":{"type":"Polygon","coordinates":[[[-73.9875398632422,40.7276520468002],[-73.9875626933484,40.727620705252],[-73.9875860230856,40.7275886748636],[-73.9876079933311,40.727597936263],[-73.9876210647898,40.7275799905247],[-73.9876241714442,40.7275703410043],[-73.9876280214364,40.7275608473518],[-73.987632601739,40.7275515437849],[-73.9876378945903,40.7275424618195],[-73.9876438845959,40.7275336329717],[-73.9876505492596,40.7275250887567],[-73.9876578649013,40.7275168588888],[-73.9876658054743,40.7275089721813],[-73.9876743449318,40.7275014556464],[-73.9876834536764,40.7274943353958],[-73.9876953624017,40.7274779852264],[-73.9876733921838,40.7274687238435],[-73.9876933592423,40.7274413099825],[-73.9876974547133,40.7274356867413],[-73.9877766064437,40.7274690518235],[-73.9877525427576,40.727502088942],[-73.9877743532096,40.727511283655],[-73.9876855231717,40.7276332400283],[-73.987664207443,40.7276242551702],[-73.9876308740327,40.7276700181625],[-73.987619509902,40.7276856209609],[-73.9875899964442,40.7276731799546],[-73.9875398632422,40.7276520468002]]]},"properties":{"OBJECTID":1050019,"BASE_BBL":"1004480009","BIN":1006266,"CONSTRUCTION_YEAR":1892,"DOITT_ID":576113,"FEATURE_CODE":2100,"GEOM_SOURCE":"Photogrammetric","GROUND_ELEVATION":32,"HEIGHT_ROOF":59.45,"LAST_EDITED_DATE":1580231747000,"LAST_STATUS_TYPE":"Constructed","MAPPLUTO_BBL":"1004480009","NAME":null,"Shape__Area":377.34765625,"Shape__Length":104.13148783852382}},{"type":"Feature","id":1050042,"geometry":{"type":"Polygon","coordinates":[[[-73.9863024924033,40.7307711201199],[-73.9864439021246,40.7308307451163],[-73.9864504087201,40.730833488831],[-73.9866290130261,40.7309087958236],[-73.9866189920544,40.7309225490277],[-73.9866577654084,40.7309388968559],[-73.9866195713156,40.7309913164316],[-73.9866078251043,40.7310074377717],[-73.9865801391302,40.7309957639581],[-73.9865525662871,40.7310336055148],[-73.9865368651696,40.7310551537507],[-73.9865661905412,40.7310675184559],[-73.9865513348652,40.7310879069373],[-73.986490101581,40.7311719478354],[-73.9861231684767,40.7310172328609],[-73.9863024924033,40.7307711201199]]]},"properties":{"OBJECTID":1050042,"BASE_BBL":"1004670031","BIN":1006836,"CONSTRUCTION_YEAR":1926,"DOITT_ID":85247,"FEATURE_CODE":2100,"GEOM_SOURCE":"Photogrammetric","GROUND_ELEVATION":29,"HEIGHT_ROOF":78.4,"LAST_EDITED_DATE":1580231991000,"LAST_STATUS_TYPE":"Constructed","MAPPLUTO_BBL":"1004670031","NAME":null,"Shape__Area":1878.97265625,"Shape__Length":183.14099979966483}},{"type":"Feature","id":1050656,"geometry":{"type":"Polygon","coordinates":[[[-73.9845782981852,40.7264029226806],[-73.9846089393343,40.7263607982609],[-73.984617941748,40.7263484228662],[-73.9846399641036,40.7263437260483],[-73.9846711001227,40.7263009226939],[-73.9846834225517,40.7262945604353],[-73.984696532438,40.7262765375871],[-73.9846906418144,40.7262740577025],[-73.9847322507408,40.726216855681],[-73.9847910457059,40.7262416085518],[-73.9847494368145,40.7262988105943],[-73.9847414631043,40.72629545244],[-73.9847283532262,40.7263134761938],[-73.9847299330136,40.7263256909093],[-73.9846987970206,40.72636849518],[-73.9846990246108,40.7263825584614],[-73.9846891531076,40.726396129623],[-73.9846593810939,40.7264370583035],[-73.9845782981852,40.7264029226806]]]},"properties":{"OBJECTID":1050656,"BASE_BBL":"1004340020","BIN":1005785,"CONSTRUCTION_YEAR":1889,"DOITT_ID":128845,"FEATURE_CODE":2100,"GEOM_SOURCE":"Photogrammetric","GROUND_ELEVATION":21,"HEIGHT_ROOF":59.59,"LAST_EDITED_DATE":1580232023000,"LAST_STATUS_TYPE":"Constructed","MAPPLUTO_BBL":"1004340020","NAME":null,"Shape__Area":263.08203125,"Shape__Length":85.53069509161614}},{"type":"Feature","id":1050955,"geometry":{"type":"Polygon","coordinates":[[[-73.9863571060005,40.7271534531132],[-73.9863960286493,40.7271000179091],[-73.9864137695775,40.7271074960294],[-73.986430114282,40.7271065245062],[-73.986424558625,40.7270976538374],[-73.9865114697684,40.7269783339931],[-73.9865866316423,40.7270100190781],[-73.9864972080851,40.7271327867333],[-73.9864972189458,40.7271434487615],[-73.9865139479203,40.7271505008069],[-73.9864754563234,40.7272033453673],[-73.9863571060005,40.7271534531132]]]},"properties":{"OBJECTID":1050955,"BASE_BBL":"1004480024","BIN":1006280,"CONSTRUCTION_YEAR":1852,"DOITT_ID":461450,"FEATURE_CODE":2100,"GEOM_SOURCE":"Photogrammetric","GROUND_ELEVATION":27,"HEIGHT_ROOF":62.88,"LAST_EDITED_DATE":1580232023000,"LAST_STATUS_TYPE":"Constructed","MAPPLUTO_BBL":"1004480024","NAME":null,"Shape__Area":343.85546875,"Shape__Length":92.32614413444865}},{"type":"Feature","id":1050957,"geometry":{"type":"Polygon","coordinates":[[[-73.9852136627343,40.7266702861209],[-73.9853079592438,40.7265406500924],[-73.9853359382604,40.7265021848095],[-73.9854148959698,40.7265354254237],[-73.9854092315009,40.726543212309],[-73.9852926193984,40.7267035259175],[-73.9852136627343,40.7266702861209]]]},"properties":{"OBJECTID":1050957,"BASE_BBL":"1004340012","BIN":1005778,"CONSTRUCTION_YEAR":1881,"DOITT_ID":600354,"FEATURE_CODE":2100,"GEOM_SOURCE":"Photogrammetric","GROUND_ELEVATION":23,"HEIGHT_ROOF":57.82,"LAST_EDITED_DATE":1580231939000,"LAST_STATUS_TYPE":"Constructed","MAPPLUTO_BBL":"1004340012","NAME":null,"Shape__Area":283.5,"Shape__Length":76.50106314579364}},{"type":"Feature","id":1051587,"geometry":{"type":"Polygon","coordinates":[[[-73.9873144892235,40.7275378025379],[-73.9873392955166,40.7275037462166],[-73.9873511020333,40.727508722826],[-73.9873675491655,40.7274861425672],[-73.9873606515704,40.7274744261884],[-73.9873762438341,40.7274530191977],[-73.9874008936993,40.7274634110693],[-73.9874236338215,40.7274321920072],[-73.9874091843125,40.727426100286],[-73.9874257509895,40.7274033561391],[-73.987421039716,40.7273915175332],[-73.987449002468,40.727353126482],[-73.9874572632959,40.727341785471],[-73.9875362100298,40.7273750651481],[-73.9874999864908,40.7274247972351],[-73.9874839727608,40.7274278995504],[-73.9874674060976,40.7274506437057],[-73.9874549971246,40.7274454130989],[-73.9874322581963,40.7274766321672],[-73.9874551894756,40.7274862989298],[-73.9874395984132,40.7275077059312],[-73.9874262290454,40.7275108787666],[-73.9873970833846,40.7275508932998],[-73.9874055438429,40.7275544593404],[-73.987382714869,40.7275858017583],[-73.9873037679621,40.7275525219769],[-73.9873144892235,40.7275378025379]]]},"properties":{"OBJECTID":1051587,"BASE_BBL":"1004480012","BIN":1006269,"CONSTRUCTION_YEAR":1893,"DOITT_ID":64745,"FEATURE_CODE":2100,"GEOM_SOURCE":"Photogrammetric","GROUND_ELEVATION":31,"HEIGHT_ROOF":58.07,"LAST_EDITED_DATE":1580232262000,"LAST_STATUS_TYPE":"Constructed","MAPPLUTO_BBL":"1004480012","NAME":null,"Shape__Area":297.6953125,"Shape__Length":105.20367235068763}},{"type":"Feature","id":1052131,"geometry":{"type":"Polygon","coordinates":[[[-73.9884642707794,40.7283688563552],[-73.9885012901969,40.7283841164787],[-73.9885155470841,40.7283763681217],[-73.9885490255179,40.728332466244],[-73.9885472675425,40.7283195671798],[-73.9885102481503,40.728304307071],[-73.9885391876104,40.7282636798937],[-73.9886966301543,40.7283285825219],[-73.9886665884547,40.7283707585053],[-73.9886300022179,40.728355677679],[-73.9886147476866,40.7283621688411],[-73.9885812734862,40.7284091639862],[-73.9885839965116,40.7284202657296],[-73.9886205815895,40.7284353474708],[-73.9885922933081,40.7284750625166],[-73.9885913425505,40.7284763969766],[-73.9884338997599,40.7284114942058],[-73.9884559945591,40.7283804756926],[-73.9884642707794,40.7283688563552]]]},"properties":{"OBJECTID":1052131,"BASE_BBL":"1004630036","BIN":1006684,"CONSTRUCTION_YEAR":1903,"DOITT_ID":178284,"FEATURE_CODE":2100,"GEOM_SOURCE":"Photogrammetric","GROUND_ELEVATION":36,"HEIGHT_ROOF":67.18,"LAST_EDITED_DATE":1580232020000,"LAST_STATUS_TYPE":"Constructed","MAPPLUTO_BBL":"1004630036","NAME":null,"Shape__Area":373.296875,"Shape__Length":109.1082589772899}},{"type":"Feature","id":1052352,"geometry":{"type":"Polygon","coordinates":[[[-73.9877960350609,40.7276798252153],[-73.9877801213298,40.7276731174376],[-73.9877321067406,40.727652876996],[-73.9876855231717,40.7276332400283],[-73.9877743532096,40.727511283655],[-73.9877760119987,40.7275090064439],[-73.987802721436,40.7275202656381],[-73.9879110529991,40.7275659319653],[-73.9880867491522,40.7276399946241],[-73.9881277911387,40.727657294938],[-73.9881484287265,40.7276659941792],[-73.9880579403805,40.7277902289541],[-73.9879878061285,40.7277606642551],[-73.9877960350609,40.7276798252153]]]},"properties":{"OBJECTID":1052352,"BASE_BBL":"1004480005","BIN":1006265,"CONSTRUCTION_YEAR":1892,"DOITT_ID":248507,"FEATURE_CODE":2100,"GEOM_SOURCE":"Photogrammetric","GROUND_ELEVATION":34,"HEIGHT_ROOF":58.51,"LAST_EDITED_DATE":1580232282000,"LAST_STATUS_TYPE":"Constructed","MAPPLUTO_BBL":"1004480005","NAME":null,"Shape__Area":988.859375,"Shape__Length":136.56849988850172}},{"type":"Feature","id":1052669,"geometry":{"type":"Polygon","coordinates":[[[-73.9862752922653,40.7271189638017],[-73.9863563806481,40.7270076390007],[-73.9864381942887,40.7270421282551],[-73.9863960286493,40.7271000179091],[-73.9863571060005,40.7271534531132],[-73.9862752922653,40.7271189638017]]]},"properties":{"OBJECTID":1052669,"BASE_BBL":"1004480025","BIN":1006281,"CONSTRUCTION_YEAR":1852,"DOITT_ID":722200,"FEATURE_CODE":2100,"GEOM_SOURCE":"Photogrammetric","GROUND_ELEVATION":28,"HEIGHT_ROOF":45.23,"LAST_EDITED_DATE":1580232286000,"LAST_STATUS_TYPE":"Constructed","MAPPLUTO_BBL":"1004480025","NAME":null,"Shape__Area":194.6640625,"Shape__Length":58.20107310710196}},{"type":"Feature","id":1052739,"geometry":{"type":"Polygon","coordinates":[[[-73.9869176279212,40.7273759699928],[-73.9869428677084,40.7273413194693],[-73.9869619319692,40.7273375764122],[-73.9869806963177,40.727311813171],[-73.9869900231218,40.7273157449469],[-73.9870091627864,40.7272894693538],[-73.9869998359848,40.7272855375795],[-73.9870178887092,40.7272607522046],[-73.9870131641136,40.7272448081596],[-73.9870450011394,40.7272010992361],[-73.9871229509062,40.7272339585475],[-73.9870911139158,40.7272776674924],[-73.9870715616127,40.7272833781283],[-73.9870535089023,40.7273081635116],[-73.9870422599211,40.7273034219671],[-73.9870231214492,40.7273296975657],[-73.9870343692497,40.727334439112],[-73.9870323362897,40.727337230461],[-73.9870156049157,40.7273602023618],[-73.9870208164051,40.7273741788491],[-73.9869983922471,40.7274049656231],[-73.9869879018211,40.7274193689804],[-73.9869549052466,40.7274054595876],[-73.9869099519043,40.727386508678],[-73.9869176279212,40.7273759699928]]]},"properties":{"OBJECTID":1052739,"BASE_BBL":"1004480017","BIN":1006274,"CONSTRUCTION_YEAR":1897,"DOITT_ID":50764,"FEATURE_CODE":2100,"GEOM_SOURCE":"Photogrammetric","GROUND_ELEVATION":30,"HEIGHT_ROOF":65.65,"LAST_EDITED_DATE":1580231840000,"LAST_STATUS_TYPE":"Constructed","MAPPLUTO_BBL":"1004480017","NAME":null,"Shape__Area":252.375,"Shape__Length":89.77152167375897}},{"type":"Feature","id":1052745,"geometry":{"type":"Polygon","coordinates":[[[-73.9864489887892,40.7275934409564],[-73.9864570414494,40.7275822737912],[-73.9865013730657,40.7275207949437],[-73.9865296987958,40.7274815117544],[-73.9865593364038,40.7274404087823],[-73.9866386450565,40.7274735063134],[-73.9865977958481,40.7275301579908],[-73.9865797404762,40.7275551963416],[-73.9865670345726,40.7275728178212],[-73.9865282975692,40.7276265385628],[-73.9864489887892,40.7275934409564]]]},"properties":{"OBJECTID":1052745,"BASE_BBL":"1004490046","BIN":1006348,"CONSTRUCTION_YEAR":1842,"DOITT_ID":594185,"FEATURE_CODE":2100,"GEOM_SOURCE":"Photogrammetric","GROUND_ELEVATION":28,"HEIGHT_ROOF":58.54,"LAST_EDITED_DATE":1580231748000,"LAST_STATUS_TYPE":"Constructed","MAPPLUTO_BBL":"1004490046","NAME":null,"Shape__Area":258.18359375,"Shape__Length":71.39123586490871}},{"type":"Feature","id":1053041,"geometry":{"type":"Polygon","coordinates":[[[-73.9868970017181,40.7278344897107],[-73.9869231404397,40.7277982399922],[-73.9869292322877,40.7277897912082],[-73.9869471893681,40.7277827629713],[-73.9869591693998,40.7277661490377],[-73.9869607962587,40.7277638934469],[-73.9869740008407,40.7277623739816],[-73.9869859642858,40.7277457825559],[-73.9869820685544,40.7277343924783],[-73.9870106960192,40.7276946904693],[-73.9870104046804,40.7276772205624],[-73.9870464666085,40.7276272085547],[-73.9871225006689,40.7276589393111],[-73.9871221004681,40.7276594957809],[-73.9871078033571,40.7276793233889],[-73.9870864399646,40.7277089504421],[-73.9870676810641,40.7277184712194],[-73.9870549776265,40.7277360891507],[-73.9870418213646,40.7277387351675],[-73.9870168205835,40.7277734082504],[-73.9870177813449,40.7277876742216],[-73.9870041756493,40.7278065437528],[-73.9870052676617,40.727821521141],[-73.9869906863137,40.7278417422243],[-73.9869730371276,40.7278662205651],[-73.9868970017181,40.7278344897107]]]},"properties":{"OBJECTID":1053041,"BASE_BBL":"1004490052","BIN":1006354,"CONSTRUCTION_YEAR":1897,"DOITT_ID":825714,"FEATURE_CODE":2100,"GEOM_SOURCE":"Photogrammetric","GROUND_ELEVATION":30,"HEIGHT_ROOF":68.61,"LAST_EDITED_DATE":1580232378000,"LAST_STATUS_TYPE":"Constructed","MAPPLUTO_BBL":"1004490052","NAME":null,"Shape__Area":282.12109375,"Shape__Length":91.88902980463305}},{"type":"Feature","id":1053072,"geometry":{"type":"Polygon","coordinates":[[[-73.9866727494708,40.727286515067],[-73.9867064717076,40.727240217492],[-73.9867228761123,40.7272368019527],[-73.9867416417084,40.7272110387503],[-73.9867524077432,40.7272155776542],[-73.9867715474729,40.7271893011997],[-73.9867607814409,40.727184763198],[-73.9867788342267,40.7271599787608],[-73.9867759620299,40.7271448138589],[-73.986806602119,40.7271027491928],[-73.9868878089222,40.7271369823131],[-73.9868571700521,40.7271790479013],[-73.9868369478395,40.7271844765617],[-73.9868188950687,40.727209261008],[-73.9868034325004,40.7272027431539],[-73.9867842927794,40.7272290196136],[-73.9867997553519,40.7272355374703],[-73.9867809897715,40.7272612997816],[-73.9867876786269,40.7272744506824],[-73.9867539564289,40.7273207491814],[-73.9866727494708,40.727286515067]]]},"properties":{"OBJECTID":1053072,"BASE_BBL":"1004480020","BIN":1006277,"CONSTRUCTION_YEAR":1897,"DOITT_ID":437913,"FEATURE_CODE":2100,"GEOM_SOURCE":"Photogrammetric","GROUND_ELEVATION":29,"HEIGHT_ROOF":64.73,"LAST_EDITED_DATE":1580232100000,"LAST_STATUS_TYPE":"Constructed","MAPPLUTO_BBL":"1004480020","NAME":null,"Shape__Area":261.71484375,"Shape__Length":91.4059576363535}},{"type":"Feature","id":1053531,"geometry":{"type":"Polygon","coordinates":[[[-73.9867539564289,40.7273207491814],[-73.9867876786269,40.7272744506824],[-73.9868033432842,40.7272707234705],[-73.9868221088588,40.7272449602551],[-73.9868335022136,40.7272497639729],[-73.9868526419213,40.727223487505],[-73.9868412473856,40.7272186846896],[-73.9868593013345,40.7271938993394],[-73.9868571700521,40.7271790479013],[-73.9868878089222,40.7271369823131],[-73.9869648791202,40.7271694715224],[-73.9869342391,40.7272115371307],[-73.9869152359944,40.7272174792334],[-73.9868971832438,40.7272422636918],[-73.9868820201116,40.7272358719537],[-73.986862880412,40.7272621484264],[-73.9868780447321,40.7272685401671],[-73.9868592791725,40.7272943033916],[-73.986864748935,40.7273069399581],[-73.9868387028,40.7273426988989],[-73.9868310267744,40.727353237579],[-73.9867539564289,40.7273207491814]]]},"properties":{"OBJECTID":1053531,"BASE_BBL":"1004480019","BIN":1006276,"CONSTRUCTION_YEAR":1897,"DOITT_ID":345043,"FEATURE_CODE":2100,"GEOM_SOURCE":"Photogrammetric","GROUND_ELEVATION":29,"HEIGHT_ROOF":65.76,"LAST_EDITED_DATE":1580232101000,"LAST_STATUS_TYPE":"Constructed","MAPPLUTO_BBL":"1004480019","NAME":null,"Shape__Area":248.89453125,"Shape__Length":90.09757445270712}},{"type":"Feature","id":1053536,"geometry":{"type":"Polygon","coordinates":[[[-73.9863866499146,40.7273970298914],[-73.9864090862566,40.727365914552],[-73.9864866678687,40.7273982915771],[-73.9865658722781,40.7274313450213],[-73.9865593364038,40.7274404087823],[-73.9865296987958,40.7274815117544],[-73.9865126947636,40.7274879051792],[-73.9864944144036,40.7275132568676],[-73.9864900883257,40.7275114517402],[-73.9864900611038,40.7275114355278],[-73.98647828423,40.7275065254712],[-73.9864577648332,40.7275349818458],[-73.9864738950116,40.7275417132451],[-73.9864557910442,40.7275668200095],[-73.9864570414494,40.7275822737912],[-73.9864489887892,40.7275934409564],[-73.9864222211636,40.7276305621869],[-73.9863430165889,40.7275975077442],[-73.986270892416,40.7275674086612],[-73.9862654348145,40.7275651315238],[-73.9862661049836,40.7275642031789],[-73.9863002551797,40.727516843175],[-73.9863198906875,40.7275101060998],[-73.9863379946909,40.7274849984561],[-73.9863517505353,40.7274907399314],[-73.9863722699638,40.7274622835756],[-73.9863585141232,40.7274565430031],[-73.9863767945194,40.7274311913361],[-73.9863729126917,40.7274160812363],[-73.9863737036301,40.7274149845099],[-73.9863805580339,40.7274054786471],[-73.9863866499146,40.7273970298914]],[[-73.9864288283695,40.7274631970668],[-73.9864162526877,40.7274806384434],[-73.9864028365339,40.7274750401968],[-73.9863823182985,40.7275034956578],[-73.9863957332726,40.7275090939066],[-73.9863776292844,40.7275342015593],[-73.9863778369147,40.7275492193723],[-73.9863954318887,40.7275416310619],[-73.9864135358721,40.7275165243069],[-73.9864264016588,40.7275218928575],[-73.9864469198812,40.7274934364883],[-73.986434055282,40.72748806794],[-73.9864431723829,40.7274754249668],[-73.9864523356581,40.7274627162611],[-73.9864504943449,40.727448457385],[-73.9864345318847,40.7274552867672],[-73.9864288283695,40.7274631970668]]]},"properties":{"OBJECTID":1053536,"BASE_BBL":"1004490044","BIN":1006347,"CONSTRUCTION_YEAR":1897,"DOITT_ID":177966,"FEATURE_CODE":2100,"GEOM_SOURCE":"Photogrammetric","GROUND_ELEVATION":28,"HEIGHT_ROOF":66.25,"LAST_EDITED_DATE":1580231837000,"LAST_STATUS_TYPE":"Constructed","MAPPLUTO_BBL":"1004490044","NAME":null,"Shape__Area":556.5078125,"Shape__Length":157.5798107396945}},{"type":"Feature","id":1053935,"geometry":{"type":"Polygon","coordinates":[[[-73.9861612672164,40.7274237814656],[-73.9862438838063,40.7273092096964],[-73.9862727979755,40.7273212763652],[-73.9863255486962,40.7273432901806],[-73.9863098956899,40.7273649986927],[-73.9863026742276,40.7273750141958],[-73.9862792029808,40.7274075630014],[-73.9862652928549,40.7274268538482],[-73.9862429322043,40.7274578629083],[-73.9862382356692,40.7274559028396],[-73.9862037515597,40.7275037256471],[-73.9861499840378,40.7274812875145],[-73.9861844681745,40.7274334638224],[-73.9861612672164,40.7274237814656]]]},"properties":{"OBJECTID":1053935,"BASE_BBL":"1004490042","BIN":1006345,"CONSTRUCTION_YEAR":1846,"DOITT_ID":178767,"FEATURE_CODE":2100,"GEOM_SOURCE":"Photogrammetric","GROUND_ELEVATION":28,"HEIGHT_ROOF":57,"LAST_EDITED_DATE":1580232241000,"LAST_STATUS_TYPE":"Constructed","MAPPLUTO_BBL":"1004490042","NAME":null,"Shape__Area":253.75,"Shape__Length":75.12486553748926}},{"type":"Feature","id":1053988,"geometry":{"type":"Polygon","coordinates":[[[-73.9874619506566,40.7276192030857],[-73.9874847796046,40.7275878606522],[-73.9874932270523,40.7275914221823],[-73.987522372673,40.727551407625],[-73.9875188341365,40.7275411072198],[-73.987534425181,40.7275197011082],[-73.9875593141856,40.7275301920276],[-73.9875820542565,40.7274989729346],[-73.9875674330944,40.7274928100746],[-73.9875839997343,40.7274700650046],[-73.9875792221457,40.7274581984824],[-73.9876154456437,40.7274084663708],[-73.9876933592423,40.7274413099825],[-73.9876733921838,40.7274687238435],[-73.9876571357844,40.7274910430189],[-73.9876433827461,40.7274950983372],[-73.9876268173042,40.7275178425153],[-73.987612275436,40.7275117129884],[-73.9875895365587,40.7275429320874],[-73.9876123388698,40.7275525447742],[-73.9875967466588,40.7275739508962],[-73.9875835773159,40.7275772075186],[-73.9875544317206,40.7276172220912],[-73.9875626933484,40.727620705252],[-73.9875398632422,40.7276520468002],[-73.9874619506566,40.7276192030857]]]},"properties":{"OBJECTID":1053988,"BASE_BBL":"1004480010","BIN":1006267,"CONSTRUCTION_YEAR":1893,"DOITT_ID":408482,"FEATURE_CODE":2100,"GEOM_SOURCE":"Photogrammetric","GROUND_ELEVATION":32,"HEIGHT_ROOF":56.85,"LAST_EDITED_DATE":1580231939000,"LAST_STATUS_TYPE":"Constructed","MAPPLUTO_BBL":"1004480010","NAME":null,"Shape__Area":293.10546875,"Shape__Length":104.26500450696842}},{"type":"Feature","id":1054184,"geometry":{"type":"Polygon","coordinates":[[[-73.9852926193984,40.7267035259175],[-73.9854092315009,40.726543212309],[-73.9854370077435,40.7265549062341],[-73.9854565409125,40.7265280528192],[-73.9854959257082,40.7265446334574],[-73.9854633064974,40.7265894783003],[-73.9854478405439,40.7265943093795],[-73.9853903858947,40.7266732956641],[-73.9853928415589,40.7266863515564],[-73.9853597817434,40.7267318005549],[-73.9852926193984,40.7267035259175]]]},"properties":{"OBJECTID":1054184,"BASE_BBL":"1004340011","BIN":1005777,"CONSTRUCTION_YEAR":1896,"DOITT_ID":27497,"FEATURE_CODE":2100,"GEOM_SOURCE":"Photogrammetric","GROUND_ELEVATION":23,"HEIGHT_ROOF":59.04,"LAST_EDITED_DATE":1580231798000,"LAST_STATUS_TYPE":"Constructed","MAPPLUTO_BBL":"1004340011","NAME":null,"Shape__Area":235.38671875,"Shape__Length":80.69214919118878}},{"type":"Feature","id":1054301,"geometry":{"type":"Polygon","coordinates":[[[-73.9867453529655,40.7277509159324],[-73.9867679763365,40.7277195421],[-73.9867898320204,40.7277151996532],[-73.9868051226381,40.7276939944199],[-73.9868145654188,40.7276922962409],[-73.9868417188452,40.7276546391608],[-73.9868396727205,40.7276460786887],[-73.9868553054913,40.7276243998199],[-73.986852113979,40.7276135987509],[-73.9868512930342,40.727610820587],[-73.9868759990167,40.7275765581377],[-73.9868869749722,40.7275613362836],[-73.9868873550456,40.7275608095291],[-73.9869649607893,40.7275931952389],[-73.9869288988186,40.7276432063208],[-73.9869130017709,40.7276484769955],[-73.9868983138699,40.727668845739],[-73.9868791941285,40.72769536085],[-73.98686853334,40.7276909120212],[-73.9868521569851,40.7277136218895],[-73.9868628189598,40.7277180716205],[-73.9868475271712,40.7277392768612],[-73.986849365032,40.7277535069137],[-73.9868416344744,40.7277642265899],[-73.986816439398,40.7277991670582],[-73.9867350518473,40.7277652022215],[-73.9867453529655,40.7277509159324]]]},"properties":{"OBJECTID":1054301,"BASE_BBL":"1004490050","BIN":1006352,"CONSTRUCTION_YEAR":1898,"DOITT_ID":400591,"FEATURE_CODE":2100,"GEOM_SOURCE":"Photogrammetric","GROUND_ELEVATION":30,"HEIGHT_ROOF":70.62,"LAST_EDITED_DATE":1580232016000,"LAST_STATUS_TYPE":"Constructed","MAPPLUTO_BBL":"1004490050","NAME":null,"Shape__Area":290.6484375,"Shape__Length":94.57620204146066}},{"type":"Feature","id":1054778,"geometry":{"type":"Polygon","coordinates":[[[-73.983914645485,40.7264679197961],[-73.9840028983581,40.7263465470601],[-73.9840841335869,40.7263807335381],[-73.9839958820002,40.7265021063359],[-73.9839721064897,40.7264921010746],[-73.9839104656258,40.7265768754124],[-73.9838747940572,40.7265618634388],[-73.9839364361361,40.7264770900206],[-73.983914645485,40.7264679197961]]]},"properties":{"OBJECTID":1054778,"BASE_BBL":"1004350039","BIN":1005845,"CONSTRUCTION_YEAR":1861,"DOITT_ID":687565,"FEATURE_CODE":2100,"GEOM_SOURCE":"Photogrammetric","GROUND_ELEVATION":20,"HEIGHT_ROOF":51.8,"LAST_EDITED_DATE":1580232284000,"LAST_STATUS_TYPE":"Constructed","MAPPLUTO_BBL":"1004350039","NAME":null,"Shape__Area":275.13671875,"Shape__Length":89.83649967491138}},{"type":"Feature","id":1054831,"geometry":{"type":"Polygon","coordinates":[[[-73.9872357140308,40.7275045956697],[-73.98731527035,40.7273953718175],[-73.9873628679966,40.7274154367887],[-73.9873696831687,40.7274060803472],[-73.9873607590331,40.7273883753612],[-73.9874011314265,40.7273329462512],[-73.987449002468,40.727353126482],[-73.987421039716,40.7273915175332],[-73.9873762438341,40.7274530191977],[-73.9873606515704,40.7274744261884],[-73.9873392955166,40.7275037462166],[-73.9873144892235,40.7275378025379],[-73.9872357140308,40.7275045956697]]]},"properties":{"OBJECTID":1054831,"BASE_BBL":"1004480013","BIN":1006270,"CONSTRUCTION_YEAR":1840,"DOITT_ID":564536,"FEATURE_CODE":2100,"GEOM_SOURCE":"Photogrammetric","GROUND_ELEVATION":29,"HEIGHT_ROOF":59.56,"LAST_EDITED_DATE":1580231743000,"LAST_STATUS_TYPE":"Constructed","MAPPLUTO_BBL":"1004480013","NAME":null,"Shape__Area":255.859375,"Shape__Length":85.16218496942554}},{"type":"Feature","id":1055319,"geometry":{"type":"Polygon","coordinates":[[[-73.9862652928549,40.7274268538482],[-73.9862792029808,40.7274075630014],[-73.9862887191416,40.7274115335784],[-73.9863081433352,40.7273845953614],[-73.9863194106627,40.7273689692671],[-73.9863098956899,40.7273649986927],[-73.9863255486962,40.7273432901806],[-73.986332332057,40.7273338833681],[-73.9864090862566,40.727365914552],[-73.9863866499146,40.7273970298914],[-73.9863758069321,40.7273925044519],[-73.986364277941,40.7274084934259],[-73.9863451142523,40.727435068778],[-73.9863559572398,40.7274395942204],[-73.986338016653,40.7274644758587],[-73.9863248133256,40.7274658664785],[-73.9862618198614,40.7275532263638],[-73.986203487121,40.7275288822346],[-73.9862669518878,40.7274408686676],[-73.9862652928549,40.7274268538482]]]},"properties":{"OBJECTID":1055319,"BASE_BBL":"1004490043","BIN":1006346,"CONSTRUCTION_YEAR":1899,"DOITT_ID":712366,"FEATURE_CODE":2100,"GEOM_SOURCE":"Photogrammetric","GROUND_ELEVATION":27,"HEIGHT_ROOF":69.16,"LAST_EDITED_DATE":1580231918000,"LAST_STATUS_TYPE":"Constructed","MAPPLUTO_BBL":"1004490043","NAME":null,"Shape__Area":257.91796875,"Shape__Length":87.31060303276801}},{"type":"Feature","id":1056483,"geometry":{"type":"Polygon","coordinates":[[[-73.9849425637141,40.7267626081073],[-73.9849154854283,40.7267998496195],[-73.9848949040638,40.7268281553252],[-73.9848801080152,40.7268485039883],[-73.9848713423939,40.7268605597531],[-73.9848568956067,40.7268544803186],[-73.9848185544051,40.726907212684],[-73.9847687138104,40.7268862386498],[-73.9848782764251,40.7267355546945],[-73.9849425637141,40.7267626081073]]]},"properties":{"OBJECTID":1056483,"BASE_BBL":"1004350052","BIN":1005852,"CONSTRUCTION_YEAR":1848,"DOITT_ID":417655,"FEATURE_CODE":2100,"GEOM_SOURCE":"Photogrammetric","GROUND_ELEVATION":22,"HEIGHT_ROOF":40.9,"LAST_EDITED_DATE":1580232067000,"LAST_STATUS_TYPE":"Constructed","MAPPLUTO_BBL":"1004350052","NAME":null,"Shape__Area":190.60546875,"Shape__Length":66.91591831556455}},{"type":"Feature","id":1056853,"geometry":{"type":"Polygon","coordinates":[[[-73.9815817569599,40.7278260431418],[-73.9816587144187,40.7277197287281],[-73.9817417657639,40.7277545222835],[-73.9816668404192,40.7278580283882],[-73.9816648083974,40.7278608367521],[-73.9815817569599,40.7278260431418]]]},"properties":{"OBJECTID":1056853,"BASE_BBL":"1004040055","BIN":1005160,"CONSTRUCTION_YEAR":1844,"DOITT_ID":836865,"FEATURE_CODE":2100,"GEOM_SOURCE":"Photogrammetric","GROUND_ELEVATION":15,"HEIGHT_ROOF":56.38,"LAST_EDITED_DATE":1580232101000,"LAST_STATUS_TYPE":"Constructed","MAPPLUTO_BBL":"1004040055","NAME":null,"Shape__Area":188.1640625,"Shape__Length":56.75274011911873}},{"type":"Feature","id":1060247,"geometry":{"type":"Polygon","coordinates":[[[-73.9841228097127,40.7280934377122],[-73.9841406589354,40.7280686851813],[-73.9841601338576,40.7280768122531],[-73.9842039871765,40.7280159979031],[-73.9842920954008,40.7280527678285],[-73.9842894394595,40.7280564514482],[-73.9844058086087,40.7281050146009],[-73.9844084645456,40.7281013309784],[-73.9844508066795,40.7281190010861],[-73.9844481507442,40.7281226847094],[-73.9845650539295,40.7281714710991],[-73.9845682498087,40.7281670383219],[-73.9846267849069,40.7281914661512],[-73.9846560992244,40.7282036998722],[-73.984617149544,40.7282577144045],[-73.9846213537084,40.7282594682568],[-73.9845905778051,40.7283021491654],[-73.9845863736389,40.7283003944114],[-73.9845479401133,40.7283536939847],[-73.9845331285438,40.7283777986194],[-73.9844399577277,40.7283581297608],[-73.9842763319894,40.7282830555237],[-73.9843046499314,40.7282435774741],[-73.9841436766423,40.7281763990708],[-73.9841011274235,40.7281586423729],[-73.9841422846397,40.7281015656875],[-73.9841228097127,40.7280934377122]]]},"properties":{"OBJECTID":1060247,"BASE_BBL":"1004370001","BIN":1005894,"CONSTRUCTION_YEAR":1920,"DOITT_ID":835074,"FEATURE_CODE":2100,"GEOM_SOURCE":"Other (Manual)","GROUND_ELEVATION":25,"HEIGHT_ROOF":76,"LAST_EDITED_DATE":1535399785000,"LAST_STATUS_TYPE":"Alteration","MAPPLUTO_BBL":"1004370001","NAME":null,"Shape__Area":1581.8984375,"Shape__Length":183.41474425960595}},{"type":"Feature","id":1060449,"geometry":{"type":"Polygon","coordinates":[[[-73.9835127918235,40.7295983030695],[-73.9836175433677,40.729642481668],[-73.9835750219477,40.7297008276767],[-73.9835062251678,40.7296718124583],[-73.9834028442821,40.7296282111824],[-73.9833727352691,40.729616006747],[-73.9833806335367,40.7296051693638],[-73.9832869655956,40.7295656648984],[-73.9833218624556,40.7295177800017],[-73.9834453646224,40.729569866137],[-73.9835127918235,40.7295983030695]]]},"properties":{"OBJECTID":1060449,"BASE_BBL":"1004390005","BIN":1005969,"CONSTRUCTION_YEAR":1900,"DOITT_ID":452247,"FEATURE_CODE":2100,"GEOM_SOURCE":"Other (Manual)","GROUND_ELEVATION":23,"HEIGHT_ROOF":53,"LAST_EDITED_DATE":1503422894000,"LAST_STATUS_TYPE":"Constructed","MAPPLUTO_BBL":"1004390005","NAME":null,"Shape__Area":347.984375,"Shape__Length":94.98412731114485}},{"type":"Feature","id":1061248,"geometry":{"type":"Polygon","coordinates":[[[-73.9848403742461,40.7263312418306],[-73.9848787233822,40.7262785211615],[-73.9848984425914,40.7262514121201],[-73.9849752220147,40.7262837333315],[-73.9849374957633,40.7263355986304],[-73.9849171537326,40.7263635657818],[-73.9848403742461,40.7263312418306]]]},"properties":{"OBJECTID":1061248,"BASE_BBL":"1004340046","BIN":1088381,"CONSTRUCTION_YEAR":1920,"DOITT_ID":1010429,"FEATURE_CODE":2100,"GEOM_SOURCE":"Other (Manual)","GROUND_ELEVATION":21,"HEIGHT_ROOF":16,"LAST_EDITED_DATE":1503424704000,"LAST_STATUS_TYPE":"Constructed","MAPPLUTO_BBL":"1004340046","NAME":null,"Shape__Area":130.92578125,"Shape__Length":46.33480264617836}},{"type":"Feature","id":1065045,"geometry":{"type":"Polygon","coordinates":[[[-73.9840248579837,40.7285149929049],[-73.9840628799483,40.728462266174],[-73.9841075243314,40.7284808975686],[-73.9841618932442,40.7285035861755],[-73.9841238713343,40.7285563129387],[-73.9840695023915,40.728533624314],[-73.9840248579837,40.7285149929049]]]},"properties":{"OBJECTID":1065045,"BASE_BBL":"1004370108","BIN":1084901,"CONSTRUCTION_YEAR":1890,"DOITT_ID":803436,"FEATURE_CODE":2100,"GEOM_SOURCE":"Other (Manual)","GROUND_ELEVATION":22,"HEIGHT_ROOF":35,"LAST_EDITED_DATE":1503423653000,"LAST_STATUS_TYPE":"Constructed","MAPPLUTO_BBL":"1004370108","NAME":null,"Shape__Area":111.0546875,"Shape__Length":42.81858101178608}},{"type":"Feature","id":1066340,"geometry":{"type":"Polygon","coordinates":[[[-73.9866336699901,40.7280458431171],[-73.9866629466518,40.7280052416631],[-73.9866897237662,40.727968106872],[-73.9867070652322,40.7279440580822],[-73.9867345479852,40.7279059427075],[-73.9867418047243,40.7279089710542],[-73.9867940018518,40.7278365842366],[-73.9868362793511,40.7278542273455],[-73.9868270651819,40.7278670054144],[-73.986857250901,40.7278796024807],[-73.9869374218966,40.7279130592054],[-73.9869226688226,40.7279335197958],[-73.986885679535,40.7279848166833],[-73.9867935612791,40.7281125676618],[-73.9867133889319,40.7280791108376],[-73.986643482167,40.728049937969],[-73.9866336699901,40.7280458431171]]]},"properties":{"OBJECTID":1066340,"BASE_BBL":"1004490017","BIN":1087709,"CONSTRUCTION_YEAR":2005,"DOITT_ID":596457,"FEATURE_CODE":2100,"GEOM_SOURCE":"Other (Manual)","GROUND_ELEVATION":30,"HEIGHT_ROOF":77,"LAST_EDITED_DATE":1503423693000,"LAST_STATUS_TYPE":"Constructed","MAPPLUTO_BBL":"1004490017","NAME":null,"Shape__Area":680.88671875,"Shape__Length":111.71061408634905}},{"type":"Feature","id":1068849,"geometry":{"type":"Polygon","coordinates":[[[-73.9854572143958,40.7267235183106],[-73.9854943898813,40.7266724101029],[-73.9855254837748,40.7266855002133],[-73.9856865553336,40.7267533088684],[-73.9857113455264,40.726763745245],[-73.9856741701563,40.7268148535222],[-73.9856105749197,40.7267880806628],[-73.9854572143958,40.7267235183106]]]},"properties":{"OBJECTID":1068849,"BASE_BBL":"1004340008","BIN":1005775,"CONSTRUCTION_YEAR":1900,"DOITT_ID":809059,"FEATURE_CODE":2100,"GEOM_SOURCE":"Other (Manual)","GROUND_ELEVATION":23,"HEIGHT_ROOF":58,"LAST_EDITED_DATE":1503428921000,"LAST_STATUS_TYPE":"Constructed","MAPPLUTO_BBL":"1004340008","NAME":null,"Shape__Area":236.82421875,"Shape__Length":72.40038535996561}},{"type":"Feature","id":1069022,"geometry":{"type":"Polygon","coordinates":[[[-73.9845411694578,40.7269492376617],[-73.9844498421092,40.7269108051469],[-73.9844888277399,40.7268571886912],[-73.9845939401874,40.7269014222987],[-73.9845549546154,40.7269550387897],[-73.9845411694578,40.7269492376617]]]},"properties":{"OBJECTID":1069022,"BASE_BBL":"1004350016","BIN":1088382,"CONSTRUCTION_YEAR":1920,"DOITT_ID":1007417,"FEATURE_CODE":2100,"GEOM_SOURCE":"Other (Manual)","GROUND_ELEVATION":21,"HEIGHT_ROOF":13,"LAST_EDITED_DATE":1503428785000,"LAST_STATUS_TYPE":"Constructed","MAPPLUTO_BBL":"1004350016","NAME":null,"Shape__Area":120.34765625,"Shape__Length":44.753031608629406}},{"type":"Feature","id":1072273,"geometry":{"type":"Polygon","coordinates":[[[-73.9832160350811,40.7297940434083],[-73.983264014637,40.7297282060936],[-73.9833157814386,40.7297500392345],[-73.983316783231,40.7297486652033],[-73.983408474799,40.7297873354877],[-73.9834876437421,40.7298207251219],[-73.9834413529409,40.7298842439619],[-73.9834386625486,40.7298879365613],[-73.9834376505504,40.7298875095746],[-73.983311903654,40.7298344766735],[-73.9832678007346,40.72981587567],[-73.9832160350811,40.7297940434083]]]},"properties":{"OBJECTID":1072273,"BASE_BBL":"1004390008","BIN":1005972,"CONSTRUCTION_YEAR":1900,"DOITT_ID":809255,"FEATURE_CODE":2100,"GEOM_SOURCE":"Other (Manual)","GROUND_ELEVATION":22,"HEIGHT_ROOF":54,"LAST_EDITED_DATE":1503423023000,"LAST_STATUS_TYPE":"Constructed","MAPPLUTO_BBL":"1004390008","NAME":null,"Shape__Area":318.3671875,"Shape__Length":79.28257672842712}},{"type":"Feature","id":1080195,"geometry":{"type":"Polygon","coordinates":[[[-73.984858343279,40.7288656690973],[-73.9848636918592,40.7288582991356],[-73.9849372504067,40.7287569403013],[-73.9849407067838,40.728752177962],[-73.9850526354382,40.7287991864977],[-73.984970272066,40.7289126777122],[-73.9848740321191,40.7288722583809],[-73.984858343279,40.7288656690973]]]},"properties":{"OBJECTID":1080195,"BASE_BBL":"1004510030","BIN":1085794,"CONSTRUCTION_YEAR":1999,"DOITT_ID":913242,"FEATURE_CODE":2100,"GEOM_SOURCE":"Other (Manual)","GROUND_ELEVATION":25,"HEIGHT_ROOF":168,"LAST_EDITED_DATE":1548369331000,"LAST_STATUS_TYPE":"Constructed","MAPPLUTO_BBL":"1004517502","NAME":null,"Shape__Area":271.03125,"Shape__Length":66.54368499665337}},{"type":"Feature","id":1081927,"geometry":{"type":"Polygon","coordinates":[[[-73.984970272066,40.7289126777122],[-73.9850526354382,40.7287991864977],[-73.9850769294889,40.7287657114311],[-73.985162854175,40.7288017996185],[-73.9851170262322,40.7288649472902],[-73.9851363523586,40.7288730633706],[-73.9851065723871,40.7289140975114],[-73.9850404625392,40.7288863316592],[-73.985009411966,40.728929116199],[-73.984970272066,40.7289126777122]]]},"properties":{"OBJECTID":1081927,"BASE_BBL":"1004510028","BIN":1085793,"CONSTRUCTION_YEAR":1999,"DOITT_ID":913192,"FEATURE_CODE":2100,"GEOM_SOURCE":"Other (Manual)","GROUND_ELEVATION":25,"HEIGHT_ROOF":138,"LAST_EDITED_DATE":1548369330000,"LAST_STATUS_TYPE":"Constructed","MAPPLUTO_BBL":"1004517502","NAME":null,"Shape__Area":243.65234375,"Shape__Length":76.06788203375508}},{"type":"Feature","id":1082591,"geometry":{"type":"Polygon","coordinates":[[[-73.9853518964624,40.7269827948445],[-73.9853078445622,40.726964257657],[-73.9853460149056,40.7269117610408],[-73.9853900667817,40.7269302982138],[-73.9854067127373,40.7269373026828],[-73.9855473513177,40.7269964847639],[-73.9855091810842,40.7270489823468],[-73.9853518964624,40.7269827948445]]]},"properties":{"OBJECTID":1082591,"BASE_BBL":"1004350001","BIN":1005814,"CONSTRUCTION_YEAR":1853,"DOITT_ID":320701,"FEATURE_CODE":2100,"GEOM_SOURCE":"Other (Manual)","GROUND_ELEVATION":24,"HEIGHT_ROOF":54,"LAST_EDITED_DATE":1580231942000,"LAST_STATUS_TYPE":"Constructed","MAPPLUTO_BBL":"1004350001","NAME":null,"Shape__Area":225.71875,"Shape__Length":68.8816796064888}},{"type":"Feature","id":1089267,"geometry":{"type":"Polygon","coordinates":[[[-73.9819130249117,40.7297567852317],[-73.9819646168038,40.729688525756],[-73.9820410910084,40.7297207831234],[-73.9820058201034,40.7297691799619],[-73.981991793436,40.7297884261434],[-73.9819153168091,40.7297561723452],[-73.9819144381429,40.7297573779884],[-73.9819130249117,40.7297567852317]]]},"properties":{"OBJECTID":1089267,"BASE_BBL":"1004400043","BIN":1091064,"CONSTRUCTION_YEAR":1900,"DOITT_ID":1302857,"FEATURE_CODE":2100,"GEOM_SOURCE":null,"GROUND_ELEVATION":18,"HEIGHT_ROOF":59,"LAST_EDITED_DATE":1733769412000,"LAST_STATUS_TYPE":null,"MAPPLUTO_BBL":"1004407503","NAME":null,"Shape__Area":111.64453125,"Shape__Length":42.77504617581719}}]}